RecordID,FullName,Phone,ZodiacSign,FavoriteColor,Hobby,DateTime,Temperature,Temperature_F,Humidity,IsHoliday,DayOfWeek,Hour,Month,PreviousDemand,Season,Country,EnergyDemand,PeakHourFlag
REC00001,Elena Smith,3223816476.0,Libra,Purple,Travel,01/01/2023 00:00,23.628069700435738,74.53052546078433,70.96500940178223,0,1,6.0,2,,Winter,Colombia,845.6205155570924,0
REC00002,David Anderson,3554367178.0,Scorpio,Gray,Music,01/01/2023 01:00,12.141647725962564,53.854965906732616,68.07652435824679,0,3,19.0,12,951.4633841792767,Winter,Colombia,915.2529346108568,1
REC00003,Elena Moore,3438580972.0,Leo,Purple,Dancing,01/01/2023 02:00,20.47187377271678,68.8493727908902,70.7360136175626,0,5,14.0,3,821.5209324839891,Spring,Colombia,797.2220503468898,0
REC00004,Richard Martinez,3749876519.0,Gemini,Gray,Cooking,01/01/2023 03:00,23.574980006421583,74.43496401155885,95.91542850873677,0,6,10.0,4,859.7448147126818,Spring,Colombia,857.6294070421993,0
REC00005,Michael Garcia,3611289374.0,Virgo,Pink,Hiking,01/01/2023 04:00,17.25960639313788,63.067291507648186,92.77642342554168,0,1,7.0,7,,,Colombia,871.8811882947244,0
REC00006,Laura Martinez,3304674888.0,Leo,Black,Sports,01/01/2023 05:00,21.363710167972567,70.45467830235062,49.69926985495057,0,3,20.0,3,868.0772185574834,Spring,Colombia,898.6490444826692,1
REC00007,John Ramirez,3882047701.0,Scorpio,Gray,Cooking,01/01/2023 06:00,12.298139477723101,54.13665105990158,84.35827489216729,0,5,6.0,9,850.695677228372,Fall,Colombia,844.4848844700879,0
REC00008,Paula Martinez,3409558538.0,Sagittarius,Yellow,Music,01/01/2023 07:00,18.34710976243163,65.02479757237693,65.7475228463835,0,5,18.0,8,,Summer,Colombia,807.3877725701764,0
REC00009,William Johnson,3230879568.0,Sagittarius,Gray,Music,01/01/2023 08:00,24.88172935671378,76.78711284208481,67.48643724206624,0,1,22.0,4,,Spring,Colombia,886.7342762554811,0
REC00010,Isabel Brown,3944946912.0,Pisces,White,Travel,01/01/2023 09:00,21.255783687747474,70.26041063794545,34.61593752535007,0,6,10.0,1,783.1251368005725,Winter,Colombia,806.9400528153059,0
REC00011,Maria Taylor,3525552957.0,Pisces,Blue,Reading,01/01/2023 10:00,15.307749843488516,59.55394971827933,57.44421351917706,0,4,10.0,1,894.1897835894703,Winter,Colombia,903.3976302426033,1
REC00012,Isabel Davis,3232292554.0,Virgo,Blue,Travel,01/01/2023 11:00,,71.22871622178742,47.807646144951526,1,4,23.0,1,879.6239707083042,Winter,Colombia,880.1833589980439,0
REC00013,Isabel Rodriguez,3223838438.0,Cancer,Pink,Gardening,01/01/2023 12:00,25.716878325092942,78.2903809851673,,0,5,20.0,1,969.1781352800575,Winter,Colombia,963.7058436567435,1
REC00014,Isabel Anderson,3556784519.0,Cancer,Purple,Hiking,01/01/2023 13:00,,38.480845588484314,76.06620750604208,0,4,3.0,8,1160.5897629053286,Summer,Colombia,1172.599895613608,1
REC00015,Maria Sanchez,3146435634.0,Sagittarius,Purple,Dancing,01/01/2023 14:00,,84.69066653536493,28.88270473475533,0,0,7.0,3,996.0915933892622,Spring,Colombia,974.7059192613585,1
REC00016,Ana Davis,3092727939.0,Cancer,Black,Reading,01/01/2023 15:00,17.309962090551423,63.15793176299256,59.66947703993594,1,5,23.0,6,914.0846969340209,Summer,Colombia,918.2488020938202,1
REC00017,Paula Martinez,3306195875.0,Scorpio,Purple,Sports,01/01/2023 16:00,23.40391946592184,74.12705503865931,76.82792257191377,0,5,2.0,3,811.7133470997835,Spring,Colombia,827.4677957650939,0
REC00018,Paula Davis,3573442962.0,Sagittarius,Pink,Sports,01/01/2023 17:00,29.57797538916182,85.24035570049128,57.19981556529832,0,3,21.0,11,863.3199209238969,Fall,Colombia,858.7940755790282,0
REC00019,Maria Thomas,3596478231.0,Leo,Gray,Gaming,01/01/2023 18:00,9.026610422156272,48.24789875988129,70.93595467503546,0,4,20.0,5,,Spring,Colombia,942.5063841124652,1
REC00020,David Rodriguez,3295367464.0,Virgo,Black,Reading,01/01/2023 19:00,,57.78404956504333,,0,6,1.0,7,846.1980011688485,Summer,Colombia,839.4947898381461,0
REC00021,Elena Brown,3857961776.0,Gemini,Pink,Reading,01/01/2023 20:00,17.691610432994363,63.84489877938985,65.1249034792894,0,5,23.0,2,810.612123578783,Winter,Colombia,817.8692361262551,0
REC00022,Michael Lopez,3180842961.0,Pisces,Red,Sports,01/01/2023 21:00,13.729971831004573,56.713949295808234,55.93027532897554,0,6,11.0,6,833.4127396281112,Summer,Colombia,863.9619667504853,0
REC00023,Joseph Thomas,3209357536.0,Leo,Green,Cooking,01/01/2023 22:00,33.87949260669447,92.98308669205005,41.751287937964356,0,0,5.0,6,1041.0244896904344,,Colombia,1045.4127361098758,1
REC00024,William Torres,3182158115.0,Leo,Purple,Sports,01/01/2023 23:00,13.145823249385657,55.66248184889418,,0,3,1.0,11,897.627076087801,Fall,Colombia,892.9285135860387,0
REC00025,Ana Ramirez,3652783881.0,Taurus,Yellow,Cooking,02/01/2023 00:00,15.555625764105066,60.000126375389115,70.64028771682976,0,1,20.0,3,894.3912549162038,Spring,Colombia,902.1428727413153,1
REC00026,Elena Martinez,3855030006.0,Capricorn,Blue,Music,02/01/2023 01:00,21.635112252823813,70.94320205508286,60.291873832783246,0,6,0.0,6,765.1930529386648,Summer,Colombia,798.5007457034848,0
REC00027,Isabel Ramirez,3046782086.0,Virgo,Green,Music,02/01/2023 02:00,10.38280379139129,50.689046824504324,57.922316330891626,0,5,11.0,10,1002.9324554296909,Fall,Colombia,1019.9437632197596,1
REC00028,James Lopez,3886034059.0,Sagittarius,Purple,Dancing,02/01/2023 03:00,16.83455430594989,62.3021977507098,53.64164936516471,0,0,21.0,10,797.1527470519198,Fall,Colombia,768.0619778341647,0
REC00029,James Smith,3984263509.0,Aquarius,Orange,Gardening,02/01/2023 04:00,22.539626090001402,72.57132696200253,55.42216731778872,0,2,11.0,5,874.1171744066542,Spring,Colombia,845.4371543320449,0
REC00030,Charles Hernandez,3792369404.0,Libra,Pink,Hiking,02/01/2023 05:00,17.33711676493991,63.206810176891835,75.7036769173221,0,0,16.0,12,908.8187415326012,Winter,Colombia,926.5515249166931,1
REC00031,Paula Gonzalez,3930068954.0,Scorpio,White,Dancing,02/01/2023 06:00,19.252905128800414,66.65522923184075,,0,0,9.0,2,867.0252470614403,Winter,Colombia,853.5701113174518,0
REC00032,Thomas Smith,3520700079.0,Taurus,Gray,Reading,02/01/2023 07:00,15.765343100413034,60.37761758074346,,0,3,15.0,9,858.3795234739057,Fall,Colombia,881.9509791693092,0
REC00033,Laura Hernandez,3899130788.0,Aquarius,Pink,Travel,02/01/2023 08:00,7.884237526553864,46.191627547796955,71.1547766331026,0,1,14.0,8,,Summer,Colombia,1162.4254139081581,1
REC00034,Carmen Ramirez,3095534026.0,Sagittarius,Yellow,Cooking,02/01/2023 09:00,22.57274569071391,72.63094224328503,56.926850042029244,0,2,14.0,3,,Spring,Colombia,803.9548439496797,0
REC00035,David Garcia,3810200995.0,Gemini,Black,Dancing,02/01/2023 10:00,34.03946457317793,93.27103623172027,60.47093798299165,0,4,18.0,8,1196.5098928902923,Summer,Colombia,1177.5170629179618,1
REC00036,John Garcia,3229054011.0,Capricorn,Red,Music,02/01/2023 11:00,,68.26498348328151,,0,4,11.0,9,,Fall,Colombia,916.591958713811,1
REC00037,Sofia Gonzalez,3835718604.0,Leo,Pink,Travel,02/01/2023 12:00,21.802112937980397,71.24380328836472,59.69159163974239,0,6,22.0,3,805.4298415404104,Spring,Colombia,791.8770995019127,0
REC00038,Charles Taylor,3922861407.0,Libra,Pink,Gardening,02/01/2023 13:00,,77.97520767368277,,0,0,19.0,3,930.2987724843462,Spring,Colombia,930.4522537580362,1
REC00039,Charles Gonzalez,3367415549.0,Cancer,Pink,Hiking,02/01/2023 14:00,,49.721640849727535,42.31614763052512,0,3,2.0,2,,Winter,Colombia,915.3944114200588,1
REC00040,Paula Sanchez,3185943559.0,Libra,Green,Travel,02/01/2023 15:00,33.620117265036846,92.51621107706633,56.7049582147356,0,3,4.0,8,1069.0894516092953,Summer,Colombia,1050.7920956473383,1
REC00041,Maria Wilson,3929821574.0,Scorpio,Gray,Dancing,02/01/2023 16:00,21.618630371382416,70.91353466848835,69.14289067812902,0,4,18.0,10,870.6442968501427,Fall,Colombia,869.3286030606478,0
REC00042,Lucia Brown,3339126378.0,Capricorn,Gray,Sports,02/01/2023 17:00,33.05485519271287,91.49873934688317,36.669393992381366,0,6,6.0,1,1075.5699402965586,Winter,Colombia,1087.5865330784768,1
REC00043,Sofia Wilson,3623326378.0,Capricorn,Gray,Gaming,02/01/2023 18:00,14.135736035808085,57.44432486445455,63.01267639673564,0,6,20.0,8,962.0157719024195,Summer,Colombia,946.4218482588296,1
REC00044,Carmen Rodriguez,3093546553.0,Cancer,Orange,Travel,02/01/2023 19:00,34.5444953804626,94.18009168483268,61.5118660896721,0,6,8.0,7,1228.895572297924,Summer,Colombia,1230.0986622860266,1
REC00045,David Gonzalez,3578032976.0,Leo,Green,Dancing,02/01/2023 20:00,26.201243952278265,79.16223911410088,60.619311833811594,0,2,6.0,7,837.5295784207415,Summer,Colombia,854.9852774912944,0
REC00046,Carmen Perez,3658509141.0,Aquarius,White,Photography,02/01/2023 21:00,24.424320686818866,75.96377723627396,75.55738347987365,0,1,17.0,3,908.7033458874699,Spring,Colombia,927.1063905166236,1
REC00047,Robert Smith,3660085677.0,Gemini,Black,Gardening,02/01/2023 22:00,21.872195634825182,71.36995214268532,65.01657772272782,0,2,3.0,1,762.0221926783742,Winter,Colombia,791.5654810046218,0
REC00048,Robert Sanchez,3465588307.0,Leo,Orange,Photography,02/01/2023 23:00,18.011771055404406,64.42118789972793,82.17107847534666,0,5,13.0,4,881.807410776461,Spring,Colombia,892.0132339677223,0
REC00049,Robert Brown,3727131252.0,Scorpio,Green,Hiking,03/01/2023 00:00,29.60425326779098,85.28765588202376,45.096157266089456,0,5,17.0,9,,Fall,Colombia,996.6620731618979,1
REC00050,Paula Martinez,3012882631.0,Gemini,Red,Hiking,03/01/2023 01:00,21.122878958784376,70.02118212581188,62.03886850827522,0,1,8.0,5,873.2749980115067,Spring,Colombia,869.718402017398,0
REC00051,Paula Hernandez,3119797269.0,Leo,Pink,Travel,03/01/2023 02:00,4.263442371302782,39.67419626834501,61.26700179584921,0,4,20.0,1,1227.8038298443837,Winter,Colombia,1238.3991839628445,1
REC00052,Joseph Wilson,3267871969.0,Capricorn,Gray,Travel,03/01/2023 03:00,11.06250830634398,51.91251495141917,43.9611825936738,0,1,1.0,5,871.7270550329446,Spring,Colombia,855.629936269343,0
REC00053,Charles Moore,3085034900.0,Aries,Pink,Cooking,03/01/2023 04:00,18.513233982458022,65.32382116842444,74.34442503137019,0,3,19.0,8,791.7013029974778,Summer,Colombia,808.3508354319456,0
REC00054,Marta Johnson,3316729102.0,Taurus,Green,Sports,03/01/2023 05:00,22.47999186532444,72.463985357584,94.87009958779227,0,5,14.0,8,865.2342025574695,Summer,Colombia,863.327197070814,0
REC00055,Isabel Davis,3804942724.0,Gemini,Blue,Dancing,03/01/2023 06:00,19.547292088800834,67.1851257598415,,0,0,6.0,5,729.2236460391364,Spring,Colombia,732.8162534936467,0
REC00056,Lucia Taylor,3816704613.0,Aries,Yellow,Hiking,03/01/2023 07:00,29.751766318349304,85.55317937302875,,1,0,11.0,12,1141.4764761312954,Winter,Colombia,1125.8938636195282,1
REC00057,Laura Anderson,3861373072.0,Aquarius,Orange,Hiking,03/01/2023 08:00,4.391185087691001,39.9041331578438,61.267777137229906,0,4,7.0,9,1168.7703256832153,Fall,Colombia,1200.3148931016053,1
REC00058,James Lopez,3760383943.0,Pisces,White,Hiking,03/01/2023 09:00,21.14870349204128,70.0676662856743,49.29622995139236,0,3,14.0,1,848.0621467677603,Winter,Colombia,865.0661016840534,0
REC00059,Elena Hernandez,3103465618.0,Aquarius,Gray,Hiking,03/01/2023 10:00,5.456166196902762,41.82109915442497,32.68859583296975,0,2,2.0,4,1039.6743788459632,Spring,Colombia,1072.439292027854,1
REC00060,Charles Lopez,3913767172.0,Sagittarius,Red,Music,03/01/2023 11:00,26.077698363873345,78.93985705497202,49.41339775356953,0,3,13.0,3,955.4212492218983,Spring,Colombia,960.6131836580837,1
REC00061,Charles Rodriguez,3264842006.0,Sagittarius,Orange,Music,03/01/2023 12:00,19.244330284463977,66.63979451203517,39.120624285724034,0,0,16.0,2,956.5735307398504,Winter,Colombia,932.3449806672018,1
REC00062,Carmen Johnson,3995228173.0,Leo,Black,Music,03/01/2023 13:00,23.356879776192944,74.0423835971473,85.56153117088677,0,0,3.0,8,812.6770916524882,Summer,Colombia,822.7860358455588,0
REC00063,Ana Sanchez,3177387785.0,Cancer,White,Gardening,03/01/2023 14:00,13.08893631528187,55.56008536750737,58.27335459115141,0,5,17.0,7,931.8519382554811,Summer,Colombia,942.065617019394,1
REC00064,Ana Torres,3349322526.0,Leo,Black,Gaming,03/01/2023 15:00,30.235719453262007,86.4242950158716,54.81121006429244,0,3,7.0,9,982.6589637643539,Fall,Colombia,965.2244752806712,1
REC00065,Marta Moore,3091779212.0,Cancer,Gray,Reading,03/01/2023 16:00,,83.00083516244746,73.33730737181709,0,3,3.0,2,946.7640251970765,Winter,Colombia,925.3930340279705,1
REC00066,Thomas Sanchez,3628185982.0,Pisces,Black,Music,03/01/2023 17:00,24.6683544240951,76.40303796337118,43.17373345716168,1,0,1.0,4,926.1365279330208,Spring,Colombia,927.9079492783966,1
REC00067,Thomas Martinez,3788867477.0,Leo,Green,Cooking,03/01/2023 18:00,18.963862025092475,66.13495164516645,48.49703942993172,0,2,5.0,6,813.922100341814,Summer,Colombia,800.2278032608161,0
REC00068,John Torres,3274479396.0,Libra,Yellow,Sports,03/01/2023 19:00,24.638858282361056,76.34994490824991,61.02108403872931,1,4,21.0,11,946.9681224480803,Fall,Colombia,968.5072132656393,1
REC00069,Ana Lopez,3985161638.0,Aquarius,Black,Gaming,03/01/2023 20:00,14.344859456101208,57.820747020982175,75.43153487135221,0,6,9.0,3,,Spring,Colombia,991.7958883327295,1
REC00070,Marta Miller,3531584905.0,Scorpio,Blue,Hiking,03/01/2023 21:00,26.844445272165697,80.32000148989826,67.52527567753182,0,4,3.0,8,857.2409231281785,,Colombia,814.2667972494374,0
REC00071,James Moore,3761127966.0,Taurus,White,Reading,03/01/2023 22:00,,91.75252487826447,63.72487713773823,0,3,21.0,3,1067.4673896386616,,Colombia,1057.043073814887,1
REC00072,Maria Hernandez,3592182442.0,Cancer,Blue,Reading,03/01/2023 23:00,28.564884479833488,83.41679206370029,61.17176602854025,0,4,17.0,12,871.1308173931995,Winter,Colombia,912.8174498200556,1
REC00073,Charles Anderson,3326408546.0,Scorpio,Yellow,Gardening,04/01/2023 00:00,14.163180241540724,57.493724434773306,66.00353783290163,0,0,11.0,2,953.6190880341985,Winter,Colombia,964.7836932821542,1
REC00074,Richard Perez,3895834316.0,Libra,Red,Cooking,04/01/2023 01:00,22.891338538184822,73.20440936873268,63.02479357693882,0,0,1.0,3,801.2867454741796,Spring,Colombia,789.0302390407932,0
REC00075,William Hernandez,3179877341.0,Sagittarius,Yellow,Reading,04/01/2023 02:00,9.654867649930818,49.378761769875474,44.550415878345966,0,3,9.0,11,,Fall,Colombia,952.8046132592401,1
REC00076,Michael Hernandez,3909855713.0,Leo,Purple,Photography,04/01/2023 03:00,,76.24242048092972,,0,3,3.0,6,882.4239951984125,Summer,Colombia,856.9800241134105,0
REC00077,James Perez,3731066275.0,Virgo,Orange,Dancing,04/01/2023 04:00,23.60482730290031,74.48868914522056,43.89467011623371,0,6,13.0,2,,Winter,Colombia,939.2646144153277,1
REC00078,John Moore,3284379426.0,Aquarius,Blue,Hiking,04/01/2023 05:00,5.041469283742687,41.074644710736834,61.216238143512356,0,6,15.0,8,,Summer,Colombia,1212.180376526251,1
REC00079,Maria Anderson,3095436910.0,Scorpio,Green,Photography,04/01/2023 06:00,10.70572924870109,51.27031264766196,52.79028087767638,0,5,14.0,1,988.4124145043774,Winter,Colombia,987.7671182889522,1
REC00080,John Taylor,3004609091.0,Pisces,Red,Reading,04/01/2023 07:00,17.73488882604986,63.92279988688975,98.09072434174291,0,3,7.0,7,806.1850654437885,Summer,Colombia,824.0617298565703,0
REC00081,Laura Martinez,3373589686.0,Aquarius,Purple,Reading,04/01/2023 08:00,,63.6676196411721,59.40158424372432,0,2,13.0,2,911.6315213399389,,Colombia,915.2832189081878,1
REC00082,David Wilson,3293820788.0,Leo,Yellow,Reading,04/01/2023 09:00,10.324184516649558,50.5835321299692,,0,4,22.0,10,894.3722722925492,Fall,Colombia,905.4641371012002,1
REC00083,Maria Miller,3495513795.0,Sagittarius,Gray,Gardening,04/01/2023 10:00,23.11182983481747,73.60129370267144,57.98729683984613,0,3,7.0,12,833.5465792224984,Winter,Colombia,810.0513432178376,0
REC00084,Paula Thomas,3451018877.0,Cancer,Orange,Photography,04/01/2023 11:00,22.011788871524097,71.62121996874338,67.79038118456832,0,1,20.0,6,880.2835768916209,Summer,Colombia,837.963335755001,0
REC00085,Paula Brown,3186695342.0,Scorpio,Black,Music,04/01/2023 12:00,18.445846944171844,65.20252449950932,85.10045919228786,0,5,15.0,12,778.2847086250265,Winter,Colombia,806.9084752897415,0
REC00086,Paula Gonzalez,3201974021.0,Pisces,Pink,Music,04/01/2023 13:00,13.953667998733096,57.116602397719575,51.15821400091922,0,1,12.0,2,853.2378599034492,Winter,Colombia,891.7021856276443,0
REC00087,Ana Taylor,3768494454.0,Gemini,White,Music,04/01/2023 14:00,28.38965701133251,83.10138262039851,36.2635803896454,0,0,17.0,2,994.9849125539714,Winter,Colombia,999.8883609909991,1
REC00088,William Thomas,3104919963.0,Leo,Gray,Sports,04/01/2023 15:00,33.243256904706364,91.83786242847145,72.25255517146472,0,6,14.0,10,1105.3715521252145,Fall,Colombia,1135.7398661017883,1
REC00089,Robert Martinez,3052401949.0,Scorpio,Blue,Cooking,04/01/2023 16:00,16.131508129227704,61.03671463260987,,0,4,20.0,8,899.1444961090934,Summer,Colombia,898.2202640356751,1
REC00090,Richard Hernandez,3094415002.0,Capricorn,Red,Photography,04/01/2023 17:00,15.102664662761434,59.18479639297058,53.457668377387726,0,3,23.0,12,856.8135868502997,Winter,Colombia,841.8348645741811,0
REC00091,Elena Rodriguez,3872662596.0,Pisces,Red,Dancing,04/01/2023 18:00,,75.07339038193274,56.13569271733509,0,1,12.0,2,923.9791464281924,Winter,Colombia,894.0963084828559,1
REC00092,Marta Gonzalez,3113897579.0,Libra,Pink,Music,04/01/2023 19:00,17.135764962024112,62.844376931643396,58.955498200498376,0,4,8.0,7,834.3100410095345,Summer,Colombia,830.2821498352289,0
REC00093,Joseph Hernandez,3233080866.0,Aries,Red,Hiking,04/01/2023 20:00,18.884822394694126,65.99268031044943,70.33746685611503,0,0,14.0,3,835.6219317029828,,Colombia,839.4850361999744,0
REC00094,William Miller,3738602854.0,Pisces,Green,Photography,04/01/2023 21:00,,78.65100538483527,49.74548576570419,0,6,12.0,8,870.6328024934845,Summer,Colombia,910.2005008249462,1
REC00095,William Garcia,3218496043.0,Cancer,Blue,Cooking,04/01/2023 22:00,4.725151299941658,40.50527233989499,55.89406121749859,0,2,0.0,7,1161.6058415535026,Summer,Colombia,1161.0821385697866,1
REC00096,Richard Lopez,3860643982.0,Taurus,Yellow,Reading,04/01/2023 23:00,30.546418598821354,86.98355347787843,59.78594470575917,0,5,6.0,8,981.0736773002116,Summer,Colombia,979.6479320892223,1
REC00097,Laura Smith,3938228434.0,Taurus,Red,Travel,05/01/2023 00:00,20.58144419463473,69.04659955034252,62.24396936278182,1,4,8.0,7,957.7528410308114,Summer,Colombia,944.9737047465565,1
REC00098,Sofia Moore,3152123357.0,Libra,Red,Gardening,05/01/2023 01:00,,62.07449871830461,61.46740762061884,0,4,23.0,11,786.9886562942854,Fall,Colombia,801.1584183248673,0
REC00099,David Martinez,3523342821.0,Pisces,Yellow,Music,05/01/2023 02:00,19.28612676622841,66.71502817921115,66.5400866283387,0,2,0.0,6,918.3742218078979,,Colombia,927.0752738126151,1
REC00100,Joseph Sanchez,3837016551.0,Pisces,Yellow,Hiking,05/01/2023 03:00,,67.45898271229547,72.65759264462606,0,4,11.0,7,856.846954934173,Summer,Colombia,886.4070000402567,0
REC00101,Ana Anderson,3613089564.0,Gemini,Purple,Cooking,05/01/2023 04:00,6.150389572440597,43.07070123039307,,0,0,7.0,5,1058.4176063931668,Spring,Colombia,1104.243462530848,1
REC00102,David Gonzalez,3856987070.0,Gemini,Orange,Music,05/01/2023 05:00,31.95950581962589,89.5271104753266,66.80378285263828,0,0,23.0,7,983.0463874303068,Summer,Colombia,1005.2163292462425,1
REC00103,Charles Torres,3264367833.0,Virgo,Orange,Hiking,05/01/2023 06:00,20.33060505816495,68.59508910469691,36.266652498802834,0,2,10.0,1,800.708680193911,Winter,Colombia,832.1151964789714,0
REC00104,Lucia Martinez,3031432730.0,Virgo,Orange,Gardening,05/01/2023 07:00,23.544017043579,74.3792306784422,60.753415487485206,0,5,18.0,1,870.3423073671016,Winter,Colombia,863.6080614586893,0
REC00105,Lucia Miller,3144263394.0,Aries,Pink,Hiking,05/01/2023 08:00,,81.70231669626622,,0,3,16.0,9,938.2733813345636,Fall,Colombia,948.6360624679007,1
REC00106,Marta Brown,3556429083.0,Aries,Red,Gardening,05/01/2023 09:00,11.830700339517598,53.295260611131674,70.93411791855675,0,1,7.0,5,814.1240210501178,Spring,Colombia,824.8887636516135,0
REC00107,John Garcia,3369889156.0,Aquarius,Pink,Cooking,05/01/2023 10:00,23.787775192281828,74.8179953461073,49.61473838649309,0,3,2.0,5,,Spring,Colombia,758.7452775459111,0
REC00108,Laura Hernandez,3522255784.0,Virgo,Gray,Sports,05/01/2023 11:00,17.85887127280965,64.14596829105737,50.11441087667033,0,4,2.0,3,716.7500441317927,Spring,Colombia,781.4013527820414,0
REC00109,Joseph Miller,3352151095.0,Libra,Orange,Music,05/01/2023 12:00,,80.19349916311751,51.38848987074603,0,1,0.0,5,907.2857840391249,Spring,Colombia,877.1195690641739,0
REC00110,Carmen Wilson,3463418735.0,Sagittarius,Red,Music,05/01/2023 13:00,2.982180637188037,37.36792514693847,68.04620849837015,0,2,4.0,3,1204.8329274563366,,Colombia,1224.8383379118725,1
REC00111,David Perez,3633449781.0,Cancer,Purple,Cooking,05/01/2023 14:00,19.207245598069846,66.57304207652572,75.50821582386313,1,2,9.0,9,1001.8191369596507,,Colombia,1010.0675383566488,1
REC00112,Robert Miller,3541356879.0,Capricorn,Pink,Sports,05/01/2023 15:00,15.177434753728306,59.31938255671095,53.88809839062598,0,5,6.0,9,746.4919885462043,Fall,Colombia,775.5898318519905,0
REC00113,Ana Garcia,3871326824.0,Virgo,Yellow,Sports,05/01/2023 16:00,23.458103605073244,74.22458648913184,,0,1,8.0,6,857.3225088998088,Summer,Colombia,837.8839020309961,0
REC00114,Charles Smith,3681938961.0,Pisces,Pink,Music,05/01/2023 17:00,23.760353498945616,74.76863629810211,,0,0,6.0,1,,Winter,Colombia,882.0140572951929,0
REC00115,James Gonzalez,3668957900.0,Gemini,Red,Reading,05/01/2023 18:00,14.338992841423792,57.81018711456282,58.135713342563456,0,1,8.0,7,886.787970355865,Summer,Colombia,903.3152760611824,1
REC00116,William Smith,3885471274.0,Aquarius,Pink,Gardening,05/01/2023 19:00,14.302609086591652,57.744696355864974,56.829236552730464,0,4,7.0,7,876.2395059154479,,Colombia,884.0840981423283,0
REC00117,Elena Wilson,3171255896.0,Cancer,White,Gaming,05/01/2023 20:00,19.114677051541364,66.40641869277445,71.19917046903235,1,0,11.0,10,1066.7891712578771,Fall,Colombia,1033.2255728153798,1
REC00118,Michael Garcia,3491020444.0,Sagittarius,Yellow,Music,05/01/2023 21:00,,55.088351926661005,64.88366725180605,0,6,1.0,10,847.9692938915601,Fall,Peru,849.4286825291857,0
REC00119,Joseph Lopez,3013255945.0,Aries,Black,Reading,05/01/2023 22:00,26.735869563617015,80.12456521451062,94.13738141471455,0,6,0.0,4,860.4506639030938,Spring,Colombia,864.0853346554119,0
REC00120,Marta Taylor,3427894917.0,Leo,Purple,Music,05/01/2023 23:00,17.04634239642043,62.683416313556776,47.21663035504014,0,6,15.0,8,833.3614340987549,Summer,Colombia,852.1890638215402,0
REC00121,Laura Hernandez,3910412239.0,Aquarius,Gray,Reading,06/01/2023 00:00,-3.2559057545731314,26.13936964176836,67.77152553044964,0,2,22.0,6,1495.1803855096045,Summer,Colombia,1533.0720085190505,1
REC00122,Charles Johnson,3047191640.0,Libra,Yellow,Music,06/01/2023 01:00,17.001423547025553,62.60256238464599,52.06198485282731,0,1,22.0,4,797.8705454946736,Spring,Colombia,801.0713189662605,0
REC00123,Marta Perez,3196929259.0,Gemini,Orange,Cooking,06/01/2023 02:00,11.691649433248221,53.0449689798468,,0,6,23.0,4,945.2952234517859,,Colombia,938.7855212052935,1
REC00124,David Miller,3948814979.0,Taurus,Green,Gaming,06/01/2023 03:00,6.949793476312436,44.50962825736239,59.83699294447542,1,3,4.0,2,1199.077106425389,Winter,Colombia,1177.0854171388357,1
REC00125,Sofia Lopez,3706792164.0,Aquarius,Blue,Photography,06/01/2023 04:00,10.10058689421942,50.18105640959496,62.06028719110554,0,5,2.0,2,926.7909658438778,Winter,Colombia,971.7608965338709,1
REC00126,William Lopez,3700322849.0,Taurus,Red,Photography,06/01/2023 05:00,20.87526777466376,69.57548199439478,100.0,0,3,11.0,12,813.6268547500067,,Colombia,836.1287812904673,0
REC00127,Lucia Hernandez,3013178962.0,Aries,White,Dancing,06/01/2023 06:00,30.629126625985847,87.13242792677453,57.23781276475197,0,6,7.0,4,931.6087879955073,Spring,Colombia,943.2236098066363,1
REC00128,Ana Sanchez,3844303264.0,Leo,Blue,Gardening,06/01/2023 07:00,22.50547579091984,72.5098564236557,43.04731905772975,0,5,21.0,5,860.1167233128089,,Colombia,860.1863402842729,0
REC00129,Marta Martinez,3877104555.0,Gemini,Orange,Cooking,06/01/2023 08:00,15.147972894274083,59.266351209693354,64.09516076241579,1,4,2.0,8,912.5198908671733,Summer,Colombia,915.4205646977417,1
REC00130,David Brown,3751389537.0,Aquarius,Gray,Gaming,06/01/2023 09:00,23.64723356136562,74.56502041045812,28.880399436804474,0,3,0.0,6,,Summer,Colombia,831.7167505284563,0
REC00131,Sofia Anderson,3421413067.0,Pisces,Yellow,Reading,06/01/2023 10:00,16.327277518248067,61.38909953284652,,0,1,2.0,4,834.9286440404496,Spring,Colombia,826.7667228690507,0
REC00132,Thomas Moore,3018703695.0,Libra,Pink,Gardening,06/01/2023 11:00,14.443197046694843,57.99775468405072,60.24037923442741,0,1,4.0,11,886.7199070274938,Fall,Colombia,904.7857692430761,1
REC00133,Thomas Perez,3480080833.0,Aries,Yellow,Gaming,06/01/2023 12:00,10.765098654136125,51.377177577445025,71.91900574417818,0,3,14.0,7,1035.464427453326,Summer,Colombia,1016.7815986086521,1
REC00134,Maria Thomas,3918301168.0,Sagittarius,Yellow,Sports,06/01/2023 13:00,5.985369545986247,42.77366518277525,74.6043337414177,0,6,13.0,8,1101.4735041511594,Summer,Colombia,1092.8044553171699,1
REC00135,John Garcia,3800432569.0,Taurus,Orange,Gardening,06/01/2023 14:00,16.88061034752444,62.38509862554399,52.446455716384236,0,1,2.0,2,760.6971157523941,Winter,Colombia,767.0937610349557,0
REC00136,Maria Davis,3531241787.0,Scorpio,Orange,Cooking,06/01/2023 15:00,21.264427919361054,70.2759702548499,57.740789780551005,0,4,0.0,12,857.5727195054333,Winter,Colombia,825.554559667655,0
REC00137,Ana Anderson,3352115969.0,Capricorn,Black,Dancing,06/01/2023 16:00,19.22701063988088,66.60861915178559,48.508187540839934,0,0,4.0,7,829.4510836425546,,Colombia,798.3227629311193,0
REC00138,Sofia Davis,3856106275.0,Cancer,Green,Cooking,06/01/2023 17:00,16.67226457642113,62.01007623755804,43.079061677884596,0,6,22.0,2,,Winter,Colombia,798.4038632158619,0
REC00139,Marta Martinez,3273412037.0,Virgo,Blue,Reading,06/01/2023 18:00,12.434031514425751,54.38125672596635,,0,4,13.0,2,916.1197986354771,Winter,Colombia,976.4909340468329,1
REC00140,David Torres,3139355260.0,Sagittarius,Pink,Photography,06/01/2023 19:00,24.86596953347975,76.75874516026354,,0,5,6.0,8,874.5937663890456,,Colombia,843.0148645346861,0
REC00141,Ana Brown,3972685243.0,Libra,Pink,Hiking,06/01/2023 20:00,9.46294464042732,49.033300352769174,53.78059649142205,0,4,8.0,2,1034.5377694010654,Winter,Colombia,1018.6425989516267,1
REC00142,Charles Hernandez,3967661206.0,Scorpio,Black,Travel,06/01/2023 21:00,26.208223310747805,79.17480195934604,45.07239060151144,0,6,14.0,11,979.1343733986294,Fall,Colombia,939.0062006443707,1
REC00143,Paula Taylor,3995963750.0,Libra,Orange,Hiking,06/01/2023 22:00,11.982263848586202,53.568074927455164,68.2452477943539,0,5,14.0,9,956.1710715274597,,Colombia,931.421779692789,1
REC00144,James Brown,3517725942.0,Taurus,Purple,Travel,06/01/2023 23:00,13.98051810117572,57.16493258211629,,0,6,9.0,12,998.6588564642576,,Colombia,967.0920029143119,1
REC00145,Robert Lopez,3109929646.0,Sagittarius,Green,Cooking,07/01/2023 00:00,8.265718475074584,46.87829325513425,,0,1,12.0,1,1042.5912364335961,Winter,Colombia,1025.0181394299887,1
REC00146,Marta Taylor,3571004787.0,Aries,Black,Gaming,07/01/2023 01:00,15.988782824914907,60.77980908484683,32.20472275653646,0,0,18.0,9,927.3858214651402,Fall,Colombia,900.4119574922299,1
REC00147,Thomas Thomas,3596768235.0,Taurus,Pink,Reading,07/01/2023 02:00,27.80249966782383,82.04449940208289,58.12669671974899,0,6,6.0,1,988.554289960669,Winter,Colombia,948.6718151459803,1
REC00148,Richard Hernandez,3373959524.0,Gemini,Yellow,Music,07/01/2023 03:00,,75.42504447359298,60.235466939366376,0,6,16.0,10,824.7630184535475,Fall,Colombia,820.4319236859834,0
REC00149,Thomas Brown,3707342125.0,Gemini,Green,Photography,07/01/2023 04:00,27.82737689622428,82.0892784132037,63.279889601359464,0,1,19.0,10,896.723725697658,Fall,Colombia,928.1683365792205,1
REC00150,Paula Anderson,3767614570.0,Capricorn,Purple,Gardening,07/01/2023 05:00,24.177140367471488,75.51885266144868,53.30519227148483,0,2,3.0,2,865.7118301894592,,Colombia,871.8610481897621,0
REC00151,Ana Davis,3185174827.0,Cancer,Orange,Dancing,07/01/2023 06:00,11.170641371757046,52.10715446916268,56.99041051761852,0,1,4.0,6,971.0250545761022,Summer,Colombia,963.2261425884335,1
REC00152,Robert Lopez,3787811218.0,Leo,Black,Reading,07/01/2023 07:00,17.353686205379542,63.236635169683176,65.51265615810904,0,5,22.0,6,805.1423927212993,Summer,Colombia,803.6446410338682,0
REC00153,Laura Wilson,3947860784.0,Virgo,Orange,Cooking,07/01/2023 08:00,13.7584069670603,56.765132540708535,75.60646338967258,0,1,6.0,1,804.1181423129992,Winter,Colombia,829.0493816361877,0
REC00154,David Thomas,3075726333.0,Aries,Black,Sports,07/01/2023 09:00,30.644599232312324,87.16027861816218,30.674268445225756,0,1,12.0,7,1025.5773196141472,Summer,Colombia,1058.1986721180467,1
REC00155,Charles Miller,3638076247.0,Scorpio,Pink,Sports,07/01/2023 10:00,10.425690828589508,50.76624349146111,54.465908414528066,0,0,14.0,8,1020.0198048952002,Summer,Colombia,1034.8430582678968,1
REC00156,Marta Anderson,3159232569.0,Virgo,Purple,Reading,07/01/2023 11:00,27.149581515112885,80.86924672720319,,1,1,10.0,2,996.243030941053,,Colombia,980.0882398213699,1
REC00157,Isabel Davis,3111350874.0,Capricorn,Black,Travel,07/01/2023 12:00,27.143630960870155,80.85853572956628,46.23035843083896,0,6,3.0,8,859.9974444154582,Summer,Colombia,828.3906489989988,0
REC00158,John Thomas,3554991238.0,Sagittarius,Pink,Sports,07/01/2023 13:00,34.6369616137287,94.34653090471167,85.96754447650949,0,0,12.0,9,1198.7025874775493,Fall,Colombia,1180.3712352019952,1
REC00159,Laura Brown,3421890909.0,Leo,Black,Cooking,07/01/2023 14:00,16.722507258964022,62.100513066135235,50.46885179656894,0,3,6.0,6,862.4359090807537,Summer,Colombia,841.287363338471,0
REC00160,Sofia Garcia,3863472973.0,Libra,Orange,Dancing,07/01/2023 15:00,25.698577276641295,78.25743909795433,59.38060969489076,0,2,18.0,5,885.1315995943054,Spring,Colombia,886.7479110575765,0
REC00161,Charles Moore,3696314867.0,Aquarius,Yellow,Music,07/01/2023 16:00,38.25321469231074,100.85578644615933,68.34033145263436,0,0,21.0,12,1292.0998735505577,Winter,Colombia,1326.941522704677,1
REC00162,Sofia Martinez,3462186731.0,Cancer,Pink,Gardening,07/01/2023 17:00,15.058866584530428,59.10595985215477,51.13072816797158,0,5,1.0,9,799.1123232530555,Fall,Colombia,808.2167348707096,0
REC00163,Maria Brown,3054415758.0,Virgo,White,Hiking,07/01/2023 18:00,7.7196780197411226,45.89542043553402,32.301404282933746,0,3,9.0,12,986.4464297078471,Winter,Colombia,991.6217179452947,1
REC00164,William Wilson,3274152011.0,Virgo,White,Gaming,07/01/2023 19:00,4.959919728737891,40.927855511728204,53.570182096252,0,0,12.0,11,1162.408929218994,Fall,Colombia,1172.3499789557077,1
REC00165,Elena Moore,3969507636.0,Cancer,Green,Hiking,07/01/2023 20:00,25.70169623089065,78.26305321560318,75.44160833890561,0,0,20.0,9,902.3871930320455,Fall,Colombia,901.293295724553,1
REC00166,Laura Taylor,3873065460.0,Virgo,Green,Travel,07/01/2023 21:00,4.93479833553133,40.88263700395639,54.94657309822292,0,2,5.0,1,1138.2352485886652,Winter,Colombia,1129.4068533908062,1
REC00167,Lucia Johnson,3327969244.0,Scorpio,Yellow,Sports,07/01/2023 22:00,17.021447576496616,62.638605637693914,47.30348547811532,1,6,11.0,11,934.0238350278274,Fall,Colombia,916.9635312629575,1
REC00168,Robert Martinez,3483876374.0,Aquarius,Red,Music,07/01/2023 23:00,23.498505496311687,74.29730989336103,73.88508314254082,0,5,11.0,3,790.1709547391052,,Colombia,795.7333520264319,0
REC00169,Maria Lopez,3542831436.0,Leo,White,Gardening,08/01/2023 00:00,21.48140429463931,70.66652773035077,55.03837655965421,0,4,19.0,9,794.6530977386559,Fall,Colombia,832.7282858515478,0
REC00170,Robert Anderson,3218557000.0,Taurus,Red,Dancing,08/01/2023 01:00,23.40355891347338,74.12640604425208,,0,4,10.0,11,893.6249963963933,Fall,Colombia,903.2825507822159,1
REC00171,Maria Wilson,3940481623.0,Sagittarius,Yellow,Photography,08/01/2023 02:00,21.778318846406833,71.2009739235323,62.24184134494964,0,0,22.0,2,855.8657323956156,Winter,Colombia,854.9915244557759,0
REC00172,Ana Wilson,3675138150.0,Aquarius,Purple,Reading,08/01/2023 03:00,,86.41566771171287,71.5612531442818,0,1,6.0,12,,Winter,Colombia,1004.516321137864,1
REC00173,David Martinez,3612809309.0,Cancer,White,Gaming,08/01/2023 04:00,12.381468954089623,54.28664411736132,95.72570297598818,0,5,0.0,4,843.0704846966262,Spring,Colombia,854.4266415403083,0
REC00174,Maria Taylor,3299228096.0,Cancer,Orange,Photography,08/01/2023 05:00,14.58403889233175,58.251270006197146,72.40854161486135,0,3,0.0,4,808.1015717024361,Spring,Colombia,797.8506991344481,0
REC00175,Robert Gonzalez,3601587515.0,Aquarius,Yellow,Gaming,08/01/2023 06:00,13.818724437833408,56.87370398810013,,0,1,19.0,2,932.9793939550614,Winter,Colombia,927.1776359623527,1
REC00176,Richard Anderson,3915876617.0,Libra,Pink,Hiking,08/01/2023 07:00,26.64153449490088,79.95476209082159,52.41050701518217,0,1,12.0,3,942.4469817968222,Spring,Colombia,941.5689711343545,1
REC00177,Ana Hernandez,3928306428.0,Capricorn,Gray,Sports,08/01/2023 08:00,27.203188707160507,80.96573967288892,44.61197841045785,0,5,8.0,3,962.4463419209587,Spring,Colombia,943.8356755344669,1
REC00178,James Wilson,3630821221.0,Capricorn,Orange,Dancing,08/01/2023 09:00,23.609802554548065,74.49764459818651,60.934970244286845,0,6,2.0,1,725.7666568196704,Winter,Colombia,738.983480754722,0
REC00179,Isabel Wilson,3780749881.0,Virgo,Black,Music,08/01/2023 10:00,,85.04230880321496,61.607548728893946,1,0,6.0,6,,Summer,Colombia,999.7877135232436,1
REC00180,David Garcia,3459845550.0,Cancer,White,Gaming,08/01/2023 11:00,10.575673060988954,51.03621150978012,43.82230887953104,0,0,5.0,8,931.8013393067303,Summer,Colombia,932.0393557686148,1
REC00181,Michael Thomas,3597865870.0,Virgo,Black,Gaming,08/01/2023 12:00,33.3377928924091,92.00802720633638,57.370582051439804,0,0,7.0,12,,Winter,Colombia,1086.3338066464153,1
REC00182,Paula Torres,3462213640.0,Gemini,White,Gardening,08/01/2023 13:00,32.18590897369806,89.93463615265651,65.98976402578697,0,0,8.0,3,1113.5971065980739,Spring,Colombia,1103.4368607769818,1
REC00183,Michael Miller,3266025484.0,Libra,Red,Cooking,08/01/2023 14:00,25.884975977965972,78.59295676033875,65.4059009252712,0,4,4.0,5,843.4557081958137,Spring,Colombia,857.7195542831364,0
REC00184,Lucia Johnson,3162996118.0,Virgo,Yellow,Gaming,08/01/2023 15:00,,93.65790428630326,67.56431780076409,0,0,0.0,1,1122.5389421410155,Winter,Colombia,1118.0128579861127,1
REC00185,Isabel Davis,3182238624.0,Gemini,Pink,Reading,08/01/2023 16:00,6.747014338577809,44.14462580944006,64.36447095206165,0,4,18.0,10,,,Colombia,1116.8570617472374,1
REC00186,Robert Davis,3648016264.0,Aries,Yellow,Dancing,08/01/2023 17:00,15.804414909898785,60.44794683781781,52.394870110949164,1,4,9.0,7,1008.1276956366929,Summer,Colombia,1003.8291763411588,1
REC00187,Charles Anderson,3643712642.0,Pisces,Blue,Dancing,08/01/2023 18:00,14.117572314544383,57.41163016617989,52.29149060026735,1,6,11.0,10,1005.2242313702977,Fall,Colombia,1014.4190592715585,1
REC00188,Isabel Thomas,3537369821.0,Capricorn,White,Photography,08/01/2023 19:00,,78.38930226210574,42.01572903009186,0,0,23.0,1,845.8188523138529,Winter,Colombia,852.6006182043894,0
REC00189,Paula Thomas,3791301448.0,Leo,Blue,Reading,08/01/2023 20:00,11.598874083182835,52.8779733497291,86.77162558777643,0,2,14.0,12,947.0538083997714,Winter,Colombia,945.1336230398304,1
REC00190,Ana Smith,3657454451.0,Capricorn,Green,Music,08/01/2023 21:00,26.059961194699884,78.90793015045979,60.201755469289395,0,3,21.0,11,862.3778416468282,Fall,Colombia,858.3363515236019,0
REC00191,Ana Rodriguez,3230174206.0,Taurus,Purple,Travel,08/01/2023 22:00,30.96428915197371,87.73572047355268,56.627204163077224,0,1,23.0,9,999.6230717578804,Fall,Colombia,999.7071100657035,1
REC00192,David Lopez,3787407740.0,Libra,Yellow,Cooking,08/01/2023 23:00,25.561623200671995,78.01092176120959,46.06811877821312,0,4,8.0,8,941.2037416255637,Summer,Colombia,907.096494495302,1
REC00193,Maria Martinez,3744566638.0,Libra,Red,Travel,09/01/2023 00:00,22.27000818929201,72.08601474072562,100.0,0,5,19.0,7,853.1477241281636,Summer,Colombia,872.9624625029893,0
REC00194,William Rodriguez,3102024151.0,Cancer,Pink,Photography,09/01/2023 01:00,12.097013272794007,53.77462389102921,43.90007951665657,1,5,16.0,10,1096.1105973705844,Fall,Colombia,1097.3946732696386,1
REC00195,Elena Miller,3624843231.0,Virgo,White,Dancing,09/01/2023 02:00,13.225192270997084,55.80534608779475,,0,3,16.0,7,897.9810061149602,Summer,Colombia,929.4535865572999,1
REC00196,Maria Smith,3827351622.0,Aries,Pink,Reading,09/01/2023 03:00,29.996951242373335,85.994512236272,,0,5,19.0,5,981.3902399680061,Spring,Colombia,973.9486103946583,1
REC00197,Ana Gonzalez,3708908963.0,Taurus,Green,Travel,09/01/2023 04:00,26.23479203124266,79.22262565623679,69.00319448616416,0,2,11.0,5,921.3482882215009,Spring,Colombia,943.6532189490372,1
REC00198,Robert Miller,3188709720.0,Virgo,Black,Music,09/01/2023 05:00,19.687843844979646,67.43811892096336,74.36898082823527,1,5,6.0,11,839.9320235733874,Fall,Colombia,845.498228690919,0
REC00199,Ana Sanchez,3567152659.0,Taurus,Pink,Music,09/01/2023 06:00,16.656723633872875,61.98210254097118,87.11412761653895,0,1,1.0,5,766.0684235542583,Spring,Colombia,773.5097100608848,0
REC00200,Maria Sanchez,3508512848.0,Pisces,White,Sports,09/01/2023 07:00,3.793537015108985,38.828366627196175,67.59236483191069,0,1,2.0,1,1213.02587684179,Winter,Colombia,1207.4080543097666,1
REC00201,Isabel Wilson,3138471349.0,Pisces,Blue,Gaming,09/01/2023 08:00,11.43318065052449,52.57972517094408,44.159538000499985,0,4,16.0,8,969.6856390103817,,Colombia,980.7414573612853,1
REC00202,James Taylor,3905451747.0,Aquarius,Red,Gaming,09/01/2023 09:00,,95.52443485481201,56.14582312317328,0,0,4.0,12,1089.0300380674378,Winter,Colombia,1100.9361520213174,1
REC00203,Ana Ramirez,3007327065.0,Cancer,Pink,Music,09/01/2023 10:00,9.756355431980266,49.56143977756448,64.61748558770827,0,6,16.0,11,1020.8028110961282,Fall,Colombia,992.0856818144102,1
REC00204,Thomas Davis,3426602514.0,Cancer,Red,Reading,09/01/2023 11:00,21.515838569768647,70.72850942558357,91.02339062258736,0,2,23.0,1,784.8946323751015,Winter,Colombia,779.203296565611,0
REC00205,Paula Moore,3667720123.0,Capricorn,Black,Photography,09/01/2023 12:00,28.059551785561588,82.50719321401085,39.03291782363554,0,4,16.0,4,916.7464925205143,Spring,Colombia,927.9675095609597,1
REC00206,Marta Torres,3076196207.0,Sagittarius,Red,Sports,09/01/2023 13:00,9.96061865598166,49.92911358076699,78.03864757837842,0,2,16.0,9,1033.9110042706284,Fall,Colombia,1038.927677706853,1
REC00207,Carmen Smith,3821672834.0,Capricorn,Black,Gardening,09/01/2023 14:00,21.477683798248666,70.6598308368476,,0,0,1.0,9,864.4426416987149,Fall,Colombia,831.5355426533,0
REC00208,Maria Anderson,3958342008.0,Libra,Black,Music,09/01/2023 15:00,27.50332430008524,81.50598374015343,72.56745802844222,0,5,1.0,5,878.9816285692043,Spring,Colombia,883.6849261342262,0
REC00209,John Anderson,3156963541.0,Libra,Purple,Reading,09/01/2023 16:00,20.099994575258002,68.1799902354644,58.47007925046102,0,5,21.0,4,764.3909888249767,Spring,Colombia,778.1765212880244,0
REC00210,Lucia Gonzalez,3188321518.0,Pisces,Purple,Hiking,09/01/2023 17:00,42.94722444533414,109.30500400160146,47.363510548105104,0,6,22.0,3,1522.176754805478,Spring,Colombia,1535.8766778080058,1
REC00211,Marta Hernandez,3991961234.0,Aquarius,Gray,Dancing,09/01/2023 18:00,,43.972170672153986,71.26309169101998,1,0,4.0,3,,Spring,Colombia,1224.0928522772488,1
REC00212,Michael Hernandez,3364533239.0,Aries,Red,Travel,09/01/2023 19:00,28.46982823907103,83.24569083032785,69.81646540658431,0,4,0.0,12,919.4015871619099,Winter,Colombia,931.2915416104444,1
REC00213,Paula Martinez,3629410221.0,Aquarius,Pink,Reading,09/01/2023 20:00,18.617586100828284,65.5116549814909,74.58085448609583,0,6,0.0,5,749.0068811530243,Spring,Colombia,774.5998381200092,0
REC00214,Michael Anderson,3726348623.0,Leo,Red,Hiking,09/01/2023 21:00,26.1753612386934,79.11565022964812,59.80043046932047,0,0,18.0,10,913.5026076085916,Fall,Colombia,935.9866095475311,1
REC00215,Lucia Anderson,3858039735.0,Gemini,Black,Gaming,09/01/2023 22:00,23.530457213593966,74.35482298446914,51.00266965020226,0,3,1.0,1,799.3008398953141,Winter,Colombia,815.8872473825414,0
REC00216,Paula Perez,3736438469.0,Gemini,Purple,Hiking,09/01/2023 23:00,14.134750423120028,57.44255076161605,36.61819507464237,0,1,20.0,5,901.9487690732042,Spring,Colombia,890.1173487041423,0
REC00217,William Garcia,3736017380.0,Virgo,Orange,Music,10/01/2023 00:00,21.83197113967472,71.2975480514145,72.2905990220911,0,6,11.0,6,864.8178927710283,Summer,Colombia,872.4426385164858,0
REC00218,James Wilson,3831464734.0,Cancer,Blue,Cooking,10/01/2023 01:00,,41.24621909986466,66.3583422366598,0,6,5.0,7,1097.569425319965,Summer,Colombia,1101.7126591018457,1
REC00219,Maria Sanchez,3257716788.0,Scorpio,Red,Gardening,10/01/2023 02:00,24.82598000457115,76.68676400822807,45.51326050704061,0,4,22.0,12,846.5866242314745,Winter,Colombia,821.1848637263765,0
REC00220,John Torres,3715260272.0,Cancer,Yellow,Travel,10/01/2023 03:00,22.385267727924205,72.29348191026357,51.92139490055064,0,2,3.0,9,839.2928387675653,Fall,Colombia,813.3926957687969,0
REC00221,James Torres,3193750255.0,Scorpio,Yellow,Gaming,10/01/2023 04:00,25.10928134914482,77.19670642846067,52.99861782072839,0,3,22.0,3,813.5365872789154,Spring,Colombia,819.17908614167,0
REC00222,Laura Thomas,3328846113.0,Pisces,Gray,Hiking,10/01/2023 05:00,,83.23690388125496,,0,4,10.0,2,971.6291196260155,Winter,Colombia,984.2463898396837,1
REC00223,James Brown,3678016286.0,Pisces,White,Cooking,10/01/2023 06:00,22.94095872167769,73.29372569901984,47.73476405092299,0,0,23.0,3,870.4479111775777,Spring,Colombia,887.7365174510485,0
REC00224,James Wilson,3156076731.0,Cancer,Red,Gaming,10/01/2023 07:00,21.18471535838621,70.13248764509518,42.99254464790469,0,0,16.0,12,835.7889158104733,Winter,Colombia,821.9334004163086,0
REC00225,David Brown,3715070858.0,Gemini,Red,Music,10/01/2023 08:00,,55.312615952077394,53.81281482168095,1,0,5.0,9,903.8238592086337,Fall,Colombia,907.9180038790795,1
REC00226,Maria Moore,3566762467.0,Leo,Green,Hiking,10/01/2023 09:00,14.302233890807592,57.74402100345367,48.919537525056555,0,0,23.0,12,760.8973034470861,Winter,Colombia,768.6272012535419,0
REC00227,Paula Gonzalez,3925526533.0,Pisces,Black,Reading,10/01/2023 10:00,29.49387696141865,85.08897853055358,35.59492618699877,0,2,4.0,7,912.9085324752834,,Colombia,929.1818239780345,1
REC00228,Elena Brown,3694527770.0,Leo,White,Gaming,10/01/2023 11:00,31.49068324564783,88.68322984216609,90.33885345854222,0,3,19.0,9,1006.1337903924426,Fall,Colombia,1021.5271185726704,1
REC00229,Carmen Torres,3426048262.0,Capricorn,Black,Reading,10/01/2023 12:00,18.09511650950357,64.57120971710643,78.78811096543846,0,5,1.0,2,820.1584555410969,Winter,Colombia,813.757291711232,0
REC00230,Maria Rodriguez,3777656880.0,Capricorn,Black,Hiking,10/01/2023 13:00,20.368021978026192,68.66243956044715,48.314708677200215,0,1,5.0,5,,Spring,Colombia,805.5070671455096,0
REC00231,Lucia Wilson,3582616927.0,Aries,Pink,Music,10/01/2023 14:00,12.763085000049871,54.973553000089765,64.08632094980415,0,2,21.0,4,834.3281080859496,Spring,Colombia,814.4307342101908,0
REC00232,Ana Wilson,3308031175.0,Scorpio,Blue,Gardening,10/01/2023 15:00,29.38205476213956,84.8876985718512,66.26197634731942,0,2,10.0,2,898.7621812841238,Winter,Colombia,909.4390741604221,1
REC00233,David Hernandez,3915914811.0,Scorpio,Red,Photography,10/01/2023 16:00,25.32333458953423,77.58200226116162,77.86628782160216,1,5,15.0,9,1001.3514474570054,,Colombia,1004.3441663420413,1
REC00234,Sofia Taylor,3402260512.0,Scorpio,White,Gardening,10/01/2023 17:00,35.52973949170999,95.95353108507797,47.72092460009882,0,5,15.0,9,1190.4368072465525,Fall,Colombia,1217.1763664093635,1
REC00235,Carmen Martinez,3086068216.0,Capricorn,Pink,Hiking,10/01/2023 18:00,12.973415382562088,55.35214768861176,76.38160175973638,0,1,0.0,6,856.7792983795133,Summer,Colombia,857.0266171443606,0
REC00236,James Torres,3736713006.0,Cancer,Purple,Hiking,10/01/2023 19:00,16.97593680785426,62.55668625413767,51.78142043689597,0,1,8.0,11,790.8652750260326,Fall,Colombia,797.4316938798438,0
REC00237,Ana Perez,3580039923.0,Sagittarius,Orange,Sports,10/01/2023 20:00,21.85156738020458,71.33282128436824,39.9620639374708,0,5,5.0,6,822.9964911786268,Summer,Colombia,823.9981031557561,0
REC00238,Marta Torres,3242865835.0,Capricorn,Black,Hiking,10/01/2023 21:00,25.171916301806164,77.30944934325109,70.86204838971746,0,0,15.0,8,970.4332371335281,Summer,Mexico,940.9990591662903,1
REC00239,Laura Wilson,3659840374.0,Gemini,Gray,Photography,10/01/2023 22:00,18.27465889961894,64.8943860193141,79.36137636183642,0,2,2.0,6,,Summer,Colombia,815.5845004777531,0
REC00240,Joseph Thomas,3532773146.0,Libra,Yellow,Cooking,10/01/2023 23:00,13.016311276370397,55.429360297466715,98.81863460296026,0,4,19.0,1,873.3657229773083,Winter,Colombia,889.2589066602244,0
REC00241,Laura Moore,3174176733.0,Virgo,White,Reading,11/01/2023 00:00,27.051260231388568,80.69226841649942,42.004121023646796,0,1,3.0,4,862.1360946880576,Spring,Colombia,876.362492898989,0
REC00242,Paula Anderson,3996946965.0,Sagittarius,Green,Music,11/01/2023 01:00,25.76908290036465,78.38434922065638,70.48379527621184,0,1,18.0,7,857.1815367478476,Summer,Colombia,845.2789130295723,0
REC00243,Sofia Taylor,3987719144.0,Pisces,Red,Travel,11/01/2023 02:00,12.6698071954902,54.80565295188236,53.85298134309701,0,5,2.0,2,948.889884200351,Winter,Colombia,922.9160183804826,1
REC00244,Richard Ramirez,3486089373.0,Cancer,Yellow,Hiking,11/01/2023 03:00,30.843542408843966,87.51837633591914,,0,3,18.0,9,1035.285751754799,Fall,Colombia,1029.647391339778,1
REC00245,William Moore,3225599745.0,Cancer,Pink,Gardening,11/01/2023 04:00,29.36158967357283,84.8508614124311,37.942656731531244,0,4,19.0,8,924.5070202454843,Summer,Colombia,910.7327653543889,1
REC00246,James Ramirez,3726137486.0,Virgo,Yellow,Sports,11/01/2023 05:00,21.07437197798234,69.93386956036821,41.05845336452154,0,4,6.0,8,801.8991927695973,Summer,Colombia,789.7044383028632,0
REC00247,Robert Martinez,3339952686.0,Scorpio,Red,Sports,11/01/2023 06:00,20.636782899008292,69.14620921821492,48.36187765250274,0,1,19.0,7,897.5215873672238,Summer,Colombia,869.1402991000733,0
REC00248,James Davis,3865030086.0,Gemini,Yellow,Gardening,11/01/2023 07:00,24.43246216892726,75.97843190406907,61.184460685021264,0,0,8.0,4,827.1563730249154,Spring,Colombia,866.1481764794361,0
REC00249,Ana Miller,3967595034.0,Aquarius,Purple,Dancing,11/01/2023 08:00,13.106375437949936,55.591475788309886,50.38378100192467,0,3,0.0,2,873.5916393322336,Winter,Colombia,860.247260546143,0
REC00250,Joseph Martinez,3649115604.0,Scorpio,Green,Hiking,11/01/2023 09:00,,68.43245329996279,69.88581515870129,0,4,7.0,3,770.7852140112956,Spring,Colombia,751.1104931332243,0
REC00251,Thomas Torres,3357645708.0,Scorpio,Gray,Reading,11/01/2023 10:00,2.780931643126557,37.005676957627806,75.40341927386872,0,1,6.0,12,1240.6316379785753,,Colombia,1267.4061121012867,1
REC00252,Paula Rodriguez,3576757904.0,Libra,White,Sports,11/01/2023 11:00,27.011645164023484,80.62096129524227,68.99366311868033,0,4,17.0,6,880.092620178367,Summer,Colombia,897.8059838584953,1
REC00253,David Perez,3346032714.0,Libra,Red,Cooking,11/01/2023 12:00,,45.514497596837224,84.28181459491302,0,6,7.0,12,930.7995939854943,Winter,Colombia,947.8152489580574,1
REC00254,John Smith,3464191162.0,Leo,Yellow,Music,11/01/2023 13:00,,89.6492455293776,66.23739944183015,0,3,0.0,12,987.5599345749307,Winter,Colombia,1002.1357385024784,1
REC00255,William Smith,3340486665.0,Taurus,Green,Reading,11/01/2023 14:00,17.3590392482684,63.24627064688312,41.74654934489749,0,3,10.0,5,890.0736581423837,Spring,Colombia,899.7079991610942,1
REC00256,Lucia Miller,3050601080.0,Pisces,Red,Cooking,11/01/2023 15:00,18.306664144550584,64.95199546019106,80.45064770307509,0,6,17.0,12,,,Colombia,838.823901615028,0
REC00257,Robert Taylor,3383984416.0,Taurus,Green,Sports,11/01/2023 16:00,14.978128751323954,58.96063175238312,50.92265646591004,1,2,22.0,8,,Summer,Colombia,1007.3481856623595,1
REC00258,Paula Miller,3829457869.0,Pisces,Yellow,Hiking,11/01/2023 17:00,17.69568900862339,63.8522402155221,73.65627749528355,0,6,9.0,6,896.74983081478,Summer,Colombia,875.1234916594093,0
REC00259,Richard Moore,3053341860.0,Capricorn,Black,Travel,11/01/2023 18:00,31.348250761184293,88.42685137013173,83.60601324832659,0,5,2.0,6,989.9680582759388,Summer,Colombia,1006.7245194992944,1
REC00260,Richard Hernandez,3643852669.0,Pisces,White,Reading,11/01/2023 19:00,0.09753074771936454,32.17555534589486,66.85032016095599,0,5,6.0,1,1372.1324328962,Winter,Colombia,1389.0264928702597,1
REC00261,Carmen Davis,3948685575.0,Scorpio,Blue,Gardening,11/01/2023 20:00,30.215723088705502,86.3883015596699,37.55761780253025,1,1,15.0,4,1130.126485827419,Spring,Colombia,1103.8100490270945,1
REC00262,Robert Torres,3704955040.0,Aquarius,Blue,Hiking,11/01/2023 21:00,,72.86753812786459,46.22681750235313,0,3,15.0,5,863.3668811861,Spring,Colombia,850.4320024777271,0
REC00263,Michael Torres,3132345249.0,Virgo,White,Sports,11/01/2023 22:00,10.343826817142276,50.6188882708561,79.84116700327704,0,2,19.0,12,979.4290419600898,Winter,Colombia,977.7717451227098,1
REC00264,Carmen Hernandez,3040292678.0,Scorpio,Black,Music,11/01/2023 23:00,11.397500855606097,52.51550154009097,57.463159715357754,0,2,16.0,11,,,Colombia,982.2391737766327,1
REC00265,Richard Taylor,3534267270.0,Gemini,Red,Music,12/01/2023 00:00,33.41114421766562,92.14005959179812,61.193603024132486,0,4,1.0,3,1031.7588590118878,Spring,Colombia,1032.3549346489167,1
REC00266,Sofia Torres,3476738165.0,Aries,Green,Cooking,12/01/2023 01:00,12.435944960458151,54.38470092882467,71.38236624245414,1,4,0.0,9,953.2783334738095,Fall,Chile,942.7866398128573,1
REC00267,Lucia Thomas,3220780515.0,Virgo,Black,Photography,12/01/2023 02:00,10.773195915232325,51.39175264741819,70.44484293120485,0,6,15.0,1,926.0517344628983,Winter,Colombia,932.7730683930131,1
REC00268,William Martinez,3347475766.0,Taurus,Blue,Dancing,12/01/2023 03:00,29.098516338917833,84.3773294100521,64.18199718578191,0,2,11.0,6,1061.376779950203,Summer,Colombia,1056.0006812614183,1
REC00269,James Garcia,3270536454.0,Pisces,Red,Music,12/01/2023 04:00,22.708423010287312,72.87516141851717,56.86997443169301,1,6,4.0,6,902.0061278634139,Summer,Colombia,932.2170488708039,1
REC00270,Joseph Rodriguez,3914421843.0,Sagittarius,Pink,Reading,12/01/2023 05:00,12.496595387708808,54.49387169787585,55.30997331401464,0,6,4.0,10,882.8756233343263,Fall,Colombia,896.6313092308349,1
REC00271,Robert Taylor,3689715345.0,Leo,Black,Hiking,12/01/2023 06:00,21.73299980323695,71.11939964582652,72.86848237937015,0,4,22.0,5,748.6641221294849,Spring,Colombia,762.2043456652917,0
REC00272,William Hernandez,3794945516.0,Leo,Blue,Reading,12/01/2023 07:00,11.793978530877782,53.229161355580004,68.30354296601689,0,3,8.0,12,968.4540738903971,Winter,Colombia,975.9418745545354,1
REC00273,Thomas Garcia,3626566314.0,Capricorn,Gray,Gaming,12/01/2023 08:00,28.80657118738084,83.85182813728551,56.140499990733154,1,6,8.0,5,1043.1404251638814,Spring,Colombia,1061.6706902594765,1
REC00274,Marta Hernandez,3700631016.0,Scorpio,Yellow,Travel,12/01/2023 09:00,28.49096771898507,83.28374189417312,76.23168469489711,0,0,2.0,10,906.0406843360781,Fall,Colombia,916.7115568525397,1
REC00275,Marta Johnson,3409978189.0,Virgo,Green,Hiking,12/01/2023 10:00,24.256049590575543,75.66088926303598,58.06448827305324,0,3,18.0,5,807.8178432936527,Spring,Colombia,838.1061245416151,0
REC00276,Charles Brown,3060946855.0,Gemini,Purple,Photography,12/01/2023 11:00,22.893288489976133,73.20791928195703,47.2250673849841,0,2,15.0,6,,,Colombia,868.9674317260457,0
REC00277,John Lopez,3321838388.0,Sagittarius,Red,Photography,12/01/2023 12:00,34.08950499893899,93.36110899809019,48.615439516449825,0,2,15.0,8,1129.1676147662033,,Colombia,1130.817885144431,1
REC00278,Robert Gonzalez,3809465357.0,Capricorn,Gray,Music,12/01/2023 13:00,19.997490619105804,67.99548311439045,45.31888745535351,0,6,2.0,2,,Winter,Colombia,769.3755631642812,0
REC00279,Elena Davis,3194755220.0,Cancer,Yellow,Photography,12/01/2023 14:00,10.54500699663359,50.98101259394046,55.91384975094469,0,3,19.0,6,996.7629942619182,Summer,Colombia,1013.4595924728516,1
REC00280,William Lopez,3983048048.0,Capricorn,Purple,Dancing,12/01/2023 15:00,23.595791302658455,74.47242434478522,78.50586417504289,1,4,23.0,1,864.6182888484547,Winter,Colombia,857.8862602972113,0
REC00281,Robert Lopez,3944794362.0,Cancer,Gray,Gardening,12/01/2023 16:00,,98.03907751333443,47.92357228454237,0,4,21.0,4,1229.4834717615697,Spring,Colombia,1240.3439106892856,1
REC00282,Lucia Taylor,3976912952.0,Pisces,Black,Music,12/01/2023 17:00,11.881924054513183,53.38746329812373,62.827136415271546,0,5,23.0,10,912.2953517243955,Fall,Colombia,926.2341809271574,1
REC00283,Charles Sanchez,3376019290.0,Taurus,Yellow,Hiking,12/01/2023 18:00,17.108297866448115,62.79493615960661,50.149659815588805,0,2,0.0,3,775.8653112815716,Spring,Colombia,777.3571648217331,0
REC00284,Elena Davis,3143547693.0,Gemini,Yellow,Travel,12/01/2023 19:00,23.331568304811622,73.99682294866092,56.09536438092844,0,1,23.0,9,790.7078333127038,,Colombia,783.8358826091394,0
REC00285,Laura Davis,3564955033.0,Cancer,Blue,Gardening,12/01/2023 20:00,19.568761207954086,67.22377017431735,37.34938182022122,0,5,19.0,3,812.6308739522085,Spring,Colombia,841.3579230929918,0
REC00286,Paula Martinez,3345956698.0,Libra,Orange,Sports,12/01/2023 21:00,12.141571356981483,53.85482844256667,56.691926562651936,0,4,10.0,6,964.9163691489671,,Peru,953.9137995246095,1
REC00287,Charles Rodriguez,3957497751.0,Gemini,Yellow,Photography,12/01/2023 22:00,28.974862849843767,84.15475312971878,57.09441930292557,0,3,16.0,1,948.702179455542,Winter,Colombia,964.7080450876896,1
REC00288,John Anderson,3113184900.0,Scorpio,Blue,Hiking,12/01/2023 23:00,38.56032577613807,101.40858639704854,68.10431916053543,0,4,7.0,12,1333.7124784172422,Winter,Colombia,1334.0710377822381,1
REC00289,Charles Taylor,3024194729.0,Scorpio,Pink,Hiking,13/01/2023 00:00,21.569051672191257,70.82429300994426,63.34921369883056,0,3,3.0,6,873.5036680126751,,Colombia,874.2120708265053,0
REC00290,Sofia Gonzalez,3324444773.0,Capricorn,Gray,Photography,13/01/2023 01:00,12.767453682111999,54.9814166278016,42.02411812571932,0,5,5.0,4,847.6145962298089,Spring,Colombia,858.1559185946044,0
REC00291,Charles Martinez,3760832105.0,Aquarius,Purple,Gardening,13/01/2023 02:00,7.6083157995722,45.69496843922996,76.26297366065315,0,2,7.0,8,941.2503622339469,Summer,Colombia,961.7235571565612,1
REC00292,William Torres,3989825194.0,Taurus,Green,Reading,13/01/2023 03:00,22.063807849769447,71.714854129585,63.15454560332993,0,4,19.0,11,883.7121666205358,Fall,Colombia,889.425897582381,0
REC00293,Marta Hernandez,3238828159.0,Cancer,Purple,Gardening,13/01/2023 04:00,28.831018746530063,83.89583374375411,62.9759027576623,0,6,2.0,9,1016.8195273709532,Fall,Colombia,984.3129211894493,1
REC00294,Isabel Ramirez,3431037983.0,Scorpio,Red,Reading,13/01/2023 05:00,23.801341971963055,74.8424155495335,59.86226469922292,1,3,15.0,4,960.1525350944843,Spring,Colombia,987.3860357037569,1
REC00295,Elena Rodriguez,3973188823.0,Aries,Red,Music,13/01/2023 06:00,19.98076927264917,67.9653846907685,,0,2,2.0,10,,Fall,Colombia,756.490607717165,0
REC00296,Lucia Torres,3284545285.0,Aries,Yellow,Dancing,13/01/2023 07:00,15.28582678568555,59.51448821423399,63.26703509623089,0,1,17.0,12,873.185025690901,Winter,Colombia,878.3794491124318,0
REC00297,Laura Davis,3918302537.0,Cancer,Yellow,Cooking,13/01/2023 08:00,11.262690938255282,52.27284368885951,67.13382653892873,0,3,13.0,10,920.477343433977,Fall,Colombia,919.7699150922042,1
REC00298,David Anderson,3552124909.0,Aquarius,Yellow,Hiking,13/01/2023 09:00,26.678010610599056,80.0204190990783,33.79656462981667,0,5,17.0,6,920.8737421037337,Summer,Colombia,942.6079583314282,1
REC00299,Carmen Johnson,3625343731.0,Taurus,Pink,Dancing,13/01/2023 10:00,27.310172971084686,81.15831134795243,51.91858743980856,0,1,1.0,1,810.6809388592787,Winter,Colombia,826.1063271928283,0
REC00300,Laura Perez,3586446274.0,Aries,White,Reading,13/01/2023 11:00,7.634161706474135,45.74149107165344,56.17579544394616,0,1,21.0,4,1007.3075905785576,Spring,Colombia,1017.365783579318,1
REC00301,Michael Sanchez,3112933766.0,Scorpio,Green,Gardening,13/01/2023 12:00,,90.89368128580183,63.84255908541417,1,0,2.0,7,,Summer,Colombia,1102.4749326963333,1
REC00302,Paula Wilson,3367398684.0,Taurus,White,Music,13/01/2023 13:00,24.59256976715201,76.26662558087362,77.89966508890689,0,4,15.0,12,882.5321738572192,Winter,Colombia,886.7105330046365,0
REC00303,Sofia Torres,3963563809.0,Cancer,Blue,Photography,13/01/2023 14:00,31.196757161166346,88.15416289009943,48.423887781048265,0,3,8.0,1,1015.2570714675492,Winter,Colombia,1023.3973893036846,1
REC00304,Elena Moore,3592751878.0,Gemini,Blue,Sports,13/01/2023 15:00,9.26297801211908,48.673360421814344,52.53057229773237,0,1,3.0,8,1017.0115687310827,,Colombia,979.995945882368,1
REC00305,Ana Torres,3838790992.0,Taurus,Purple,Photography,13/01/2023 16:00,9.073406756676489,48.33213216201768,52.31198834030175,0,0,0.0,12,956.6601983426099,Winter,Colombia,979.9796820562191,1
REC00306,Marta Wilson,3139274060.0,Scorpio,Green,Photography,13/01/2023 17:00,18.808245521861625,65.85484193935093,47.97708614843188,0,5,3.0,10,764.7178673302517,Fall,Colombia,762.6640569952799,0
REC00307,Paula Smith,3059118905.0,Gemini,Purple,Dancing,13/01/2023 18:00,24.022275415161552,75.2400957472908,54.79220257331606,0,2,0.0,12,854.300057452317,Winter,Colombia,849.3431318142805,0
REC00308,Lucia Ramirez,3498620500.0,Sagittarius,Green,Sports,13/01/2023 19:00,,93.86759585014828,71.56203329981957,0,6,13.0,11,,Fall,Colombia,1157.832945716372,1
REC00309,Michael Gonzalez,3197543326.0,Capricorn,Blue,Gardening,13/01/2023 20:00,25.648631310521054,78.1675363589379,44.19246756953481,0,6,20.0,6,872.0559431177189,Summer,Colombia,858.3193932086622,0
REC00310,James Rodriguez,3462980424.0,Leo,Yellow,Travel,13/01/2023 21:00,18.058549785503732,64.50538961390671,66.41721592729355,0,3,15.0,5,937.3243653936505,Spring,Colombia,945.2909056512831,1
REC00311,Paula Taylor,3324706348.0,Sagittarius,Yellow,Hiking,13/01/2023 22:00,11.789046338672863,53.220283409611156,34.471466549724965,0,1,19.0,10,920.3390536797159,Fall,Colombia,970.1868467113773,1
REC00312,John Davis,3156322124.0,Gemini,Green,Dancing,13/01/2023 23:00,29.8400045817532,85.71200824715575,51.57993005336691,0,6,23.0,11,952.3051053595049,,Colombia,939.1081131174136,1
REC00313,Sofia Taylor,3272830928.0,Pisces,Pink,Gardening,14/01/2023 00:00,12.282356593994281,54.108241869189705,55.05766049673021,0,4,7.0,9,923.6123929994209,,Colombia,945.9512106814682,1
REC00314,Joseph Martinez,3378355911.0,Leo,White,Music,14/01/2023 01:00,,91.44994718872144,85.12289509371098,0,6,6.0,2,1107.3004695053787,Winter,Colombia,1128.2559684281607,1
REC00315,Laura Lopez,3109919432.0,Capricorn,Black,Music,14/01/2023 02:00,75.0,63.904861045666266,55.87796542870968,0,6,2.0,5,815.7080291427469,Spring,Colombia,801.949987484899,0
REC00316,James Moore,3470421832.0,Virgo,White,Hiking,14/01/2023 03:00,,90.90438184569705,26.981347898236223,0,6,16.0,6,1099.8279974634181,,Colombia,1106.771227111787,1
REC00317,Richard Wilson,3759209639.0,Sagittarius,Orange,Gardening,14/01/2023 04:00,,77.77661057685361,30.016666397081252,0,0,0.0,7,823.0863091665818,Summer,Colombia,804.7308661555518,0
REC00318,Ana Davis,3391145711.0,Scorpio,Black,Dancing,14/01/2023 05:00,18.904036084460333,66.0272649520286,,0,1,15.0,5,870.1173172328336,Spring,Colombia,845.9139953255271,0
REC00319,Lucia Moore,3653292317.0,Taurus,Yellow,Sports,14/01/2023 06:00,15.844829025390986,60.52069224570378,69.20656283684863,0,4,11.0,9,855.0370973855091,Fall,Colombia,867.935666591955,0
REC00320,Lucia Sanchez,3808970822.0,Taurus,Purple,Music,14/01/2023 07:00,17.27273698123136,63.09092656621645,65.6318378644088,0,1,18.0,1,884.4152766242813,Winter,Colombia,868.5500267051807,0
REC00321,Sofia Perez,3016407184.0,Leo,Black,Gardening,14/01/2023 08:00,23.426533539001902,74.16776037020342,62.51355158701485,0,3,21.0,7,815.8129012584801,Summer,Colombia,830.9221172863378,0
REC00322,Charles Sanchez,3949312870.0,Leo,Yellow,Sports,14/01/2023 09:00,20.617251969741734,69.11105354553513,77.433893962585,0,3,22.0,10,867.626956286991,Fall,Colombia,822.9646379443475,0
REC00323,Ana Brown,3290043877.0,Leo,Black,Gardening,14/01/2023 10:00,15.249508735450359,59.44911572381064,51.90613168894303,0,3,21.0,7,829.4973170432177,,Colombia,843.356457133842,0
REC00324,David Johnson,3042424196.0,Cancer,Yellow,Travel,14/01/2023 11:00,18.674948717458943,65.6149076914261,73.42365834040238,0,5,13.0,4,824.725685106079,Spring,Colombia,804.203936286879,0
REC00325,Carmen Anderson,3557959888.0,Scorpio,Orange,Gaming,14/01/2023 12:00,20.6286162377532,69.13150922795576,35.519776724603744,0,6,5.0,9,,Fall,Colombia,763.0540533319071,0
REC00326,Charles Hernandez,3595757415.0,Aquarius,Orange,Hiking,14/01/2023 13:00,,37.34622904042671,46.42578250592901,0,5,5.0,12,1219.4903007571406,Winter,Colombia,1213.168544314962,1
REC00327,Lucia Davis,3574543225.0,Leo,Red,Cooking,14/01/2023 14:00,23.66534491830959,74.59762085295726,32.89437907602276,0,0,12.0,11,845.451643150004,Fall,Colombia,858.8625063783377,0
REC00328,Paula Thomas,3327743872.0,Aries,Green,Music,14/01/2023 15:00,12.162230202265546,53.89201436407798,55.877320489953114,0,3,18.0,5,,Spring,Colombia,984.1769247223021,1
REC00329,Joseph Davis,3781127375.0,Capricorn,Yellow,Gardening,14/01/2023 16:00,10.77334077435404,51.392013393837274,59.30608174100486,0,4,21.0,4,838.1075389662891,Spring,Colombia,881.1793012251801,0
REC00330,Lucia Davis,3432196829.0,Leo,Blue,Dancing,14/01/2023 17:00,6.501245223114317,43.702241401605775,61.7115223833978,0,1,7.0,7,1063.516369630558,,Colombia,1059.027968862913,1
REC00331,Carmen Torres,3412142366.0,Aries,Black,Gardening,14/01/2023 18:00,,42.16794803070238,60.92825029330703,0,6,1.0,4,1154.0455147641728,Spring,Colombia,1147.0532081436052,1
REC00332,Carmen Brown,3031776418.0,Cancer,Orange,Dancing,14/01/2023 19:00,9.156419975101686,48.48155595518303,46.08670003782408,0,2,20.0,3,1017.0497310359236,Spring,Colombia,1014.3797426546962,1
REC00333,Paula Miller,3620730732.0,Aries,Blue,Reading,14/01/2023 20:00,14.327832338956076,57.79009821012094,57.14638733380176,0,4,0.0,9,807.2107315303506,Fall,Colombia,866.6768549562017,0
REC00334,Isabel Davis,3423344199.0,Virgo,Pink,Travel,14/01/2023 21:00,35.626073100212544,96.12693158038257,37.53829997091377,0,6,14.0,11,1185.3668301808666,Fall,Colombia,1210.6795590826628,1
REC00335,Carmen Brown,3220384495.0,Virgo,Purple,Photography,14/01/2023 22:00,,60.42733266710906,80.44843462698375,0,5,0.0,8,,,Colombia,836.8200759108747,0
REC00336,Michael Brown,3461433335.0,Aries,White,Gardening,14/01/2023 23:00,21.42200085014425,70.55960153025966,55.44560890652998,0,5,4.0,1,799.7274065381158,Winter,Colombia,793.8942278743349,0
REC00337,Joseph Thomas,3156181917.0,Pisces,Orange,Sports,15/01/2023 00:00,23.20385109205063,73.76693196569113,52.66670821434463,0,4,15.0,7,897.8663897520448,Summer,Colombia,892.0796116391851,0
REC00338,Carmen Lopez,3867205246.0,Scorpio,Blue,Cooking,15/01/2023 01:00,21.048521489726788,69.88733868150823,83.83410492666124,0,5,18.0,9,786.4423638359473,Fall,Colombia,789.8468396753709,0
REC00339,David Wilson,3820532710.0,Cancer,Black,Photography,15/01/2023 02:00,19.380452314192052,66.88481416554569,41.366301996761564,0,3,3.0,8,798.7481893990224,Summer,Chile,786.0432786669433,0
REC00340,Maria Johnson,3680961620.0,Taurus,Yellow,Travel,15/01/2023 03:00,10.437649891206043,50.78776980417088,,0,0,2.0,8,928.495868966442,Summer,Colombia,949.0207164725,1
REC00341,Richard Wilson,3644947470.0,Aries,Orange,Reading,15/01/2023 04:00,31.607420386233695,88.89335669522066,43.55669512697152,0,1,16.0,6,1085.6508220682579,Summer,Colombia,5000.0,1
REC00342,Carmen Taylor,3699960567.0,Aquarius,Red,Sports,15/01/2023 05:00,34.457573149103084,94.02363166838555,58.98192927450777,0,0,16.0,11,1232.7450790494506,Fall,Colombia,1223.2502369526528,1
REC00343,Sofia Smith,3857481697.0,Gemini,Green,Travel,15/01/2023 06:00,6.538730447018514,43.769714804633324,66.47447444456395,0,6,11.0,4,1113.718774949175,Spring,Colombia,1106.1676802924167,1
REC00344,Elena Ramirez,3146969911.0,Libra,Gray,Gaming,15/01/2023 07:00,11.807771272908964,53.25398829123613,71.09513202176751,0,1,13.0,8,1006.2073791281853,Summer,Colombia,1009.8481877498983,1
REC00345,William Lopez,3357858747.0,Capricorn,Orange,Reading,15/01/2023 08:00,17.76151726098395,63.97073106977111,98.57992976242454,0,1,20.0,3,867.7701308895475,Spring,Colombia,831.1552543929223,0
REC00346,John Perez,3153555226.0,Aquarius,Black,Music,15/01/2023 09:00,12.283697640718469,54.110655753293244,26.258513186988544,0,0,5.0,9,952.321753381364,Fall,Colombia,942.4578396115664,1
REC00347,Maria Sanchez,3762076161.0,Capricorn,Yellow,Gaming,15/01/2023 10:00,24.047724427646923,75.28590396976446,69.13103383686625,0,4,2.0,2,837.908077366118,Winter,Colombia,857.2747946311893,0
REC00348,Sofia Smith,3922470473.0,Scorpio,White,Gaming,15/01/2023 11:00,14.173822380747096,57.51288028534477,51.64304141141653,0,1,8.0,2,869.344284806056,Winter,Colombia,864.3781752913362,0
REC00349,Elena Hernandez,3388279044.0,Leo,Black,Photography,15/01/2023 12:00,37.32044854245282,99.17680737641508,51.2037727666684,0,0,4.0,12,1277.3281435991912,Winter,Colombia,1262.278476057707,1
REC00350,Sofia Miller,3131176794.0,Libra,Green,Hiking,15/01/2023 13:00,29.52438875474877,85.14389975854779,50.70341807619184,1,1,23.0,12,1022.2593663276033,Winter,Colombia,1034.0215383060895,1
REC00351,Michael Garcia,3712464380.0,Taurus,Black,Music,15/01/2023 14:00,21.70059224505772,71.0610660411039,46.3684549378804,0,2,16.0,7,901.1468496615477,Summer,Colombia,879.3614047229257,0
REC00352,William Perez,3391883075.0,Pisces,Yellow,Reading,15/01/2023 15:00,28.215890106557858,82.78860219180415,85.26787251905178,0,4,13.0,12,949.9610859415408,Winter,Colombia,942.3204118272206,1
REC00353,Robert Miller,3366035182.0,Pisces,Red,Photography,15/01/2023 16:00,28.84720339485847,83.92496611074526,72.63445990520854,0,3,20.0,10,908.2700960852168,Fall,Colombia,955.1196628385237,1
REC00354,Michael Perez,3330827148.0,Cancer,Red,Music,15/01/2023 17:00,15.488420095534053,59.8791561719613,60.347939678360625,0,1,2.0,4,891.2887527088441,Spring,Colombia,885.2953131620856,0
REC00355,Isabel Sanchez,3782940496.0,Virgo,Purple,Travel,15/01/2023 18:00,13.470262043664281,56.246471678595704,80.265236287305,0,2,0.0,10,851.8867978011358,Fall,Colombia,860.0073808893901,0
REC00356,Michael Hernandez,3637206868.0,Pisces,Yellow,Cooking,15/01/2023 19:00,20.62514450375718,69.12526010676292,37.31206552051687,0,3,19.0,8,894.386697734372,Summer,Colombia,883.6431014435373,0
REC00357,Sofia Anderson,3068201750.0,Pisces,Red,Reading,15/01/2023 20:00,26.893088995983554,80.4075601927704,,0,3,20.0,9,931.1422512630927,Fall,Chile,912.2579544580564,1
REC00358,James Garcia,3307469664.0,Pisces,White,Photography,15/01/2023 21:00,21.11248318922734,70.00246974060921,27.330484017079684,0,6,22.0,7,872.4261995814073,Summer,Colombia,868.522958638571,0
REC00359,Elena Rodriguez,3987278257.0,Pisces,Red,Cooking,15/01/2023 22:00,7.384028142472022,45.29125065644964,49.50878189815069,0,1,0.0,5,1044.915778370381,Spring,Colombia,1011.6107336914871,1
REC00360,David Martinez,3403968891.0,Pisces,Orange,Reading,15/01/2023 23:00,13.577404448393262,56.439328007107875,62.425477900571295,0,0,2.0,8,833.7347214881206,Summer,Colombia,837.3088591793905,0
REC00361,Thomas Wilson,3174810574.0,Pisces,Pink,Gaming,16/01/2023 00:00,19.408217091244975,66.93479076424096,61.54287866898501,0,1,17.0,4,924.0023542223555,Spring,Colombia,911.505997761278,1
REC00362,Ana Miller,3730365640.0,Leo,Green,Cooking,16/01/2023 01:00,19.39467516539336,66.91041529770804,62.240128665898204,0,2,9.0,2,848.8506230700241,Winter,Colombia,832.7517715972772,0
REC00363,Isabel Johnson,3630837227.0,Virgo,Purple,Cooking,16/01/2023 02:00,35.78033741431847,96.40460734577324,38.83414753400877,1,3,21.0,11,1335.62462623333,Fall,Colombia,1337.5715456111845,1
REC00364,Ana Johnson,3691705124.0,Pisces,Black,Sports,16/01/2023 03:00,8.912096460808016,48.041773629454426,72.04732113921033,0,1,2.0,12,1035.6615166849874,Winter,Colombia,1020.0860305254317,1
REC00365,Richard Thomas,3312931101.0,Taurus,Green,Reading,16/01/2023 04:00,24.044713934686996,75.2804850824366,,0,0,7.0,6,806.4601182145001,Summer,Colombia,818.3535779577435,0
REC00366,James Martinez,3724263644.0,Libra,Black,Music,16/01/2023 05:00,31.912904866626317,89.44322875992736,70.99581422198997,0,6,13.0,9,981.8928462808228,Fall,Colombia,990.3442146612472,1
REC00367,John Johnson,3378621334.0,Scorpio,Gray,Hiking,16/01/2023 06:00,38.17159796338237,100.70887633408827,,1,1,23.0,1,1368.2879528366036,Winter,Colombia,1394.53772664333,1
REC00368,Isabel Hernandez,3275701921.0,Aquarius,Purple,Travel,16/01/2023 07:00,16.76482061452831,62.17667710615096,64.67236288196685,0,4,17.0,11,874.5929629530093,Fall,Colombia,869.7647806256084,0
REC00369,Thomas Davis,3249765366.0,Sagittarius,Purple,Dancing,16/01/2023 08:00,23.931435621761597,75.07658411917087,42.1835214012371,0,6,14.0,10,926.3780219213457,Fall,Mexico,919.8729884042589,1
REC00370,Richard Wilson,3185190847.0,Virgo,Pink,Photography,16/01/2023 09:00,24.558082857589177,76.20454914366051,54.04015121172957,0,0,21.0,12,918.2873292261615,Winter,Colombia,894.7020660545769,1
REC00371,Carmen Davis,3438656694.0,Libra,Orange,Cooking,16/01/2023 10:00,21.563853852426327,70.81493693436738,68.01547347954575,0,2,22.0,7,792.0917712289909,Summer,Colombia,776.2689711418732,0
REC00372,Sofia Smith,3351221190.0,Pisces,Yellow,Gardening,16/01/2023 11:00,19.209238390085552,66.57662910215399,61.366404093838696,0,3,1.0,10,,Fall,Colombia,832.985226445099,0
REC00373,Thomas Gonzalez,3989716340.0,Aries,Black,Cooking,16/01/2023 12:00,23.487803116000368,74.27804560880067,47.22690030331022,0,1,9.0,9,,Fall,Colombia,898.8632421045068,1
REC00374,Ana Johnson,3544995592.0,Sagittarius,Black,Gaming,16/01/2023 13:00,-0.25796868175748244,31.53565637283653,,0,0,1.0,10,1467.1714588134178,Fall,Colombia,1458.5144507630182,1
REC00375,Sofia Sanchez,3853046257.0,Virgo,Gray,Reading,16/01/2023 14:00,25.45655592050105,77.82180065690189,37.026970271345355,0,6,16.0,9,936.8236637040472,Fall,Colombia,914.6086002557544,1
REC00376,Richard Miller,3510402691.0,Pisces,Blue,Gaming,16/01/2023 15:00,21.009423229295738,69.81696181273233,77.25401093847444,0,4,7.0,10,738.9321947213708,Fall,Colombia,723.828495245292,0
REC00377,William Torres,3385156929.0,Cancer,Purple,Hiking,16/01/2023 16:00,18.220200825773876,64.79636148639298,56.92073970755623,0,0,0.0,11,820.2241808468993,,Colombia,798.5346303497536,0
REC00378,Richard Thomas,3708491383.0,Capricorn,Purple,Travel,16/01/2023 17:00,36.37489756575646,97.47481561836163,76.77824916382988,0,5,8.0,3,1201.739811812884,Spring,Colombia,1205.9776024368489,1
REC00379,John Gonzalez,3557938555.0,Sagittarius,Pink,Sports,16/01/2023 18:00,14.600527849675583,58.28095012941605,,0,4,10.0,11,876.2948389729576,Fall,Colombia,885.6272183364705,0
REC00380,Charles Lopez,3093414618.0,Pisces,Pink,Reading,16/01/2023 19:00,16.775392087479755,62.19570575746356,52.14636017390126,0,6,21.0,5,840.0592866849521,Spring,Chile,854.797313729588,0
REC00381,Elena Miller,3893840800.0,Aries,Yellow,Gaming,16/01/2023 20:00,35.93242641763787,96.67836755174817,48.5371982004323,0,2,15.0,8,1241.8514214328948,Summer,Colombia,1242.9693507651666,1
REC00382,Thomas Martinez,3064119455.0,Taurus,Black,Sports,16/01/2023 21:00,,56.01831721016207,73.14260897539613,0,3,6.0,8,910.8151161792517,,Colombia,912.3869320986281,1
REC00383,Ana Rodriguez,3274039288.0,Gemini,Purple,Dancing,16/01/2023 22:00,15.599077736507688,60.07833992571384,49.358532640072866,0,6,9.0,4,896.8558845532773,Spring,Colombia,892.722331982495,0
REC00384,Charles Gonzalez,3165125419.0,Aries,Gray,Dancing,16/01/2023 23:00,18.8237966125532,65.88283390259576,69.66893148622765,0,2,22.0,12,747.5561948854958,Winter,Colombia,750.1421440262059,0
REC00385,Maria Anderson,3101927020.0,Taurus,Purple,Reading,17/01/2023 00:00,26.725875857036392,80.10657654266551,54.26321403496065,0,1,2.0,11,764.3496742089527,,Colombia,767.0222288034881,0
REC00386,Joseph Hernandez,3271803629.0,Taurus,Gray,Travel,17/01/2023 01:00,21.662420058826505,70.99235610588771,30.360550501625706,0,0,17.0,11,844.5639300857238,Fall,Colombia,860.0978111451667,0
REC00387,John Torres,3256123172.0,Libra,Orange,Gardening,17/01/2023 02:00,,49.386195001007415,51.44528898320301,0,5,23.0,1,970.679829274632,Winter,Colombia,951.8474490036022,1
REC00388,Ana Smith,3950171610.0,Capricorn,Orange,Cooking,17/01/2023 03:00,15.742651494982484,60.33677269096847,42.31337678455728,0,4,12.0,1,839.6400561093614,Winter,Colombia,838.1096948644871,0
REC00389,James Ramirez,3167738331.0,Virgo,Blue,Music,17/01/2023 04:00,15.141164534302309,59.25409616174416,60.50854085523506,0,4,6.0,4,763.8984544523217,Spring,Colombia,767.3873331380274,0
REC00390,Ana Taylor,3649571906.0,Pisces,Pink,Travel,17/01/2023 05:00,,66.88801694878815,42.14388396488265,0,0,3.0,6,756.2341430193402,Summer,Colombia,771.1827280843243,0
REC00391,Carmen Anderson,3620884154.0,Sagittarius,Yellow,Travel,17/01/2023 06:00,23.406749269038635,74.13214868426954,73.88962651071925,0,5,12.0,8,832.9909892707301,Summer,Colombia,859.6292514785519,0
REC00392,Lucia Torres,3347513891.0,Leo,Red,Gardening,17/01/2023 07:00,23.345646047103777,74.0221628847868,58.63386209470459,0,0,19.0,6,919.5844180079941,Summer,Colombia,893.4251341570073,1
REC00393,Lucia Sanchez,3918896176.0,Sagittarius,Red,Gaming,17/01/2023 08:00,,42.42543074170301,57.336060078618914,0,1,0.0,12,1121.442921475091,Winter,Colombia,1110.350147312455,1
REC00394,Robert Sanchez,3954116351.0,Pisces,Black,Sports,17/01/2023 09:00,28.511527900486847,83.32075022087632,69.83838206681374,1,2,7.0,9,1040.5134938366587,Fall,Colombia,1072.991850688058,1
REC00395,Thomas Taylor,3891868778.0,Capricorn,Purple,Reading,17/01/2023 10:00,22.02055076797299,71.63699138235138,74.45860401113794,0,6,13.0,9,,Fall,Colombia,814.6997758671185,0
REC00396,Richard Lopez,3048772103.0,Sagittarius,Black,Music,17/01/2023 11:00,31.07625638075125,87.93726148535225,59.69851872345522,0,4,15.0,2,1087.7171622051585,Winter,Colombia,1069.2675388004964,1
REC00397,Maria Lopez,3149408491.0,Taurus,Green,Sports,17/01/2023 12:00,23.553586618325376,74.39645591298567,48.43199550676064,0,1,13.0,10,873.3214389520795,Fall,Colombia,870.8339165060609,0
REC00398,Carmen Davis,3579183793.0,Pisces,Purple,Cooking,17/01/2023 13:00,28.8105836618861,83.85905059139498,33.390455758318055,0,2,11.0,1,1026.18855957442,Winter,Colombia,994.2263416593847,1
REC00399,Carmen Rodriguez,3117566705.0,Sagittarius,Red,Music,17/01/2023 14:00,23.732362491601016,74.71825248488183,49.7092536444723,0,1,18.0,2,,Winter,Colombia,853.4352001224435,0
REC00400,William Miller,3905766952.0,Gemini,Red,Dancing,17/01/2023 15:00,30.769806049621984,87.38565088931958,,0,5,22.0,5,988.5138279163511,Spring,Colombia,1016.850298475335,1
REC00401,Ana Johnson,3348056932.0,Aquarius,Blue,Travel,17/01/2023 16:00,24.17800508814223,75.52040915865601,61.605861794884454,0,4,14.0,4,,Spring,Colombia,887.9925801086232,0
REC00402,William Johnson,3005118708.0,Gemini,Red,Cooking,17/01/2023 17:00,19.21667802845677,66.59002045122219,54.82279678292959,0,6,1.0,4,778.6405366041982,Spring,Colombia,773.7425905699437,0
REC00403,Paula Thomas,3157354096.0,Pisces,Pink,Hiking,17/01/2023 18:00,38.17947776357505,100.72305997443509,70.31899458077142,0,0,1.0,9,1283.1932195023892,Fall,Colombia,1295.2591564779523,1
REC00404,Elena Wilson,3645807980.0,Aquarius,Yellow,Dancing,17/01/2023 19:00,27.112296978239137,80.80213456083044,50.80525093093966,0,0,22.0,11,,,Colombia,866.2949181025203,0
REC00405,Maria Garcia,3210033829.0,Sagittarius,Purple,Cooking,17/01/2023 20:00,24.589955368035305,76.26191966246355,59.144382497205875,0,2,21.0,8,817.8153641225286,Summer,Colombia,851.1686694463459,0
REC00406,Maria Hernandez,3382852599.0,Libra,Black,Gaming,17/01/2023 21:00,9.789564667693313,49.62121640184796,77.75981164795334,1,6,18.0,6,1078.9997510867006,Summer,Colombia,1059.188414537845,1
REC00407,Joseph Gonzalez,3263910229.0,Aquarius,Purple,Hiking,17/01/2023 22:00,9.693539060291698,49.44837030852506,65.12737820932449,0,3,21.0,1,940.5982034958625,,Colombia,958.1606375679715,1
REC00408,William Anderson,3054663245.0,Scorpio,Purple,Reading,17/01/2023 23:00,22.341723857134827,72.21510294284269,59.09943687467153,0,5,21.0,2,804.3388735382442,Winter,Colombia,824.0377960405849,0
REC00409,Paula Perez,3352346830.0,Libra,Red,Sports,18/01/2023 00:00,80.0,70.09550524786266,50.97083337097234,0,2,16.0,6,851.0773730655626,,Colombia,853.3538685117121,0
REC00410,Thomas Taylor,3651306806.0,Sagittarius,Red,Cooking,18/01/2023 01:00,15.08701947993347,59.156635063880245,,0,3,19.0,11,948.7431747222623,Fall,Colombia,940.0837161613896,1
REC00411,Lucia Sanchez,3020439917.0,Scorpio,Green,Dancing,18/01/2023 02:00,,70.03015087441366,47.240801205720786,0,1,9.0,2,886.1474999073415,,Colombia,882.8690186354729,0
REC00412,Sofia Garcia,3196037827.0,Cancer,Gray,Gaming,18/01/2023 03:00,32.70901542434876,90.87622776382777,,0,5,5.0,10,1027.1261943994248,Fall,Colombia,1041.9793777148723,1
REC00413,Maria Sanchez,3509500224.0,Taurus,Blue,Gaming,18/01/2023 04:00,25.56321979640239,78.0137956335243,71.33498758116471,0,1,14.0,5,,Spring,Colombia,905.0916856545321,1
REC00414,Maria Lopez,3221257791.0,Aquarius,Purple,Dancing,18/01/2023 05:00,10.871931921978094,51.56947745956057,56.67167593061597,1,6,21.0,5,1014.1482153672345,,Colombia,1036.8090623147837,1
REC00415,Michael Smith,3570100363.0,Leo,Green,Cooking,18/01/2023 06:00,19.10792938285645,66.3942728891416,39.753403959281535,0,4,10.0,6,862.8320711130318,Summer,Colombia,867.3256691456293,0
REC00416,Ana Wilson,3859417461.0,Taurus,Purple,Music,18/01/2023 07:00,13.560268153179514,56.40848267572313,86.52253939589676,0,5,4.0,6,810.679323852065,Summer,Colombia,789.1788995618467,0
REC00417,Marta Davis,3837375400.0,Cancer,Pink,Photography,18/01/2023 08:00,16.89840066873151,62.41712120371672,64.79947786717744,0,3,0.0,6,802.2835670339364,Summer,Peru,802.3688257868139,0
REC00418,Paula Rodriguez,3870759465.0,Pisces,Red,Photography,18/01/2023 09:00,16.69107467496286,62.04393441493315,,0,4,7.0,2,774.2342025774601,Winter,Colombia,757.0459174822711,0
REC00419,Thomas Wilson,3032899444.0,Taurus,Green,Dancing,18/01/2023 10:00,16.178835339167957,61.12190361050232,53.372266091387644,0,0,20.0,10,952.1412137006909,Fall,Colombia,923.033186946167,1
REC00420,William Torres,3301387707.0,Leo,White,Gaming,18/01/2023 11:00,9.958917024212841,49.92605064358311,61.66329574242627,0,3,11.0,3,,Spring,Colombia,998.801040189847,1
REC00421,William Taylor,3711909681.0,Virgo,Pink,Sports,18/01/2023 12:00,18.97876254785448,66.16177258613806,85.56888139946065,0,2,11.0,6,840.0992858522047,Summer,Colombia,843.830750913312,0
REC00422,Elena Anderson,3300005584.0,Aquarius,Black,Gaming,18/01/2023 13:00,15.51513890522152,59.927250029398735,43.378313126116964,0,0,4.0,8,909.4667190617658,Summer,Colombia,866.0428618405159,0
REC00423,Maria Ramirez,3856574418.0,Aries,Green,Gardening,18/01/2023 14:00,-3.4355895200181443,25.81593886396734,74.6406107903392,0,0,6.0,12,1669.6201443637704,Winter,Colombia,1640.7332761241714,1
REC00424,Isabel Gonzalez,3478856099.0,Pisces,Orange,Gaming,18/01/2023 15:00,36.42377619601331,97.56279715282395,80.99229640458515,0,2,3.0,11,1126.0171657136848,Fall,Colombia,1159.4652562299318,1
REC00425,Carmen Sanchez,3623402287.0,Scorpio,Black,Dancing,18/01/2023 16:00,28.710157233733376,83.67828302072007,,0,5,5.0,12,918.7070103746601,Winter,Colombia,910.964044053442,1
REC00426,John Lopez,3656443334.0,Taurus,White,Cooking,18/01/2023 17:00,16.98959420060003,62.581269561080056,55.837295717096495,0,0,12.0,1,850.19833553333,Winter,Colombia,850.1871356865361,0
REC00427,Maria Smith,3163827272.0,Leo,Blue,Music,18/01/2023 18:00,20.150552397924788,68.27099431626462,44.455361289393444,0,6,19.0,1,796.7817457097144,Winter,Colombia,780.2526834925392,0
REC00428,Elena Rodriguez,3608052615.0,Aquarius,Yellow,Travel,18/01/2023 19:00,10.626765221459506,51.12817739862711,56.94808288379543,0,3,14.0,11,939.2756706412723,Fall,Colombia,954.1752459909734,1
REC00429,Ana Miller,3543423640.0,Scorpio,Red,Music,18/01/2023 20:00,33.565783022486926,92.41840944047647,59.451150384856035,0,4,2.0,2,1051.9119231983198,Winter,Colombia,1068.7040906391333,1
REC00430,John Brown,3252287622.0,Leo,Yellow,Sports,18/01/2023 21:00,80.0,95.3209572047328,,0,0,22.0,11,1127.4521700005844,,Colombia,1140.9735843064566,1
REC00431,James Thomas,3473768297.0,Gemini,Red,Sports,18/01/2023 22:00,21.253549825972197,70.25638968674996,76.3527520653067,0,3,7.0,12,731.6292528782315,Winter,Colombia,743.0678238022001,0
REC00432,James Hernandez,3296490247.0,Virgo,Yellow,Cooking,18/01/2023 23:00,,82.73884127626897,48.7785590306753,0,1,19.0,12,1012.94414469838,,Colombia,996.6376613621998,1
REC00433,Lucia Hernandez,3312535760.0,Aries,Blue,Music,19/01/2023 00:00,21.40229423147139,70.52412961664851,,0,3,15.0,6,825.2414978487918,Summer,Colombia,848.8655213117694,0
REC00434,Maria Sanchez,3410387147.0,Aries,White,Dancing,19/01/2023 01:00,9.306196488992555,48.7511536801866,59.681328310856365,0,4,12.0,9,1010.5859953652889,Fall,Colombia,1023.0382733644752,1
REC00435,Laura Perez,3121251437.0,Scorpio,White,Photography,19/01/2023 02:00,16.70541304829074,62.069743486923336,,0,3,17.0,4,846.526872497124,Spring,Colombia,882.3071203071529,0
REC00436,Joseph Sanchez,3154067486.0,Libra,Orange,Gaming,19/01/2023 03:00,21.055423734175655,69.89976272151618,63.741265315275626,0,2,9.0,3,,Spring,Colombia,820.147828731845,0
REC00437,William Gonzalez,3372688395.0,Capricorn,Pink,Hiking,19/01/2023 04:00,16.363618250052447,61.4545128500944,,0,4,18.0,12,913.5097492609581,Winter,Colombia,888.0891472723353,0
REC00438,Maria Rodriguez,3081868414.0,Capricorn,Orange,Gardening,19/01/2023 05:00,18.25077378051971,64.85139280493549,61.87128149495902,0,5,16.0,8,833.3652340923729,Summer,Colombia,839.9067027096487,0
REC00439,John Miller,3642326328.0,Aquarius,Red,Dancing,19/01/2023 06:00,19.268803539927085,66.68384637186875,82.73167212528372,0,1,23.0,11,758.9795634726826,Fall,Colombia,764.938550768947,0
REC00440,Paula Thomas,3430860481.0,Aquarius,Green,Music,19/01/2023 07:00,19.35297201707631,66.83534963073735,65.72601253443764,0,2,18.0,10,882.6303055959035,Fall,Colombia,873.5658675502455,0
REC00441,Michael Rodriguez,3649249419.0,Gemini,White,Hiking,19/01/2023 08:00,20.418067923979866,68.75252226316375,54.399473624953735,0,5,22.0,9,889.4187656832287,Fall,Colombia,859.9291255356636,0
REC00442,Sofia Thomas,3523338778.0,Scorpio,Red,Photography,19/01/2023 09:00,11.515159468827193,52.72728704388895,52.49703274356006,0,3,4.0,12,945.1541681498609,Winter,Colombia,936.9819531985826,1
REC00443,James Sanchez,3289092653.0,Aquarius,Orange,Dancing,19/01/2023 10:00,14.26387080697651,57.674967452557716,57.45221463483404,0,4,20.0,11,922.3230309346994,Fall,Colombia,936.2738697842017,1
REC00444,William Rodriguez,3962400902.0,Scorpio,White,Reading,19/01/2023 11:00,9.723325874400246,49.50198657392044,84.5510994274596,0,1,22.0,5,905.2133709234364,Spring,Colombia,937.5898223631652,1
REC00445,Paula Brown,3992470844.0,Aries,Red,Hiking,19/01/2023 12:00,27.8225243974896,82.08054391548129,57.25048935710704,0,2,8.0,9,855.580517503972,Fall,Colombia,877.8830427572418,0
REC00446,Sofia Garcia,3641741881.0,Capricorn,Gray,Dancing,19/01/2023 13:00,3.154824465277404,37.67868403749932,,0,5,11.0,2,1336.7097980836681,,Colombia,1335.2454090774188,1
REC00447,Lucia Miller,3303098892.0,Libra,Blue,Photography,19/01/2023 14:00,29.228722746535404,84.61170094376374,52.765296435955456,0,5,20.0,3,1046.8280304108043,Spring,Colombia,1059.9345808748203,1
REC00448,Marta Gonzalez,3914423395.0,Taurus,White,Hiking,19/01/2023 15:00,31.090795178102745,87.96343132058493,76.48475036162947,0,1,0.0,7,1050.1202315945432,Summer,Colombia,1046.220877474728,1
REC00449,Richard Anderson,3905434048.0,Pisces,Gray,Cooking,19/01/2023 16:00,17.582555304139028,63.648599547450246,89.39755882117012,0,6,0.0,7,784.2761404024048,Summer,Colombia,795.3346207271295,0
REC00450,Robert Torres,3118433840.0,Taurus,Orange,Gaming,19/01/2023 17:00,-0.8250967026183886,30.5148259352869,66.75919574147082,0,3,14.0,6,1433.178676835069,Summer,Colombia,1454.3416054609572,1
REC00451,Richard Moore,3982344482.0,Taurus,Black,Gaming,19/01/2023 18:00,17.109515504261676,62.79712790767102,61.24159355678139,0,1,1.0,6,746.3644103883114,Summer,Colombia,769.9050430173728,0
REC00452,Carmen Taylor,3092413021.0,Leo,Red,Gaming,19/01/2023 19:00,19.486526709689446,67.075748077441,60.551742497613525,0,5,21.0,2,764.2932697126961,Winter,Colombia,733.0461795252315,0
REC00453,Joseph Ramirez,3763079262.0,Libra,Gray,Sports,19/01/2023 20:00,11.915214240568693,53.44738563302364,24.235398168213813,0,0,15.0,10,961.530251411126,Fall,Colombia,943.7504964274531,1
REC00454,Paula Garcia,3630474384.0,Cancer,Blue,Travel,19/01/2023 21:00,15.878252849534057,60.5808551291613,71.17726296427226,0,2,7.0,6,924.3206767184186,Summer,Colombia,889.7103176818594,0
REC00455,William Moore,3542058055.0,Aquarius,Yellow,Photography,19/01/2023 22:00,32.24156159090681,90.03481086363226,62.012496239937654,0,1,12.0,4,1079.9162580161599,Spring,Colombia,1069.1172400010578,1
REC00456,William Rodriguez,3179506626.0,Pisces,Yellow,Gaming,19/01/2023 23:00,25.319417298413928,77.57495113714506,66.42513075991087,0,6,20.0,12,895.9373884336322,Winter,Colombia,904.537216605929,1
REC00457,Joseph Wilson,3110900602.0,Cancer,Purple,Music,20/01/2023 00:00,,54.68627675295536,49.328067088744426,0,5,0.0,3,963.5533019751601,Spring,Colombia,937.0864835253614,1
REC00458,Paula Sanchez,3032376841.0,Sagittarius,Blue,Travel,20/01/2023 01:00,7.219206643236543,44.99457195782578,54.23314681534362,0,3,15.0,11,1078.197845741902,Fall,Colombia,1078.8592057691374,1
REC00459,Carmen Gonzalez,3501582497.0,Capricorn,Purple,Gardening,20/01/2023 02:00,17.38386145912183,63.290950626419296,53.834625952452406,1,5,6.0,2,996.1043649721931,Winter,Colombia,991.687529566386,1
REC00460,Richard Miller,3395743957.0,Sagittarius,Purple,Travel,20/01/2023 03:00,18.292345765196494,64.9262223773537,75.32434476109559,1,3,4.0,1,983.2014131968513,Winter,Colombia,984.0579007783616,1
REC00461,Richard Martinez,3053840387.0,Libra,Purple,Hiking,20/01/2023 04:00,23.96959349890653,75.14526829803175,54.3186024509536,0,1,21.0,11,759.4539708869419,Fall,Colombia,818.3920552726222,0
REC00462,Sofia Wilson,3293615839.0,Capricorn,Green,Music,20/01/2023 05:00,15.717466299458728,60.29143933902571,91.23990483164697,0,3,22.0,11,836.5034720295362,Fall,Colombia,804.408771783639,0
REC00463,Charles Wilson,3740177276.0,Cancer,White,Dancing,20/01/2023 06:00,24.09199660289489,75.3655938852108,66.46293628522557,0,4,2.0,5,862.8262550719227,Spring,Colombia,853.0061761527676,0
REC00464,Carmen Taylor,3229633564.0,Scorpio,White,Music,20/01/2023 07:00,35.48123232048184,95.8662181768673,40.864760100064025,0,4,11.0,2,1202.1982947577133,Winter,Colombia,1195.601833540343,1
REC00465,Richard Lopez,3077380909.0,Capricorn,Yellow,Sports,20/01/2023 08:00,26.5240081795541,79.74321472319738,58.071805601220646,0,4,15.0,2,866.3462941622287,Winter,Peru,867.5818154076399,0
REC00466,Robert Garcia,3041877706.0,Gemini,Red,Gaming,20/01/2023 09:00,19.61529194135382,67.30752549443687,50.22487316765377,0,6,18.0,7,904.7401029842227,Summer,Colombia,8000.0,1
REC00467,Isabel Moore,3403145645.0,Gemini,Pink,Gardening,20/01/2023 10:00,18.534796231573644,65.36263321683256,,0,6,4.0,8,839.9325498986744,Summer,Colombia,851.8781286155994,0
REC00468,Charles Miller,3506741324.0,Pisces,Blue,Gaming,20/01/2023 11:00,17.14661492656103,62.86390686780985,83.99206410170684,0,0,21.0,10,830.7647607626743,Fall,Colombia,818.4331737165289,0
REC00469,Joseph Martinez,3633381434.0,Libra,Pink,Reading,20/01/2023 12:00,29.445127299617155,85.00122913931088,70.54713813330005,0,6,13.0,8,907.1590875218501,Summer,Colombia,933.3010544098328,1
REC00470,Laura Perez,3148892604.0,Aquarius,Orange,Gardening,20/01/2023 13:00,14.981492432389576,58.96668637830124,67.99810976848968,0,1,4.0,4,792.3184459099601,Spring,Colombia,788.5970772605492,0
REC00471,Robert Anderson,3338682051.0,Pisces,Red,Reading,20/01/2023 14:00,20.36178167199986,68.65120700959974,62.481054904495565,0,5,14.0,1,,Winter,Colombia,854.4855005040587,0
REC00472,Michael Miller,3741025089.0,Sagittarius,Purple,Dancing,20/01/2023 15:00,20.409583215048684,68.73724978708763,39.269736469613434,0,5,16.0,11,826.2834135584151,Fall,Colombia,830.2567962348731,0
REC00473,Isabel Ramirez,3630841761.0,Aquarius,Gray,Gardening,20/01/2023 16:00,,60.77430762351394,52.74574290666845,0,0,13.0,7,867.9452266746861,Summer,Colombia,860.5278708252656,0
REC00474,Richard Ramirez,3146998890.0,Cancer,Green,Gaming,20/01/2023 17:00,9.020275616927194,48.23649611046895,72.6267116217602,0,6,19.0,1,1051.8833596500804,Winter,Colombia,1071.7100474947654,1
REC00475,Carmen Smith,3693372245.0,Cancer,Gray,Sports,20/01/2023 18:00,22.583796028941347,72.65083285209442,44.23169955326246,0,3,4.0,11,820.0246401577426,Fall,Colombia,839.3411755756619,0
REC00476,Paula Thomas,3661888388.0,Aries,Gray,Dancing,20/01/2023 19:00,19.51196822515693,67.12154280528247,22.023460256237797,0,0,11.0,4,910.217312160317,Spring,Colombia,905.4829697397892,1
REC00477,Maria Rodriguez,3804716552.0,Aries,Pink,Gardening,20/01/2023 20:00,24.00192375549256,75.2034627598866,56.59340988328611,0,3,15.0,8,847.9691547744942,Summer,Colombia,834.3981616820731,0
REC00478,William Johnson,3793559571.0,Gemini,Black,Cooking,20/01/2023 21:00,15.731197548486666,60.316155587276,57.873636689586924,0,3,15.0,2,826.1090356975667,Winter,Colombia,863.606348807601,0
REC00479,David Hernandez,3901345428.0,Pisces,Green,Sports,20/01/2023 22:00,29.766570390504384,85.5798267029079,62.033451246220636,0,2,20.0,6,,,Colombia,1023.43811360742,1
REC00480,Maria Davis,3778959230.0,Libra,Orange,Gaming,20/01/2023 23:00,12.985809750305242,55.37445755054944,,0,5,6.0,6,880.8574009213585,Summer,Colombia,891.7214309288852,0
REC00481,Joseph Thomas,3750093323.0,Sagittarius,Green,Reading,21/01/2023 00:00,33.69632227214314,92.65338008985766,69.56408718346813,0,4,3.0,12,1138.822959230963,,Colombia,1142.6790809771114,1
REC00482,Carmen Torres,3128954843.0,Cancer,Purple,Photography,21/01/2023 01:00,6.018907921373907,42.83403425847303,63.881547078658826,0,6,0.0,9,1083.2375133313938,Fall,Colombia,1110.0278718026946,1
REC00483,Elena Rodriguez,3166086225.0,Taurus,Purple,Reading,21/01/2023 02:00,23.47816051645513,74.26068892961923,77.93297082130064,0,3,4.0,5,875.038420227829,Spring,Colombia,892.0707650315632,0
REC00484,William Johnson,3561912386.0,Virgo,Purple,Gaming,21/01/2023 03:00,23.803445460212988,74.84620182838339,37.21545328780028,0,2,22.0,10,862.622514632754,Fall,Colombia,843.3000081221478,0
REC00485,Thomas Davis,3542920324.0,Virgo,Red,Travel,21/01/2023 04:00,13.635543456472941,56.543978221651294,67.56872721716086,0,5,9.0,4,953.9034260248172,Spring,Colombia,953.246158545213,1
REC00486,William Ramirez,3588634043.0,Sagittarius,Black,Hiking,21/01/2023 05:00,23.3951515028881,74.11127270519859,69.39807545005414,0,4,21.0,5,796.6944146857755,Spring,Colombia,804.3499827199668,0
REC00487,Elena Perez,3536233012.0,Cancer,Red,Music,21/01/2023 06:00,,86.42506884454629,41.40656570879641,0,3,4.0,12,955.4098519441603,Winter,Colombia,957.739618996781,1
REC00488,Sofia Miller,3097738163.0,Scorpio,Purple,Gaming,21/01/2023 07:00,2.2654492851674846,36.07780871330147,37.45694086976416,0,3,3.0,12,1317.993446232315,Winter,Colombia,1308.209209739029,1
REC00489,John Anderson,3454102959.0,Gemini,Orange,Cooking,21/01/2023 08:00,24.021958459926516,75.23952522786773,48.81086810286598,1,0,1.0,10,997.5932415270506,Fall,Colombia,988.7833516037839,1
REC00490,Lucia Rodriguez,3889166809.0,Taurus,Purple,Gaming,21/01/2023 09:00,0.05383343735937984,32.09690018724688,50.07687836227062,0,0,19.0,11,1474.4432787813982,Fall,Colombia,1475.9438187893343,1
REC00491,Marta Sanchez,3149097362.0,Sagittarius,Red,Cooking,21/01/2023 10:00,12.274681571814336,54.09442682926581,71.30129195253646,0,5,9.0,5,,Spring,Colombia,936.1939463479127,1
REC00492,Carmen Davis,3034869992.0,Virgo,Green,Reading,21/01/2023 11:00,33.03333091920756,91.4599956545736,50.78191824463357,0,4,18.0,8,1179.3042261936246,Summer,Colombia,1159.8949734554913,1
REC00493,Carmen Davis,3363250576.0,Aquarius,Gray,Travel,21/01/2023 12:00,15.345743732863568,59.62233871915443,47.15477222578194,1,3,0.0,10,853.0814464316809,Fall,Colombia,844.8140058490729,0
REC00494,Paula Miller,3830033973.0,Scorpio,Green,Gardening,21/01/2023 13:00,10.60896028472822,51.096128512510795,50.82549394958161,0,5,23.0,12,876.4902959986443,,Colombia,875.398060340443,0
REC00495,Paula Anderson,3114118630.0,Aquarius,Purple,Gaming,21/01/2023 14:00,18.416498168122544,65.14969670262057,76.77948501231317,0,5,4.0,8,844.1730079264652,Summer,Colombia,831.0265860240744,0
REC00496,William Smith,3511228905.0,Capricorn,Yellow,Hiking,21/01/2023 15:00,36.54325070530842,97.77785126955516,60.19565061565428,0,1,12.0,2,1267.36839853418,Winter,Colombia,1261.0830500981563,1
REC00497,Thomas Rodriguez,3927995459.0,Sagittarius,Green,Dancing,21/01/2023 16:00,5.346542022351791,41.62377564023322,57.31123461964632,0,6,3.0,7,1167.5222935351383,Summer,Colombia,1146.3062920990194,1
REC00498,Ana Perez,3729279977.0,Aries,White,Cooking,21/01/2023 17:00,11.589520706885244,52.861137272393435,,0,0,15.0,8,976.671771341912,Summer,Colombia,958.6805438071458,1
REC00499,David Moore,3898504482.0,Aries,Gray,Hiking,21/01/2023 18:00,31.97945346543701,89.56301623778663,79.38090501489785,0,4,23.0,11,,Fall,Colombia,1038.098785780011,1
REC00500,Isabel Smith,3808870231.0,Aquarius,White,Dancing,21/01/2023 19:00,34.86161874830186,94.75091374694334,48.76242410095137,0,3,15.0,6,1127.0061914752541,Summer,Colombia,1148.7254548900883,1
REC00501,John Thomas,3368469900.0,Leo,Gray,Gardening,21/01/2023 20:00,19.17255020567773,66.51059037021992,79.73262436410155,0,5,22.0,5,809.8214622982921,Spring,Colombia,823.8464531863737,0
REC00502,Laura Ramirez,3855463072.0,Sagittarius,Black,Music,21/01/2023 21:00,10.08757837978686,50.15764108361635,63.15744448382255,0,3,1.0,11,1006.6835084949452,Fall,Colombia,987.1607346936067,1
REC00503,Sofia Torres,3332758542.0,Libra,White,Gaming,21/01/2023 22:00,36.76674801447327,98.18014642605189,57.593709270369786,0,1,16.0,9,1288.9816026930898,Fall,Colombia,1320.5077826285146,1
REC00504,Sofia Brown,3422994622.0,Libra,Green,Cooking,21/01/2023 23:00,32.75553913399357,90.95997044118843,,0,4,19.0,3,1182.4929874663703,Spring,Colombia,1174.5978396842104,1
REC00505,Lucia Miller,3833501710.0,Taurus,Gray,Reading,22/01/2023 00:00,,77.77683662377615,44.165407653021056,0,5,23.0,12,861.2678247323299,Winter,Colombia,854.0169629104707,0
REC00506,David Anderson,3592590110.0,Gemini,Black,Dancing,22/01/2023 01:00,13.50078120850064,56.30140617530115,54.69471360649491,0,3,11.0,10,947.5691719972785,Fall,Colombia,924.3162108235547,1
REC00507,Charles Anderson,3881264490.0,Cancer,Pink,Cooking,22/01/2023 02:00,19.607765273295705,67.29397749193227,41.51353141254,0,0,17.0,4,792.910647367573,,Colombia,789.3038735542953,0
REC00508,Isabel Gonzalez,3036919707.0,Taurus,Yellow,Travel,22/01/2023 03:00,18.717119351641355,65.69081483295443,,0,6,2.0,9,754.3480302796846,Fall,Colombia,781.2122180913626,0
REC00509,John Perez,3106556937.0,Capricorn,Blue,Music,22/01/2023 04:00,22.64681043692462,72.76425878646432,85.33783400477519,0,1,0.0,6,783.5980260602926,Summer,Colombia,802.7851252732551,0
REC00510,Thomas Sanchez,3488602168.0,Sagittarius,Black,Cooking,22/01/2023 05:00,31.60801150505069,88.89442070909124,85.04884172106958,0,4,0.0,8,1020.4917683051816,Summer,Colombia,1044.131678743138,1
REC00511,Lucia Garcia,3830628038.0,Leo,Green,Dancing,22/01/2023 06:00,27.035336329099223,80.6636053923786,78.35923129719006,0,1,18.0,7,889.045011605067,,Colombia,899.8038909317298,1
REC00512,Laura Gonzalez,3529190048.0,Libra,Green,Photography,22/01/2023 07:00,11.380991384121934,52.48578449141948,57.035692983060514,0,0,10.0,11,989.6265337223452,Fall,Colombia,993.2845650708238,1
REC00513,Isabel Lopez,3116656902.0,Aquarius,Yellow,Gardening,22/01/2023 08:00,31.0119716001563,87.82154888028134,54.521385337652305,0,4,4.0,2,958.521578581017,Winter,Colombia,981.8304091054382,1
REC00514,Isabel Hernandez,3732860804.0,Sagittarius,Yellow,Music,22/01/2023 09:00,22.505057120105242,72.50910281618944,34.93245341258903,0,1,11.0,3,881.7394819709403,Spring,Colombia,852.3262421578945,0
REC00515,Marta Taylor,3902390233.0,Leo,Black,Music,22/01/2023 10:00,25.49652636687133,77.89374746036839,90.53810302772689,1,2,2.0,1,928.7678344788491,Winter,Colombia,955.2734619178979,1
REC00516,Ana Taylor,3943805820.0,Virgo,Purple,Photography,22/01/2023 11:00,,89.11818837361189,67.03467117222702,0,0,0.0,9,1017.7470544127638,Fall,Colombia,990.8249859355142,1
REC00517,Ana Wilson,3579089148.0,Cancer,Yellow,Gardening,22/01/2023 12:00,11.10735800389159,51.993244407004866,52.620646426957755,0,0,0.0,7,925.1603932115065,Summer,Colombia,901.4571325827197,1
REC00518,Sofia Rodriguez,3426854006.0,Scorpio,Purple,Travel,22/01/2023 13:00,,67.48411166662694,79.92085333480452,0,0,7.0,1,749.8978280827829,Winter,Colombia,731.9317770890021,0
REC00519,David Miller,3059720271.0,Aries,Pink,Reading,22/01/2023 14:00,15.74836358912628,60.3470544604273,45.40853224859999,0,2,9.0,3,853.32111781235,Spring,Colombia,867.1964499622851,0
REC00520,John Brown,3759823483.0,Aries,Green,Music,22/01/2023 15:00,7.457124597076353,45.42282427473744,66.0993305133401,0,2,10.0,4,1073.6358767974896,Spring,Colombia,1066.7868592139516,1
REC00521,Joseph Miller,3348358456.0,Leo,Black,Travel,22/01/2023 16:00,22.77367982083936,72.99262367751085,57.41056298563748,0,3,11.0,4,815.3532873778216,Spring,Colombia,840.900710048834,0
REC00522,Maria Johnson,3016372807.0,Capricorn,Yellow,Music,22/01/2023 17:00,40.092452412675385,104.16641434281568,69.58015709820451,0,5,12.0,5,1490.4530291377139,,Colombia,1472.234888437039,1
REC00523,Lucia Sanchez,3699806677.0,Sagittarius,Pink,Reading,22/01/2023 18:00,5.279378043953978,41.50288047911716,59.04639691220818,0,6,11.0,3,1199.9106486401313,Spring,Colombia,1201.3903442708568,1
REC00524,Robert Hernandez,3630655969.0,Taurus,Black,Photography,22/01/2023 19:00,19.74175511160424,67.53515920088763,38.23608163333164,0,1,13.0,3,851.2014115275333,Spring,Colombia,859.387815819267,0
REC00525,Joseph Perez,3947667111.0,Aquarius,Gray,Reading,22/01/2023 20:00,25.12434348059819,77.22381826507674,61.13364559005057,0,3,1.0,1,854.7300548455773,Winter,Colombia,879.2049517787027,0
REC00526,Elena Moore,3589369627.0,Gemini,Blue,Hiking,22/01/2023 21:00,,69.77232610384901,,0,1,18.0,7,,Summer,Colombia,874.4767084306148,0
REC00527,Isabel Lopez,3809696291.0,Scorpio,Gray,Gaming,22/01/2023 22:00,19.094975579874077,66.37095604377333,,0,6,17.0,11,818.6555390685954,Fall,Colombia,839.4263562093106,0
REC00528,Laura Anderson,3776280887.0,Leo,Red,Gaming,22/01/2023 23:00,9.606269092433406,49.29128436638013,71.6267268238363,0,5,2.0,10,965.7861757520405,Fall,Colombia,943.5302118397824,1
REC00529,Thomas Johnson,3956921006.0,Gemini,Purple,Photography,23/01/2023 00:00,,71.35212909833835,44.3170577148892,0,2,22.0,1,809.6584289992919,Winter,Colombia,817.715097568788,0
REC00530,James Anderson,3765127878.0,Virgo,Red,Reading,23/01/2023 01:00,,57.10259873097066,,0,5,16.0,2,924.5425120770353,Winter,Colombia,927.9290892193362,1
REC00531,Isabel Anderson,3226221171.0,Virgo,Orange,Music,23/01/2023 02:00,2.4806263601715735,36.465127448308834,50.63234317367134,0,2,7.0,4,1329.4175385449016,Spring,Colombia,1316.3064513791326,1
REC00532,Maria Perez,3093564839.0,Leo,Pink,Dancing,23/01/2023 03:00,29.556737764109847,85.20212797539773,71.20471260157065,0,6,9.0,4,1070.757154397874,Spring,Colombia,1034.6437768355488,1
REC00533,Michael Thomas,3616250682.0,Leo,Purple,Sports,23/01/2023 04:00,27.66708655873634,81.80075580572542,,0,5,1.0,5,,Spring,Colombia,866.5174041884464,0
REC00534,James Anderson,3825053098.0,Virgo,Pink,Travel,23/01/2023 05:00,20.413287814808637,68.74391806665554,70.35110514504919,1,3,18.0,11,,Fall,Colombia,946.1759590217135,1
REC00535,Carmen Martinez,3069096314.0,Taurus,Gray,Music,23/01/2023 06:00,21.83259750564562,71.29867551016211,76.315656392368,1,4,8.0,2,943.0269211945105,Winter,Colombia,981.8783326232586,1
REC00536,Michael Martinez,3459537985.0,Virgo,White,Travel,23/01/2023 07:00,28.59454410172449,83.47017938310408,70.37427862682082,0,3,6.0,4,1000.7114787790917,Spring,Colombia,953.5191935970897,1
REC00537,Robert Garcia,3575590152.0,Taurus,Purple,Photography,23/01/2023 08:00,21.79471725422466,71.23049105760438,64.09677651440467,0,1,3.0,1,,Winter,Colombia,842.3902937821092,0
REC00538,Paula Anderson,3248400005.0,Gemini,Green,Reading,23/01/2023 09:00,27.232140438090514,81.01785278856292,45.026816122328924,0,3,20.0,2,929.6697415897279,Winter,Colombia,925.9006696611423,1
REC00539,Michael Thomas,3529393270.0,Taurus,Pink,Music,23/01/2023 10:00,17.6201423930092,63.71625630741656,59.95820833999648,0,6,17.0,1,782.9249123355509,Winter,Colombia,808.3346772471873,0
REC00540,Michael Davis,3743436409.0,Aries,Green,Gaming,23/01/2023 11:00,30.495869908591573,86.89256583546482,52.00364396976251,0,0,12.0,10,994.5520033351722,Fall,Colombia,975.2874726572934,1
REC00541,Isabel Gonzalez,3816186176.0,Pisces,White,Photography,23/01/2023 12:00,,72.61931445343065,54.8390406494366,0,1,10.0,10,868.6244011208917,Fall,Colombia,870.7840748411438,0
REC00542,Joseph Taylor,3175552386.0,Aries,Yellow,Hiking,23/01/2023 13:00,21.55241554884699,70.79434798792458,54.38198773874624,0,5,23.0,4,815.0443917692944,Spring,Colombia,817.3040142314267,0
REC00543,William Garcia,3611795965.0,Sagittarius,Pink,Music,23/01/2023 14:00,9.839511290303744,49.71112032254674,45.30111637826633,0,1,3.0,4,928.7952981545249,Spring,Colombia,910.9061212924223,1
REC00544,John Thomas,3432678857.0,Cancer,Red,Cooking,23/01/2023 15:00,22.29564683441367,72.13216430194461,30.639921162990152,0,4,20.0,7,866.3752709555671,,Colombia,859.6877760181011,0
REC00545,Marta Taylor,3278007204.0,Leo,Pink,Gaming,23/01/2023 16:00,13.34436066004439,56.0198491880799,,1,2,3.0,10,967.9789785939195,Fall,Colombia,991.6952768142183,1
REC00546,Isabel Smith,3782427006.0,Capricorn,Yellow,Travel,23/01/2023 17:00,14.893738187772048,58.80872873798968,62.90069177886239,0,5,9.0,11,836.566959540601,,Colombia,843.0617982422405,0
REC00547,Joseph Gonzalez,3316452438.0,Libra,Gray,Dancing,23/01/2023 18:00,13.476994973471031,56.25859095224786,39.77734431858765,0,1,4.0,11,921.2473385095868,Fall,Colombia,908.0242799363599,1
REC00548,Michael Davis,3338886944.0,Taurus,Black,Reading,23/01/2023 19:00,,52.64621698065116,60.235233547074365,0,5,8.0,9,954.2420637859133,Fall,Colombia,944.0370193378129,1
REC00549,William Torres,3979541640.0,Pisces,Red,Travel,23/01/2023 20:00,36.99817122413569,98.59670820344425,88.50402636466447,0,5,23.0,9,1288.9515934377873,Fall,Colombia,1283.7112619506179,1
REC00550,William Anderson,3104858676.0,Aquarius,Red,Reading,23/01/2023 21:00,30.650712495907225,87.17128249263301,,0,5,2.0,5,967.4868762641927,Spring,Colombia,948.8184171746755,1
REC00551,John Sanchez,3498711756.0,Capricorn,White,Gardening,23/01/2023 22:00,35.36294001715409,95.65329203087735,84.65312263680794,0,2,16.0,10,,,Colombia,1162.9648696406446,1
REC00552,Robert Garcia,3005408091.0,Sagittarius,Gray,Photography,23/01/2023 23:00,10.216839843555489,50.39031171839988,65.8669181539909,0,6,2.0,1,928.8132498806777,Winter,Colombia,925.2398543762963,1
REC00553,Michael Hernandez,3256574514.0,Pisces,Red,Travel,24/01/2023 00:00,20.57002999928714,69.02605399871685,77.51264734479669,0,3,15.0,1,,,Colombia,846.6814763770382,0
REC00554,Robert Taylor,3393384774.0,Cancer,Blue,Gaming,24/01/2023 01:00,9.651938998367234,49.37349019706102,,0,5,3.0,6,936.0913495925539,Summer,Colombia,945.0843534694102,1
REC00555,Lucia Hernandez,3969670553.0,Capricorn,Green,Cooking,24/01/2023 02:00,14.434440982423489,57.98199376836228,50.334895994670234,0,0,17.0,2,903.1011720757791,Winter,Colombia,887.8231139042663,0
REC00556,Thomas Torres,3370830223.0,Capricorn,Purple,Dancing,24/01/2023 03:00,12.654984132667401,54.77897143880132,18.912896907937906,0,6,16.0,8,936.4746037817563,Summer,Colombia,944.2824931240991,1
REC00557,Marta Wilson,3370769959.0,Aries,Blue,Music,24/01/2023 04:00,29.916672051532494,85.85000969275849,77.79218211063449,0,4,6.0,9,,,Colombia,940.6634020746125,1
REC00558,Laura Taylor,3098498809.0,Scorpio,Black,Sports,24/01/2023 05:00,16.83016257518592,62.294292635334656,,0,2,23.0,4,791.5982491560512,Spring,Colombia,812.4273081915476,0
REC00559,Maria Anderson,3782039257.0,Cancer,Pink,Photography,24/01/2023 06:00,28.547034669552133,83.38466240519384,51.702341319790946,0,1,22.0,5,861.2759643502684,Spring,Colombia,841.2086464956855,0
REC00560,Sofia Moore,3928977074.0,Libra,Gray,Sports,24/01/2023 07:00,24.832967116708144,76.69934081007466,56.190724404041475,0,2,4.0,11,861.6735428380035,Fall,Colombia,850.7042773671922,0
REC00561,Laura Wilson,3503475750.0,Gemini,Orange,Gaming,24/01/2023 08:00,38.42911001683831,101.17239803030895,48.692068294635575,0,1,11.0,8,,Summer,Colombia,1355.8800121114284,1
REC00562,Joseph Moore,3476430518.0,Aquarius,Orange,Gardening,24/01/2023 09:00,8.164446214882208,46.696003186787976,65.73980327216238,0,2,16.0,3,1090.0079400807813,Spring,Mexico,1124.532219319939,1
REC00563,Paula Ramirez,3013100767.0,Pisces,Blue,Music,24/01/2023 10:00,30.07386591829439,86.1329586529299,76.8739881795486,0,1,22.0,5,911.4325542541891,Spring,Colombia,914.6415551195017,1
REC00564,Thomas Moore,3440235171.0,Sagittarius,Red,Music,24/01/2023 11:00,29.17152696320582,84.50874853377047,33.858420391784385,0,5,12.0,3,898.2413269602364,Spring,Colombia,903.8435471152366,1
REC00565,John Davis,3442164969.0,Leo,Pink,Music,24/01/2023 12:00,12.212969295783722,53.9833447324107,66.14157795963378,0,3,22.0,12,910.0680764078413,Winter,Colombia,915.6795105398123,1
REC00566,Lucia Rodriguez,3137729400.0,Leo,Gray,Reading,24/01/2023 13:00,28.057066691785277,82.5027200452135,,0,1,2.0,10,,Fall,Colombia,911.2355662463336,1
REC00567,William Perez,3896316096.0,Gemini,Yellow,Dancing,24/01/2023 14:00,22.689159704209832,72.8404874675777,61.70091587950034,1,1,8.0,3,913.5879636152728,Spring,Colombia,920.510049050873,1
REC00568,Paula Davis,3580051440.0,Aquarius,Pink,Travel,24/01/2023 15:00,18.180189920372737,64.72434185667092,66.88491002511437,0,0,16.0,3,810.7705005428388,Spring,Colombia,793.7776048887058,0
REC00569,Robert Sanchez,3599384660.0,Sagittarius,Purple,Dancing,24/01/2023 16:00,13.408516104224002,56.1353289876032,57.17696341840768,0,1,16.0,12,938.4103320828266,Winter,Colombia,976.6673591497831,1
REC00570,William Johnson,3640977356.0,Gemini,White,Travel,24/01/2023 17:00,14.247124388406512,57.64482389913172,58.44619719891329,0,0,19.0,7,991.7536776885811,Summer,Colombia,956.207782327972,1
REC00571,Isabel Wilson,3135737074.0,Taurus,Gray,Photography,24/01/2023 18:00,,97.51729417931733,56.79187248668042,0,4,15.0,7,1163.544596443192,Summer,Colombia,1153.8677739426628,1
REC00572,Carmen Garcia,3648081881.0,Aquarius,Pink,Reading,24/01/2023 19:00,20.00546255165986,68.00983259298775,74.55474302682423,1,5,21.0,7,,Summer,Colombia,881.6711235889459,0
REC00573,Isabel Anderson,3421454508.0,Sagittarius,Gray,Dancing,24/01/2023 20:00,26.25704001225167,79.26267202205301,,0,0,12.0,10,993.4301896911921,Fall,Colombia,975.2935067637336,1
REC00574,Carmen Ramirez,3667230088.0,Pisces,Yellow,Reading,24/01/2023 21:00,13.672804946659575,56.61104890398723,63.30875306606041,0,3,18.0,8,861.9708986500399,Summer,Colombia,891.0075935534086,0
REC00575,Lucia Lopez,3523777060.0,Pisces,Red,Cooking,24/01/2023 22:00,13.76117643022689,56.7701175744084,40.93572418361576,0,6,16.0,5,875.4658718380483,Spring,Mexico,888.7598899410686,0
REC00576,John Torres,3421312086.0,Sagittarius,Black,Photography,24/01/2023 23:00,28.655878473999536,83.58058125319917,54.32130385180269,0,5,3.0,5,898.654466481987,Spring,Colombia,901.075975129798,1
REC00577,John Martinez,3929707648.0,Capricorn,White,Dancing,25/01/2023 00:00,9.203390307587743,48.566102553657934,73.48003740508761,0,0,11.0,4,1007.3254997333527,Spring,Colombia,980.0142923247091,1
REC00578,Maria Johnson,3968474305.0,Pisces,White,Reading,25/01/2023 01:00,16.67828985675783,62.02092174216409,60.56544859685884,0,5,8.0,7,797.4296760219239,Summer,Colombia,798.3596076444551,0
REC00579,Thomas Miller,3522191166.0,Cancer,Red,Gaming,25/01/2023 02:00,20.272219288577855,68.48999471944013,69.89297204383708,0,5,18.0,10,901.2141408647037,Fall,Colombia,892.2130474410008,0
REC00580,Ana Garcia,3594882090.0,Cancer,Purple,Hiking,25/01/2023 03:00,20.890980814720418,69.60376546649675,86.49767700491451,0,5,11.0,4,765.6817140496703,Spring,Colombia,777.4732939683928,0
REC00581,David Perez,3138700187.0,Aquarius,Orange,Travel,25/01/2023 04:00,18.56725371987075,65.42105669576735,75.57909103813225,0,4,8.0,2,872.7068423185364,Winter,Colombia,862.9700009391865,0
REC00582,William Garcia,3390351203.0,Capricorn,Black,Music,25/01/2023 05:00,23.166558248767384,73.6998048477813,61.397375065496135,0,3,6.0,4,884.0486082840503,Spring,Colombia,850.5038164245611,0
REC00583,Maria Brown,3841332382.0,Virgo,Blue,Hiking,25/01/2023 06:00,25.542846046542493,77.97712288377649,52.33516244706409,0,2,13.0,8,857.9461953209436,Summer,Colombia,838.0356614874613,0
REC00584,Michael Rodriguez,3297642600.0,Sagittarius,Blue,Sports,25/01/2023 07:00,25.87710036367464,78.57878065461435,21.69675605916153,0,2,19.0,9,,,Colombia,864.8397269232539,0
REC00585,Elena Garcia,3188676036.0,Scorpio,Black,Reading,25/01/2023 08:00,12.113569530657387,53.804425155183296,57.474226162907215,0,0,18.0,3,1005.3306628026363,Spring,Colombia,991.820845857327,1
REC00586,Lucia Hernandez,3320745700.0,Capricorn,Purple,Sports,25/01/2023 09:00,17.726759216569622,63.90816658982532,55.109812562747265,0,5,14.0,7,890.6174433904025,,Colombia,879.0671042982583,0
REC00587,James Thomas,3218989272.0,Gemini,Purple,Cooking,25/01/2023 10:00,-40.0,85.2045852110279,65.85549291593064,0,0,15.0,12,972.4763215863456,Winter,Colombia,962.3445681524001,1
REC00588,Isabel Taylor,3653952263.0,Virgo,Yellow,Gaming,25/01/2023 11:00,27.15717750059098,80.88291950106377,57.69142159537969,0,4,20.0,9,997.1668120141037,Fall,Colombia,974.9277447968955,1
REC00589,Elena Miller,3981831585.0,Libra,Green,Travel,25/01/2023 12:00,9.017124388151489,48.23082389867268,55.19422410844808,0,4,4.0,11,1051.2863180729266,,Colombia,1029.1967639961772,1
REC00590,Joseph Davis,3192665062.0,Virgo,Pink,Cooking,25/01/2023 13:00,22.811839202817612,73.06131056507171,33.30901604239169,0,1,2.0,4,820.0785953368835,,Colombia,822.6217672743812,0
REC00591,Ana Ramirez,3921969200.0,Gemini,Purple,Gardening,25/01/2023 14:00,4.174198005001518,39.51355640900273,45.900482562749005,1,4,11.0,10,1302.5151852919557,Fall,Colombia,1289.6776040624004,1
REC00592,Laura Gonzalez,3182125919.0,Sagittarius,Blue,Photography,25/01/2023 15:00,20.375479216482958,68.67586258966932,67.14976561200837,0,1,19.0,3,826.0116304009483,Spring,Colombia,833.6735288241442,0
REC00593,Joseph Taylor,3140371385.0,Cancer,Red,Cooking,25/01/2023 16:00,35.182136133967816,95.32784504114207,85.73861446699041,0,3,20.0,5,1188.7399082174009,Spring,Colombia,1207.2013561437125,1
REC00594,Thomas Garcia,3501037690.0,Taurus,Blue,Hiking,25/01/2023 17:00,12.416858261848109,54.3503448713266,58.537119243815646,0,0,3.0,1,873.3223896513728,Winter,Mexico,878.7122647654525,0
REC00595,Lucia Johnson,3208857546.0,Sagittarius,Green,Travel,25/01/2023 18:00,13.325415636067344,55.98574814492122,,0,6,20.0,3,,Spring,Colombia,954.3834017762756,1
REC00596,Michael Martinez,3384151342.0,Gemini,Black,Hiking,25/01/2023 19:00,26.112238252582877,79.00202885464918,74.28717235429208,0,3,22.0,8,761.6166016965727,Summer,Colombia,794.8482214801326,0
REC00597,Elena Brown,3607223832.0,Virgo,Green,Travel,25/01/2023 20:00,7.657587878322833,45.7836581809811,47.836590956996254,1,4,15.0,11,1135.93881549767,Fall,Colombia,1118.7321643093355,1
REC00598,Ana Taylor,3531252354.0,Leo,Gray,Music,25/01/2023 21:00,14.937959760919687,58.88832756965544,65.50221064928164,1,3,6.0,8,,Summer,Colombia,945.6712215323997,1
REC00599,Michael Johnson,3739770284.0,Taurus,Pink,Dancing,25/01/2023 22:00,24.77152910065402,76.58875238117724,48.892648405017624,0,3,12.0,4,918.7857971750325,Spring,Colombia,864.4894583853061,0
REC00600,Richard Hernandez,3625750385.0,Aries,Gray,Travel,25/01/2023 23:00,14.925713218484775,58.86628379327259,72.97236657736516,1,3,20.0,2,993.5782175996069,Winter,Colombia,963.5406349236805,1
REC00601,Maria Gonzalez,3595874803.0,Sagittarius,Yellow,Hiking,26/01/2023 00:00,18.112240102312228,64.60203218416201,62.27104571927599,0,4,9.0,8,779.4030128965551,Summer,Colombia,784.6231873800014,0
REC00602,Lucia Thomas,3997823074.0,Gemini,Purple,Sports,26/01/2023 01:00,25.953485682520277,78.71627422853649,64.4767772097216,0,6,6.0,8,854.1363486611635,Summer,Mexico,853.9478214498881,0
REC00603,Charles Johnson,3821736799.0,Libra,Yellow,Cooking,26/01/2023 02:00,23.37236866829249,74.07026360292649,48.26102103872117,0,5,13.0,10,871.0085388040363,Fall,Colombia,864.9491013322906,0
REC00604,Sofia Garcia,3127006497.0,Sagittarius,Green,Cooking,26/01/2023 03:00,22.134547170363216,71.84218490665378,70.60548539416178,0,3,4.0,4,821.1903889520493,Spring,Colombia,832.9735967118281,0
REC00605,Richard Miller,3667925988.0,Sagittarius,Gray,Travel,26/01/2023 04:00,17.28702176583969,63.11663917851144,,0,1,2.0,3,817.649004625119,Spring,Colombia,813.7966216733803,0
REC00606,Richard Perez,3952825843.0,Pisces,Red,Gardening,26/01/2023 05:00,22.960488922151644,73.32888005987296,44.88132456857691,0,4,22.0,2,804.9625793036208,Winter,Colombia,807.8425788576541,0
REC00607,Charles Wilson,3382510276.0,Capricorn,Pink,Travel,26/01/2023 06:00,19.01013855920195,66.2182494065635,54.90361488528714,0,3,10.0,9,896.6643096349623,Fall,Colombia,898.5497639795816,1
REC00608,Elena Sanchez,3767838316.0,Virgo,Red,Reading,26/01/2023 07:00,23.662444879406276,74.59240078293129,63.474112112521375,0,6,10.0,1,821.2507828737047,Winter,Colombia,817.6215616040919,0
REC00609,Carmen Torres,3581113691.0,Scorpio,Red,Sports,26/01/2023 08:00,16.024543799056175,60.84417883830112,71.79609317993724,0,5,17.0,7,868.8913907952573,Summer,Colombia,895.1619467623372,1
REC00610,Isabel Garcia,3048164059.0,Sagittarius,Red,Music,26/01/2023 09:00,,65.3710067689346,51.60680572065797,0,4,14.0,5,787.1453252098348,Spring,Colombia,786.3539307271618,0
REC00611,Isabel Perez,3670048007.0,Gemini,Black,Music,26/01/2023 10:00,12.08033765958389,53.744607787251,17.504545647858897,0,2,11.0,8,913.816057111625,Summer,Colombia,910.5471021792755,1
REC00612,Paula Martinez,3230957775.0,Virgo,Purple,Hiking,26/01/2023 11:00,19.719939119950112,67.4958904159102,80.38784241246037,0,5,8.0,4,804.1883582669872,Spring,Colombia,801.6113658398689,0
REC00613,Michael Moore,3783195454.0,Leo,Purple,Gaming,26/01/2023 12:00,,56.321587563744636,71.40759179376214,0,1,9.0,7,940.1024367867999,Summer,Colombia,944.419051895523,1
REC00614,Maria Taylor,3785089617.0,Libra,Gray,Dancing,26/01/2023 13:00,11.087628398704053,51.957731117667294,33.85578704270002,0,3,11.0,5,989.2862975149513,Spring,Colombia,966.5291419955639,1
REC00615,Thomas Moore,3994375192.0,Libra,Red,Hiking,26/01/2023 14:00,22.069289182843104,71.72472052911759,50.88646812330666,0,6,16.0,5,848.8097557019971,Spring,Colombia,855.8828067996282,0
REC00616,Michael Smith,3260640441.0,Sagittarius,White,Reading,26/01/2023 15:00,21.701918206861283,71.0634527723503,83.52273644290989,0,2,5.0,9,764.6219870015547,Fall,Colombia,760.0754688650909,0
REC00617,John Torres,3277875119.0,Aries,Pink,Gaming,26/01/2023 16:00,26.26298987958858,79.27338178325945,81.71694627686799,0,6,6.0,9,872.7957741889389,Fall,Colombia,846.849823510428,0
REC00618,Paula Davis,3698886016.0,Virgo,White,Dancing,26/01/2023 17:00,16.55099544339921,61.79179179811858,74.07960034018417,1,2,13.0,9,935.7173137144089,Fall,Colombia,937.3048365148151,1
REC00619,Thomas Gonzalez,3278244359.0,Leo,Yellow,Cooking,26/01/2023 18:00,23.264422774694047,73.87596099444929,,0,4,12.0,12,,Winter,Colombia,881.3228846720804,0
REC00620,Isabel Hernandez,3298783355.0,Cancer,Gray,Hiking,26/01/2023 19:00,24.406380578189307,75.93148504074075,61.24481128218765,1,2,7.0,6,887.5529465602035,Summer,Mexico,889.4806392865014,0
REC00621,Isabel Torres,3659223700.0,Capricorn,Pink,Music,26/01/2023 20:00,23.558190462652757,74.40474283277496,58.0361129231081,0,1,9.0,6,946.9302495322446,Summer,Colombia,922.1828536609726,1
REC00622,Paula Taylor,3895954017.0,Pisces,Green,Gaming,26/01/2023 21:00,13.394770537582863,56.110586967649155,76.92359674903255,0,1,8.0,5,,Spring,Colombia,848.4203663918113,0
REC00623,William Ramirez,3400264292.0,Aquarius,Gray,Gaming,26/01/2023 22:00,21.19490785816951,70.15083414470512,46.86236390257335,0,0,17.0,9,845.5480054317745,Fall,Colombia,819.8809138860104,0
REC00624,Sofia Smith,3604550873.0,Aries,Yellow,Sports,26/01/2023 23:00,22.913122368437293,73.24362026318713,47.91300517673693,0,1,1.0,10,877.7456854059371,,Colombia,879.8174432988784,0
REC00625,Michael Gonzalez,3128186734.0,Cancer,Yellow,Travel,27/01/2023 00:00,20.057427735263534,68.10336992347436,75.15411880254024,0,5,4.0,8,765.4102025297245,Summer,Colombia,782.5993969986848,0
REC00626,Marta Rodriguez,3706772429.0,Capricorn,Yellow,Reading,27/01/2023 01:00,3.3081787330313226,37.95472171945638,59.334578167326576,0,2,4.0,7,1178.917662647948,Summer,Colombia,-100.0,0
REC00627,Carmen Garcia,3665280505.0,Aquarius,White,Dancing,27/01/2023 02:00,21.28391699178784,70.31105058521811,80.67701033180712,0,1,5.0,7,805.142170089096,Summer,Colombia,811.2355267642091,0
REC00628,David Hernandez,3725293980.0,Libra,Purple,Dancing,27/01/2023 03:00,37.70024831517794,99.86044696732029,,0,4,18.0,6,1313.3425139218407,Summer,Colombia,1300.9324959398575,1
REC00629,Marta Wilson,3483269021.0,Cancer,Pink,Music,27/01/2023 04:00,17.119685849944137,62.81543452989945,59.178324594917626,0,6,7.0,5,724.4214164813111,Spring,Colombia,779.0095041797858,0
REC00630,Elena Johnson,3672304386.0,Aries,Green,Travel,27/01/2023 05:00,14.175383217157432,57.51568979088338,46.1638052273407,0,6,15.0,4,857.1585138064072,Spring,Colombia,857.0544085685083,0
REC00631,James Davis,3711045475.0,Capricorn,Orange,Music,27/01/2023 06:00,22.986788477691185,73.37621925984413,60.11044022135351,0,0,12.0,3,964.9241963655913,Spring,Colombia,974.116302340741,1
REC00632,Ana Davis,3655132682.0,Aries,Orange,Photography,27/01/2023 07:00,22.499025683732572,72.49824623071864,37.82179594501802,0,6,0.0,3,778.0404443139416,Spring,Colombia,799.3056180445672,0
REC00633,Isabel Hernandez,3794293663.0,Aries,Red,Reading,27/01/2023 08:00,29.541881323331317,85.17538638199638,52.685498685675554,0,2,21.0,6,848.4837343326975,,Chile,859.5485543694934,0
REC00634,Joseph Sanchez,3525751866.0,Aquarius,Black,Travel,27/01/2023 09:00,9.937054752728898,49.886698554912016,38.456192026078234,0,0,19.0,4,1050.1686280487324,Spring,Colombia,1061.6426909345855,1
REC00635,Sofia Rodriguez,3564784377.0,Capricorn,Gray,Gaming,27/01/2023 10:00,25.85104202059994,78.53187563707989,70.40884849786887,0,2,16.0,12,924.8351593976506,Winter,Colombia,925.7948752946622,1
REC00636,Ana Rodriguez,3351098507.0,Leo,Black,Photography,27/01/2023 11:00,24.72337649001171,76.50207768202108,70.74884009639477,0,4,6.0,12,775.4602417331024,Winter,Colombia,802.8067709588015,0
REC00637,Thomas Moore,3581551950.0,Libra,Orange,Music,27/01/2023 12:00,18.86282770447563,65.95308986805614,34.046059042734825,0,0,12.0,6,820.9404533023109,Summer,Colombia,814.6149776971166,0
REC00638,Maria Torres,3779980325.0,Sagittarius,Orange,Photography,27/01/2023 13:00,22.70949854337352,72.87709737807234,80.00828618250858,0,3,3.0,3,865.2752810852598,Spring,Colombia,837.950985381144,0
REC00639,Sofia Smith,3462136441.0,Scorpio,Blue,Cooking,27/01/2023 14:00,28.23565985278686,82.82418773501635,97.4612268962978,0,5,3.0,4,897.4809766555863,Spring,Colombia,891.8624067166298,0
REC00640,Laura Ramirez,3521899927.0,Taurus,Green,Hiking,27/01/2023 15:00,26.978523040227604,80.56134147240968,,0,5,5.0,9,812.1903351812574,Fall,Colombia,796.0105629966772,0
REC00641,Ana Brown,3004290624.0,Sagittarius,Blue,Gaming,27/01/2023 16:00,10.85584550341017,51.54052190613831,50.38328609663033,0,2,18.0,5,1068.8041898627187,Spring,Colombia,1046.9129407704427,1
REC00642,Robert Taylor,3955022993.0,Cancer,Red,Travel,27/01/2023 17:00,26.561265494043877,79.81027788927898,100.0,0,6,11.0,7,921.9454790800415,,Colombia,897.215688836358,1
REC00643,Carmen Lopez,3233188653.0,Pisces,Blue,Cooking,27/01/2023 18:00,19.48249115973985,67.06848408753173,40.21547252546234,0,3,21.0,10,,Fall,Colombia,5000.0,1
REC00644,Michael Gonzalez,3444162172.0,Capricorn,Gray,Gaming,27/01/2023 19:00,20.582992784124123,69.04938701142342,60.30159700303648,0,0,6.0,2,841.6631792326211,Winter,Colombia,851.6472191981397,0
REC00645,William Moore,3598450487.0,Aquarius,White,Music,27/01/2023 20:00,,69.0540366704244,62.69433408947885,0,3,9.0,5,796.1042872686685,Spring,Colombia,810.4739669718908,0
REC00646,Joseph Anderson,3903937214.0,Leo,Red,Music,27/01/2023 21:00,18.79805608961392,65.83650096130505,80.17721430678623,0,3,18.0,9,909.1639112865919,Fall,Colombia,893.4945983200972,1
REC00647,Paula Lopez,3942588678.0,Pisces,White,Travel,27/01/2023 22:00,29.53365997685652,85.16058795834174,65.39608462690182,0,6,6.0,11,924.4436312300745,Fall,Colombia,910.2783068369265,1
REC00648,Sofia Wilson,3277036009.0,Aquarius,Red,Travel,27/01/2023 23:00,19.330256321206303,66.79446137817135,52.52049156317323,0,0,2.0,3,,Spring,Colombia,726.0048114207685,0
REC00649,David Brown,3941763432.0,Leo,Blue,Dancing,28/01/2023 00:00,,51.87853575128237,45.73223444418066,0,4,12.0,9,991.1265416675826,Fall,Colombia,953.3408925825776,1
REC00650,Michael Taylor,3512832961.0,Cancer,Orange,Cooking,28/01/2023 01:00,16.85176115224217,62.333170074035905,54.872672696307966,0,6,12.0,11,881.0000100108184,Fall,Colombia,880.7726118348485,0
REC00651,Ana Thomas,3209561383.0,Virgo,White,Travel,28/01/2023 02:00,21.429557734483804,70.57320392207085,44.896089585822835,0,3,17.0,6,843.0791182474038,Summer,Colombia,834.5559870544802,0
REC00652,Richard Smith,3258351797.0,Aries,Pink,Dancing,28/01/2023 03:00,29.833718274376402,85.70069289387752,60.717379796770246,0,3,19.0,4,963.163323983033,Spring,Colombia,982.7710890127025,1
REC00653,James Perez,3082826398.0,Taurus,Red,Cooking,28/01/2023 04:00,75.0,76.6845634632632,51.537057302092705,1,4,7.0,7,1023.3664913819628,Summer,Colombia,980.6600689024436,1
REC00654,David Gonzalez,3791545184.0,Cancer,Black,Music,28/01/2023 05:00,13.195717770023649,55.752291986042565,,0,3,8.0,8,916.9762457851793,Summer,Colombia,923.7071442093616,1
REC00655,Paula Miller,3023241693.0,Cancer,Purple,Photography,28/01/2023 06:00,39.88151933343113,103.78673480017603,78.82718682562356,0,3,6.0,6,1353.015965493779,Summer,Colombia,1359.1802840569956,1
REC00656,Laura Perez,3385485598.0,Scorpio,Pink,Photography,28/01/2023 07:00,22.118202487823837,71.81276447808291,52.53491214856441,0,3,0.0,5,827.8763877956628,Spring,Colombia,834.8113856158277,0
REC00657,David Torres,3931207841.0,Sagittarius,Pink,Gardening,28/01/2023 08:00,30.203125903992117,86.36562662718582,40.977947925370316,0,5,2.0,6,951.1647728243554,Summer,Colombia,964.0626899972422,1
REC00658,Maria Smith,3778050822.0,Pisces,Yellow,Cooking,28/01/2023 09:00,18.786284531382165,65.81531215648789,57.47611298268688,0,6,12.0,5,736.7567248227085,Spring,Colombia,751.3454657996615,0
REC00659,Richard Hernandez,3026371800.0,Cancer,Yellow,Cooking,28/01/2023 10:00,24.266873957643597,75.68037312375847,61.02557348951488,0,1,16.0,8,883.9693509486931,Summer,Colombia,894.4434366064836,1
REC00660,Laura Davis,3783428495.0,Virgo,Yellow,Dancing,28/01/2023 11:00,26.71574803614724,80.08834646506503,33.802999116314496,0,6,23.0,1,856.0091372751484,Winter,Colombia,883.3250558361673,0
REC00661,Lucia Anderson,3561965461.0,Cancer,Green,Hiking,28/01/2023 12:00,29.745557694034048,85.54200384926129,64.97471500688644,0,4,0.0,11,927.5623289295891,Fall,Colombia,943.2686873348538,1
REC00662,Lucia Sanchez,3409103331.0,Cancer,Orange,Photography,28/01/2023 13:00,28.458946443025802,83.22610359744644,44.292636469646034,0,3,5.0,7,981.9779478607037,,Colombia,942.9986856317513,1
REC00663,Carmen Gonzalez,3491554484.0,Pisces,Black,Music,28/01/2023 14:00,26.977576000583824,80.55963680105089,85.66543213786181,0,6,20.0,10,910.8472097656522,Fall,Colombia,896.1341068928249,1
REC00664,William Perez,3041543258.0,Aquarius,Purple,Dancing,28/01/2023 15:00,17.47930615044713,63.462751070804835,67.85940768115103,0,5,5.0,10,841.5089213121508,,Colombia,822.9908377775965,0
REC00665,Marta Moore,3807562256.0,Pisces,Gray,Travel,28/01/2023 16:00,15.426031664351509,59.76685699583272,54.00150014836025,0,4,11.0,11,842.2475804049167,Fall,Colombia,818.7034046565784,0
REC00666,Maria Torres,3945953404.0,Sagittarius,White,Cooking,28/01/2023 17:00,22.66086008259358,72.78954814866844,48.82248344523974,0,2,12.0,2,913.586571191911,Winter,Colombia,876.9038799046632,0
REC00667,Michael Smith,3831720707.0,Cancer,Pink,Reading,28/01/2023 18:00,,81.43704424171139,58.42548438654564,0,6,12.0,9,976.2838247342511,Fall,Colombia,1011.712275763128,1
REC00668,John Torres,3710963132.0,Virgo,Green,Dancing,28/01/2023 19:00,18.218234393787142,64.79282190881686,69.19186112374935,0,2,14.0,1,790.370116608792,Winter,Colombia,814.9677789145229,0
REC00669,Lucia Brown,3685351801.0,Sagittarius,White,Gaming,28/01/2023 20:00,28.521375725715092,83.33847630628716,59.617588071222,0,3,20.0,11,912.4542078908049,,Colombia,928.5286811086986,1
REC00670,Lucia Johnson,3623396194.0,Gemini,Green,Sports,28/01/2023 21:00,31.620933963889435,88.91768113500099,56.74261789294715,0,5,15.0,10,1014.7739456441644,Fall,Colombia,1024.1685415739564,1
REC00671,Marta Brown,3109433320.0,Libra,Blue,Photography,28/01/2023 22:00,12.669432647412641,54.80497876534275,,0,5,21.0,6,879.7943677865883,Summer,Colombia,885.8057555982932,0
REC00672,James Sanchez,3796024021.0,Libra,Green,Music,28/01/2023 23:00,13.30463436962976,55.94834186533357,,0,6,20.0,9,865.780879416245,Fall,Colombia,874.7204304723658,0
REC00673,David Hernandez,3943913198.0,Aries,Blue,Gaming,29/01/2023 00:00,18.87699952875731,65.97859915176316,54.85191109735443,0,4,10.0,1,873.1277684978974,Winter,Colombia,868.7415902352562,0
REC00674,Carmen Moore,3702189747.0,Aquarius,Blue,Gardening,29/01/2023 01:00,22.46090134551357,72.42962242192442,28.71311341642494,0,4,4.0,4,,Spring,Colombia,842.9576509672924,0
REC00675,Isabel Torres,3824923554.0,Taurus,Gray,Music,29/01/2023 02:00,15.803463889863593,60.44623500175447,74.60589346278552,0,5,3.0,4,833.3335656201047,Spring,Colombia,847.7902615236696,0
REC00676,Ana Perez,3479127211.0,Leo,Purple,Travel,29/01/2023 03:00,30.817621430937155,87.47171857568688,64.48196670482643,0,4,2.0,9,861.2838075693319,Fall,Colombia,904.7947831090833,1
REC00677,Thomas Brown,3865950862.0,Scorpio,Gray,Gaming,29/01/2023 04:00,23.39253489214761,74.10656280586569,48.39816233949855,0,5,18.0,11,887.2132719904288,Fall,Colombia,907.0706460980027,1
REC00678,Richard Johnson,3231552243.0,Virgo,Green,Reading,29/01/2023 05:00,20.315576385925915,68.56803749466664,88.48102472032858,0,6,19.0,5,876.6593061869269,Spring,Colombia,887.6440792531783,0
REC00679,Robert Sanchez,3505544363.0,Libra,Orange,Hiking,29/01/2023 06:00,,47.322902856293204,61.3052472058858,0,1,17.0,5,1076.2011375883865,Spring,Colombia,1081.142726324541,1
REC00680,Charles Thomas,3459810580.0,Gemini,Blue,Photography,29/01/2023 07:00,9.473473468579943,49.052252243443895,44.45784642037205,0,5,14.0,6,1008.5319819850578,Summer,Colombia,1031.1253311712685,1
REC00681,Thomas Ramirez,3078833228.0,Virgo,Purple,Cooking,29/01/2023 08:00,22.24807400225445,72.04653320405801,72.85106132205688,0,2,8.0,1,856.5721983176953,Winter,Colombia,866.3883276476238,0
REC00682,Paula Lopez,3178099502.0,Sagittarius,Green,Hiking,29/01/2023 09:00,2.9392349907613102,37.290622983370355,65.97072324763894,0,4,16.0,1,1305.280382206039,Winter,Colombia,1327.9001299757506,1
REC00683,Paula Miller,3048386378.0,Gemini,Pink,Photography,29/01/2023 10:00,28.101099277152574,82.58197869887464,65.91869978226329,1,5,13.0,9,1122.8658667205946,Fall,Colombia,1125.3822537515612,1
REC00684,Charles Hernandez,3752284208.0,Virgo,Purple,Photography,29/01/2023 11:00,18.734769245021436,65.72258464103858,53.61366593022614,0,5,14.0,3,792.8177681931692,Spring,Colombia,814.2795947604214,0
REC00685,Maria Anderson,3097201076.0,Libra,Pink,Travel,29/01/2023 12:00,45.944743756757866,114.70053876216416,66.75743585667053,0,6,0.0,4,1835.8415156101212,Spring,Colombia,1852.8196087375304,1
REC00686,Richard Wilson,3222822647.0,Leo,Blue,Gardening,29/01/2023 13:00,38.463330004928885,101.23399400887199,56.07362564668358,1,4,20.0,1,1431.7194657662799,Winter,Colombia,1457.8931483860626,1
REC00687,Isabel Torres,3901665050.0,Capricorn,White,Gardening,29/01/2023 14:00,18.548407446019866,65.38713340283576,68.33912177468764,0,1,21.0,9,794.9037454216161,Fall,Colombia,797.9737593330118,0
REC00688,Michael Johnson,3173913374.0,Scorpio,Black,Travel,29/01/2023 15:00,19.14930397974948,66.46874716354907,31.425833189840418,0,6,21.0,8,722.2953425639756,Summer,Colombia,739.6242979630235,0
REC00689,Isabel Thomas,3244888491.0,Scorpio,Blue,Travel,29/01/2023 16:00,27.96465211201624,82.33637380162924,53.49189805531216,0,1,2.0,2,901.8976338510599,Winter,Colombia,883.7619485175513,0
REC00690,Marta Sanchez,3920447007.0,Virgo,Yellow,Photography,29/01/2023 17:00,33.625380879344306,92.52568558281976,85.83232646712293,0,6,15.0,8,1096.7029131759234,Summer,Colombia,1088.5859078420654,1
REC00691,Maria Perez,3167458291.0,Libra,Yellow,Gaming,29/01/2023 18:00,6.895767540511866,44.41238157292136,48.49398816899549,0,4,22.0,7,1037.630147984543,Summer,Colombia,1039.0271853482159,1
REC00692,Marta Hernandez,3403902109.0,Gemini,Orange,Cooking,29/01/2023 19:00,5.708996277162507,42.27619329889251,50.942425537602205,0,0,10.0,11,1096.472015811231,Fall,Colombia,1112.4217257581067,1
REC00693,Charles Wilson,3535064956.0,Libra,Purple,Sports,29/01/2023 20:00,15.023721555564949,59.04269880001691,53.28057992325037,0,4,11.0,6,876.7990913486293,Summer,Colombia,869.1886852423032,0
REC00694,Paula Wilson,3622116926.0,Libra,Black,Gardening,29/01/2023 21:00,,76.39142119770365,41.77790796167035,0,4,9.0,1,,Winter,Colombia,866.3555624400224,0
REC00695,David Thomas,3215208063.0,Cancer,Pink,Music,29/01/2023 22:00,23.974988724060776,75.1549797033094,26.875788356576216,0,1,15.0,7,880.4247680162,Summer,Colombia,877.5709997721674,0
REC00696,Marta Hernandez,3925009423.0,Capricorn,Red,Sports,29/01/2023 23:00,28.5581716398708,83.40470895176745,56.541204022145806,0,1,7.0,10,877.3474953439187,Fall,Colombia,845.2734582345801,0
REC00697,John Johnson,3052893858.0,Cancer,Yellow,Hiking,30/01/2023 00:00,10.402419773077535,50.72435559153956,62.03789136122485,0,4,5.0,7,889.542339770003,Summer,Colombia,880.3495934085066,0
REC00698,Laura Martinez,3414387133.0,Gemini,Black,Photography,30/01/2023 01:00,,34.64752837324818,,0,4,11.0,9,1397.7428650015474,Fall,Colombia,1379.4707206501866,1
REC00699,Marta Smith,3995167482.0,Capricorn,Orange,Hiking,30/01/2023 02:00,,80.3554044123509,57.826821570781696,0,4,23.0,1,841.4478661245546,Winter,Colombia,838.776557813835,0
REC00700,Marta Martinez,3299843208.0,Libra,Green,Gaming,30/01/2023 03:00,13.374429816278123,56.07397366930062,60.645613062755814,0,1,20.0,2,972.3417510634733,Winter,Colombia,958.8284619983338,1
REC00701,Maria Thomas,3005283645.0,Leo,Black,Gardening,30/01/2023 04:00,3.8520970848908966,38.933774752803615,75.34262207326147,0,4,7.0,11,1184.2073170609021,,Colombia,1200.1429417142856,1
REC00702,Michael Wilson,3688283942.0,Gemini,Green,Gaming,30/01/2023 05:00,21.160509967675054,70.0889179418151,57.143307211061746,0,4,3.0,9,817.1226938216101,Fall,Colombia,826.290661085866,0
REC00703,William Rodriguez,3136982706.0,Virgo,Purple,Photography,30/01/2023 06:00,26.34540550574942,79.42172991034896,51.38876134369096,0,3,7.0,9,923.8112204350759,Fall,Colombia,916.8239493654283,1
REC00704,Marta Sanchez,3761049316.0,Pisces,Gray,Sports,30/01/2023 07:00,19.02354294302978,66.2423772974536,,0,0,17.0,6,845.883759735045,Summer,Colombia,839.0417701038974,0
REC00705,Robert Davis,3940884850.0,Virgo,Green,Hiking,30/01/2023 08:00,16.337212910540085,61.40698323897215,68.69020139635164,1,2,4.0,6,907.2967821362853,Summer,Colombia,897.1445456774203,1
REC00706,Isabel Taylor,3473203081.0,Virgo,Purple,Sports,30/01/2023 09:00,18.725102142832746,65.70518385709894,,0,0,8.0,4,909.3140080888417,Spring,Colombia,887.3061502432671,0
REC00707,Robert Smith,3756484787.0,Taurus,Blue,Gaming,30/01/2023 10:00,17.03533790079374,62.66360822142873,50.57784391246233,0,3,3.0,4,805.0649511645844,Spring,Colombia,833.5643746008926,0
REC00708,Marta Miller,3843246987.0,Aquarius,Purple,Dancing,30/01/2023 11:00,9.215623104478663,48.5881215880616,61.48400680543325,0,2,21.0,5,947.4719141919237,Spring,Colombia,966.9609651441297,1
REC00709,Robert Martinez,3307990599.0,Capricorn,Pink,Music,30/01/2023 12:00,14.282554584076546,57.70859825133778,65.07536162903939,0,6,16.0,3,959.283544625819,Spring,Colombia,954.6920918043339,1
REC00710,John Martinez,3264294717.0,Pisces,Black,Hiking,30/01/2023 13:00,24.170239240110515,75.50643063219893,45.111329899067655,0,4,8.0,1,853.1092979499698,Winter,Colombia,867.596570586039,0
REC00711,Laura Martinez,3449638274.0,Libra,White,Gardening,30/01/2023 14:00,22.573428331012,72.6321709958216,60.306257508193774,0,3,0.0,1,878.8001103903013,Winter,Colombia,811.244745564514,0
REC00712,Isabel Sanchez,3001430098.0,Libra,Gray,Travel,30/01/2023 15:00,21.344478447734563,70.42006120592221,38.01489213986858,0,6,20.0,12,863.8747318614071,Winter,Colombia,853.5603394780044,0
REC00713,John Anderson,3829084026.0,Capricorn,Green,Gaming,30/01/2023 16:00,12.038812145172965,53.66986186131134,33.46424544390902,0,4,19.0,7,906.1203953152261,Summer,Colombia,907.6870122938293,1
REC00714,Sofia Martinez,3490681226.0,Pisces,Gray,Gaming,30/01/2023 17:00,18.54797470291466,65.3863544652464,65.50119611838386,0,1,12.0,1,845.9565963128421,Winter,Colombia,856.2659817745192,0
REC00715,Charles Torres,3537709273.0,Cancer,Black,Hiking,30/01/2023 18:00,2.5834796284571624,36.650263331222895,54.24187888003826,0,5,15.0,1,1351.269934210629,Winter,Colombia,1360.8731798744898,1
REC00716,Joseph Thomas,3840134252.0,Aquarius,Black,Music,30/01/2023 19:00,21.427813311083117,70.57006395994961,63.03420611431829,0,3,12.0,3,871.4595221183097,Spring,Colombia,870.8567088920062,0
REC00717,Maria Lopez,3229049721.0,Virgo,Green,Travel,30/01/2023 20:00,31.43086166250854,88.57555099251537,59.73157534487475,0,1,13.0,10,1049.4790732294937,Fall,Colombia,1047.2394345770686,1
REC00718,Michael Lopez,3474488726.0,Cancer,Orange,Reading,30/01/2023 21:00,8.206942943663154,46.77249729859368,45.35399927004304,0,3,2.0,4,993.0096179605274,Spring,Colombia,1002.1436008543976,1
REC00719,Richard Taylor,3573502582.0,Cancer,White,Sports,30/01/2023 22:00,15.312578613457958,59.562641504224324,59.32118547053495,0,3,5.0,4,,Spring,Colombia,846.1925600187716,0
REC00720,Lucia Taylor,3730694537.0,Virgo,Green,Hiking,30/01/2023 23:00,22.632854229681037,72.73913761342587,41.50348042477717,0,1,17.0,2,917.2742387363834,Winter,Colombia,890.3885472316914,0
REC00721,Elena Davis,3995557905.0,Sagittarius,Red,Music,31/01/2023 00:00,30.02274107541987,86.04093393575576,,0,2,18.0,1,1052.7426604859736,Winter,Colombia,1025.052561232953,1
REC00722,Thomas Brown,3582393675.0,Pisces,Gray,Cooking,31/01/2023 01:00,16.414203069598805,61.54556552527785,39.66044482710054,0,0,4.0,3,811.0529945649304,Spring,Colombia,806.0123149662328,0
REC00723,Marta Hernandez,3771382182.0,Libra,Red,Dancing,31/01/2023 02:00,14.46199736587283,58.031595258571095,57.06322093547128,0,4,14.0,11,882.1702789830691,Fall,Colombia,908.9954735278038,1
REC00724,Charles Ramirez,3022198937.0,Taurus,Gray,Reading,31/01/2023 03:00,4.248614860671335,39.647506749208404,44.36592617929127,0,3,1.0,4,1202.126853489908,Spring,Colombia,1191.356790357127,1
REC00725,Carmen Garcia,3922718730.0,Virgo,Blue,Music,31/01/2023 04:00,20.827505034464853,69.48950906203673,68.55631760041193,1,4,9.0,3,,Spring,Colombia,910.7393473720178,1
REC00726,Sofia Johnson,3416403081.0,Leo,Gray,Music,31/01/2023 05:00,36.33660832114995,97.40589497806991,55.02852943077745,0,5,23.0,8,,Summer,Colombia,1207.0563788053466,1
REC00727,Charles Brown,3569893250.0,Virgo,Black,Gaming,31/01/2023 06:00,22.218867695717407,71.99396185229133,52.219999205681845,0,1,17.0,10,785.6214223807461,Fall,Colombia,770.9329053245528,0
REC00728,Michael Davis,3046123581.0,Scorpio,Purple,Travel,31/01/2023 07:00,19.821768166530294,67.67918269975453,72.79802317577332,0,4,12.0,1,897.7974573782568,Winter,Colombia,869.3489982725404,0
REC00729,Carmen Smith,3557466172.0,Scorpio,Red,Music,31/01/2023 08:00,22.576658486135884,72.6379852750446,60.441458875163285,0,1,4.0,2,837.4401610633518,Winter,Colombia,836.3724756137714,0
REC00730,William Davis,3451232387.0,Gemini,Red,Cooking,31/01/2023 09:00,19.911263968411184,67.84027514314013,67.74966668903951,0,4,22.0,7,842.4757155530856,,Colombia,829.9136561564115,0
REC00731,Sofia Martinez,3836090428.0,Sagittarius,Yellow,Photography,31/01/2023 10:00,13.495885021918962,56.29259303945413,45.280110952238026,0,0,23.0,4,,Spring,Colombia,847.6533933853644,0
REC00732,Richard Sanchez,3650596327.0,Virgo,Gray,Music,31/01/2023 11:00,26.586239325421644,79.85523078575896,38.9277458410874,0,0,0.0,8,883.2750052016714,,Colombia,877.4296960785572,0
REC00733,Richard Garcia,3779870087.0,Libra,White,Dancing,31/01/2023 12:00,21.806092184894034,71.25096593280927,61.608119430602,0,0,21.0,11,,Fall,Colombia,861.8511072921495,0
REC00734,Charles Thomas,3187800421.0,Sagittarius,Pink,Gardening,31/01/2023 13:00,20.14090601546926,68.25363082784466,55.21730466757903,0,0,0.0,3,844.7920994597056,,Colombia,856.5805676894435,0
REC00735,Charles Ramirez,3818851339.0,Libra,Red,Sports,31/01/2023 14:00,,53.954729207193196,69.39652008680916,0,0,17.0,6,922.9327566098332,Summer,Colombia,940.1616251991189,1
REC00736,Sofia Garcia,3834187810.0,Capricorn,Gray,Travel,31/01/2023 15:00,30.428063455478075,86.77051421986053,58.801373210061755,0,0,14.0,9,1020.6393251568724,Fall,Peru,1018.6895463763984,1
REC00737,Charles Martinez,3687478245.0,Sagittarius,Black,Cooking,31/01/2023 16:00,25.31762196266488,77.57171953279678,63.07613008851945,0,1,16.0,1,932.3188567216212,Winter,Colombia,936.8521007961011,1
REC00738,Marta Taylor,3297609653.0,Aries,Pink,Travel,31/01/2023 17:00,15.576633301061584,60.03793994191085,35.64926205088135,0,3,10.0,1,832.3001332408375,Winter,Colombia,819.317178819429,0
REC00739,Sofia Johnson,3981456434.0,Aries,Orange,Music,31/01/2023 18:00,28.014598829455498,82.4262778930199,88.32655409421385,0,4,20.0,8,,Summer,Colombia,933.4276618885831,1
REC00740,William Lopez,3866760419.0,Gemini,Purple,Hiking,31/01/2023 19:00,16.019433292918343,60.834979927253016,57.53637022451952,0,0,21.0,3,911.5589774978149,Spring,Colombia,877.1901851857606,0
REC00741,Paula Anderson,3377940078.0,Sagittarius,Gray,Reading,31/01/2023 20:00,13.743972059911705,56.739149707841065,70.46380455508799,0,1,16.0,5,921.9213280889176,Spring,Colombia,947.7148500481387,1
REC00742,Charles Thomas,3625790273.0,Aries,Blue,Gardening,31/01/2023 21:00,13.922375060157703,57.06027510828387,47.458624946705605,0,1,12.0,1,945.2515341944805,Winter,Colombia,920.1768384700858,1
REC00743,Thomas Rodriguez,3435333646.0,Aries,Pink,Dancing,31/01/2023 22:00,5.8314515752952705,42.49661283553149,64.6201485332601,0,1,0.0,5,1025.5913659154176,Spring,Peru,1040.8883504815797,1
REC00744,Michael Brown,3497920176.0,Leo,Orange,Gardening,31/01/2023 23:00,23.772339043345646,74.79021027802216,40.457328547128824,0,3,1.0,11,783.429748773598,Fall,Colombia,819.3494034652784,0
REC00745,Isabel Martinez,3509622945.0,Scorpio,Gray,Cooking,01/02/2023 00:00,5.350840973293199,41.631513751927756,66.78101757389507,1,4,8.0,6,1253.057677561598,Summer,Colombia,1248.3001744346207,1
REC00746,Elena Torres,3604796454.0,Taurus,Gray,Sports,01/02/2023 01:00,10.172449349873899,50.31040882977302,54.66038873421251,0,3,2.0,8,,Summer,Colombia,958.1126837838794,1
REC00747,Maria Ramirez,3630746649.0,Cancer,Pink,Cooking,01/02/2023 02:00,3.395295927371734,38.111532669269124,60.43785755903351,0,2,0.0,3,1159.0082412594809,,Colombia,1181.2004286175415,1
REC00748,Paula Moore,3348090991.0,Virgo,Pink,Dancing,01/02/2023 03:00,19.311442457672854,66.76059642381114,70.46961045195147,0,6,20.0,3,776.0546936003539,,Colombia,809.6822314346591,0
REC00749,Paula Anderson,3797829060.0,Aries,Pink,Hiking,01/02/2023 04:00,18.797436317825024,65.83538537208504,41.5118953316958,0,1,15.0,12,769.4074122617545,Winter,Mexico,769.5746280071837,0
REC00750,Richard Gonzalez,3985359279.0,Cancer,Green,Dancing,01/02/2023 05:00,17.386430294509086,63.295574530116355,49.73262404080805,0,2,22.0,11,878.6350451397342,Fall,Colombia,859.1183073072579,0
REC00751,John Davis,3335892952.0,Cancer,Purple,Travel,01/02/2023 06:00,11.65937844263539,52.9868811967437,66.85986421630149,0,5,5.0,11,900.0572013487695,Fall,Colombia,888.3581314870406,0
REC00752,James Brown,3048281138.0,Sagittarius,Red,Travel,01/02/2023 07:00,10.62212997250688,51.11983395051239,,0,0,16.0,10,989.3366337037173,Fall,Colombia,988.202500726932,1
REC00753,James Rodriguez,3609756129.0,Sagittarius,Pink,Hiking,01/02/2023 08:00,23.714958908372594,74.68692603507067,57.92876498007777,0,6,4.0,9,830.1888063417329,Fall,Colombia,820.6118548773782,0
REC00754,James Moore,3588839790.0,Virgo,Pink,Music,01/02/2023 09:00,15.595584546332098,60.07205218339778,68.86704176885898,0,0,4.0,4,785.8566732667858,Spring,Mexico,786.400955914343,0
REC00755,Elena Taylor,3507923843.0,Scorpio,Green,Gaming,01/02/2023 10:00,22.530866572289156,72.55555983012047,58.3954279521228,0,3,5.0,4,730.6508470915609,Spring,Colombia,759.2453319521683,0
REC00756,Thomas Gonzalez,3963630490.0,Pisces,Black,Photography,01/02/2023 11:00,12.91801051100622,55.25241891981119,89.1336839213445,0,6,2.0,12,806.6013779389692,Winter,Colombia,835.0192576434381,0
REC00757,Michael Thomas,3957115766.0,Capricorn,Orange,Hiking,01/02/2023 12:00,21.448501942168658,70.60730349590358,33.79167499552116,0,4,20.0,7,820.1571286818303,Summer,Colombia,824.2204992615239,0
REC00758,John Ramirez,3355397801.0,Cancer,White,Dancing,01/02/2023 13:00,,86.76720373735131,61.41931567004037,0,2,22.0,2,974.5104138380702,Winter,Colombia,977.7234795653917,1
REC00759,Ana Johnson,3943903733.0,Capricorn,Gray,Photography,01/02/2023 14:00,,76.44078752565608,35.616839496569085,1,4,4.0,8,918.1756202021216,Summer,Colombia,901.1559666319863,1
REC00760,Lucia Gonzalez,3391266359.0,Scorpio,Gray,Music,01/02/2023 15:00,16.700689454268158,62.06124101768269,22.401426441949248,0,3,20.0,6,951.3338848550459,Summer,Colombia,936.1878003795509,1
REC00761,Thomas Martinez,3480241372.0,Gemini,Pink,Photography,01/02/2023 16:00,22.05759176284742,71.70366517312536,64.46193079676725,0,0,4.0,3,859.5392275447115,Spring,Colombia,847.4365672295324,0
REC00762,Joseph Garcia,3995965252.0,Taurus,Green,Reading,01/02/2023 17:00,18.074678603758297,64.53442148676493,62.092466942211885,0,6,9.0,9,882.2890214433239,Fall,Colombia,887.8946757048675,0
REC00763,Laura Perez,3877208209.0,Virgo,Purple,Sports,01/02/2023 18:00,20.063041477557825,68.11347465960408,55.72744593386698,0,4,9.0,5,817.6065618407101,Spring,Colombia,845.219605242913,0
REC00764,Robert Johnson,3979071932.0,Leo,White,Cooking,01/02/2023 19:00,17.39511158281197,63.31120084906155,58.407088649403704,0,4,18.0,8,928.9908176691404,Summer,Colombia,920.7493949278199,1
REC00765,Carmen Davis,3943939843.0,Scorpio,Black,Photography,01/02/2023 20:00,18.68531835291687,65.63357303525036,100.0,0,0,16.0,7,854.3757427701643,Summer,Colombia,843.8723565049208,0
REC00766,William Taylor,3413209216.0,Aries,Yellow,Dancing,01/02/2023 21:00,21.6967468245934,71.05414428426812,56.127372929528484,0,6,20.0,8,,Summer,Colombia,853.0679681139818,0
REC00767,Maria Brown,3167938609.0,Aquarius,Black,Travel,01/02/2023 22:00,12.053130403344394,53.69563472601991,67.65186541875113,0,2,13.0,7,934.8413224376914,Summer,Colombia,951.5280861693446,1
REC00768,William Lopez,3879737171.0,Pisces,Yellow,Gardening,01/02/2023 23:00,11.872969384080173,53.371344891344314,,0,0,8.0,3,963.3247740220031,Spring,Colombia,977.145861569881,1
REC00769,Richard Wilson,3788008773.0,Capricorn,Green,Photography,02/02/2023 00:00,8.891659569350312,48.00498722483056,64.42848862560905,0,4,13.0,2,1062.936167867398,Winter,Colombia,1060.569163844929,1
REC00770,Thomas Taylor,3107987347.0,Gemini,Purple,Travel,02/02/2023 01:00,7.197831163970321,44.95609609514658,56.42649487416574,0,2,0.0,7,1010.7710705662164,,Colombia,1026.8382792215302,1
REC00771,James Thomas,3712129043.0,Libra,White,Music,02/02/2023 02:00,10.261738462236165,50.4711292320251,53.84222275905405,0,2,18.0,3,970.1681665133046,Spring,Colombia,970.9308578897975,1
REC00772,Isabel Thomas,3829095085.0,Capricorn,Yellow,Music,02/02/2023 03:00,21.275700054433035,70.29626009797946,87.28347798300487,0,0,12.0,3,873.8265354223443,Spring,Colombia,878.0372342294041,0
REC00773,Richard Rodriguez,3096338714.0,Pisces,Pink,Gaming,02/02/2023 04:00,12.857699876064927,55.14385977691687,,0,4,12.0,2,951.9451505154391,Winter,Colombia,955.1281399461936,1
REC00774,William Ramirez,3267732505.0,Cancer,Red,Hiking,02/02/2023 05:00,24.10891571384877,75.39604828492779,62.05119971098846,0,3,3.0,4,795.2628516483402,Spring,Colombia,809.5907375223551,0
REC00775,Paula Hernandez,3320486409.0,Capricorn,Red,Cooking,02/02/2023 06:00,20.277709990020494,68.49987798203689,25.4368209608405,0,4,0.0,8,723.8484603893642,Summer,Colombia,736.6281614706977,0
REC00776,Thomas Moore,3446409297.0,Leo,Pink,Music,02/02/2023 07:00,4.25196629249557,39.65353932649202,,0,1,16.0,12,1192.1028634431002,Winter,Colombia,1213.708204638714,1
REC00777,Elena Davis,3421289215.0,Scorpio,Purple,Cooking,02/02/2023 08:00,25.23980467377352,77.43164841279233,100.0,0,6,7.0,1,873.7257102934592,Winter,Colombia,866.1243614819825,0
REC00778,Carmen Johnson,3217066088.0,Aries,Blue,Music,02/02/2023 09:00,26.48638916473368,79.67550049652063,56.54007500040438,0,5,1.0,1,946.7485930231803,Winter,Colombia,935.3265404513529,1
REC00779,Maria Thomas,3970070667.0,Aries,Gray,Hiking,02/02/2023 10:00,12.049098601321173,53.688377482378115,76.54826358080487,0,3,7.0,12,831.4945720811361,Winter,Colombia,846.9069310836429,0
REC00780,Michael Brown,3465793737.0,Pisces,Black,Gaming,02/02/2023 11:00,23.361532343159933,74.05075821768787,81.62913602928901,0,2,6.0,5,830.2998013482835,Spring,Colombia,799.8869994279426,0
REC00781,John Garcia,3940210519.0,Libra,Yellow,Photography,02/02/2023 12:00,13.148014100726408,55.66642538130753,63.28445873783963,0,3,1.0,11,848.5563947359102,Fall,Colombia,854.8484236847512,0
REC00782,Sofia Perez,3214101527.0,Pisces,Red,Cooking,02/02/2023 13:00,20.781363013986685,69.40645342517604,47.37267552197771,0,6,21.0,5,885.7517182926307,Spring,Colombia,855.1480058166995,0
REC00783,Michael Garcia,3381140402.0,Sagittarius,Pink,Music,02/02/2023 14:00,9.884012744360275,49.791222939848495,23.470315023256674,0,2,21.0,11,939.2595937394207,Fall,Mexico,952.1021372160527,1
REC00784,William Johnson,3004597669.0,Cancer,White,Music,02/02/2023 15:00,,42.1792670835021,70.26244812913431,0,6,2.0,12,1031.8375341047495,Winter,Colombia,1072.3690896367382,1
REC00785,David Lopez,3065693400.0,Scorpio,White,Music,02/02/2023 16:00,16.93746248309625,62.48743246957325,47.77865995764678,0,2,17.0,1,894.4604718787842,Winter,Colombia,886.4165153805372,0
REC00786,William Ramirez,3591238023.0,Capricorn,Yellow,Dancing,02/02/2023 17:00,19.01016842980131,66.21830317364235,62.642256778315385,0,3,11.0,6,,Summer,Colombia,835.2841090044051,0
REC00787,James Taylor,3371447862.0,Libra,Blue,Music,02/02/2023 18:00,16.818562451083167,62.2734124119497,41.25269490615953,0,2,0.0,1,766.8947022883204,Winter,Colombia,766.2068263821687,0
REC00788,Ana Rodriguez,3356226125.0,Taurus,Orange,Music,02/02/2023 19:00,,50.94995996159514,56.021436892946966,0,2,21.0,5,886.0295409693375,Spring,Colombia,898.8741905382172,1
REC00789,Carmen Wilson,3823772830.0,Leo,Orange,Gardening,02/02/2023 20:00,16.800807502950903,62.241453505311625,60.5057858235158,0,1,11.0,9,934.0224826169513,Fall,Colombia,934.7139271266676,1
REC00790,Paula Taylor,3357466967.0,Sagittarius,Green,Cooking,02/02/2023 21:00,22.154358020645873,71.87784443716257,64.02890371566447,0,4,4.0,12,812.1050674302697,Winter,Colombia,822.3302565876603,0
REC00791,John Davis,3925803791.0,Sagittarius,Purple,Photography,02/02/2023 22:00,,67.35354036623546,43.27766718971378,0,4,16.0,5,848.4568877702105,Spring,Colombia,854.5038790968456,0
REC00792,Michael Anderson,3659411603.0,Gemini,Purple,Music,02/02/2023 23:00,21.460008244793706,70.62801484062867,77.95366423142028,0,5,15.0,6,860.0343317951181,Summer,Colombia,843.2016866798166,0
REC00793,Marta Sanchez,3296652325.0,Aquarius,Black,Gardening,03/02/2023 00:00,14.639078396366138,58.350341113459045,,0,5,14.0,8,908.4795189358163,,Colombia,904.7951743452144,1
REC00794,Isabel Lopez,3309203054.0,Pisces,Black,Music,03/02/2023 01:00,29.37374331772928,84.8727379719127,34.882958093201324,1,1,22.0,11,1055.2090612667507,,Colombia,1043.0100335201112,1
REC00795,John Torres,3358056974.0,Gemini,Orange,Travel,03/02/2023 02:00,10.590613307561755,51.06310395361116,58.364648700548045,0,5,14.0,1,989.8542198875282,Winter,Colombia,994.491590020044,1
REC00796,Joseph Smith,3015398989.0,Taurus,Yellow,Reading,03/02/2023 03:00,23.90048237669375,75.02086827804875,60.5156296353969,0,6,4.0,2,820.5741008513623,Winter,Colombia,827.4144477674579,0
REC00797,Carmen Garcia,3008780363.0,Libra,Red,Travel,03/02/2023 04:00,,85.01923173862345,,0,3,20.0,9,995.7814722537861,Fall,Colombia,1018.8511228715589,1
REC00798,Michael Perez,3007098785.0,Virgo,Red,Gaming,03/02/2023 05:00,23.847264741991165,74.9250765355841,,0,0,13.0,3,865.7256105811177,Spring,Colombia,873.1263428324817,0
REC00799,Isabel Taylor,3668940103.0,Leo,Pink,Photography,03/02/2023 06:00,18.37980618348136,65.08365113026645,56.45326744896211,0,6,1.0,6,698.3976974707396,,Colombia,764.8199885825223,0
REC00800,Michael Moore,3630329618.0,Libra,Yellow,Sports,03/02/2023 07:00,15.773623626696168,60.39252252805311,58.20570563446843,0,0,10.0,5,840.4920309110838,Spring,Colombia,852.2964702371966,0
REC00801,Carmen Miller,3705322477.0,Cancer,Red,Sports,03/02/2023 08:00,28.28870120837005,82.9196621750661,43.45223428150359,0,0,18.0,11,872.2556202990475,Fall,Colombia,873.8931038428642,0
REC00802,David Martinez,3263804100.0,Leo,Blue,Dancing,03/02/2023 09:00,8.616200597906616,47.509161076231905,72.30830254331846,0,1,6.0,2,1086.7324909677513,Winter,Colombia,1075.4590178823482,1
REC00803,Lucia Torres,3304450935.0,Sagittarius,Gray,Hiking,03/02/2023 10:00,12.239005916962851,54.030210650533135,62.76463596117155,0,6,5.0,7,919.4861698630147,Summer,Colombia,924.8597274135138,1
REC00804,Marta Perez,3162485978.0,Aquarius,Purple,Reading,03/02/2023 11:00,16.819537876066228,62.27516817691921,53.699584090587564,0,1,1.0,4,788.9236600223966,Spring,Colombia,781.9701891774965,0
REC00805,Marta Davis,3300276798.0,Sagittarius,Blue,Sports,03/02/2023 12:00,29.901230060095983,85.82221410817277,31.429879598018044,0,2,5.0,1,892.1819678507335,Winter,Colombia,935.7777410785384,1
REC00806,Laura Lopez,3063360360.0,Cancer,Red,Sports,03/02/2023 13:00,23.03814108832717,73.46865395898891,,0,0,17.0,4,837.2336558964764,,Colombia,838.3703929406154,0
REC00807,Laura Garcia,3959962060.0,Virgo,Gray,Hiking,03/02/2023 14:00,12.255633931918037,54.06014107745247,41.58480053315914,0,3,1.0,6,918.0746412913854,Summer,Colombia,951.6646971496535,1
REC00808,Elena Hernandez,3365477407.0,Taurus,Pink,Photography,03/02/2023 15:00,17.51753835692077,63.531569042457384,51.130829859454415,0,5,17.0,7,778.2827668300156,Summer,Colombia,802.4488371432022,0
REC00809,Paula Ramirez,3312456936.0,Gemini,Black,Gaming,03/02/2023 16:00,15.085414847229645,59.15374672501336,65.37516766614004,0,3,14.0,7,887.0654522312201,Summer,Colombia,890.8087631884973,0
REC00810,Paula Sanchez,3777360493.0,Sagittarius,Yellow,Dancing,03/02/2023 17:00,14.32168806213172,57.7790385118371,42.05163107074971,0,5,18.0,7,919.5490057504834,Summer,Colombia,894.0237259930122,1
REC00811,Marta Brown,3667938468.0,Virgo,Yellow,Photography,03/02/2023 18:00,27.831116468454233,82.09600964321763,37.59735332620285,0,0,1.0,3,932.4872582115083,Spring,Colombia,925.0631229421072,1
REC00812,Marta Brown,3971704513.0,Scorpio,Red,Music,03/02/2023 19:00,9.026054965891955,48.24689893860552,28.140786259490028,0,0,19.0,6,1026.8454552511914,Summer,Colombia,1026.480835308449,1
REC00813,Marta Hernandez,3886044166.0,Aquarius,Green,Music,03/02/2023 20:00,32.87024684587499,91.16644432257497,70.81495429358453,0,0,5.0,8,977.7459179550731,Summer,Colombia,978.1365257444152,1
REC00814,Thomas Moore,3830633903.0,Leo,Red,Reading,03/02/2023 21:00,26.62583752147698,79.92650753865857,51.82220632910517,0,1,0.0,4,841.5352930417314,Spring,Colombia,855.8078709058208,0
REC00815,Thomas Ramirez,3937401994.0,Taurus,Black,Gardening,03/02/2023 22:00,28.726893364829586,83.70840805669326,100.0,0,6,23.0,8,864.4718447164734,Summer,Colombia,875.351512983927,0
REC00816,Richard Anderson,3878243274.0,Libra,Black,Reading,03/02/2023 23:00,16.296483903797935,61.333671026836285,,0,5,14.0,2,882.3047499839201,Winter,Colombia,873.7572290745042,0
REC00817,Joseph Gonzalez,3127310678.0,Virgo,Pink,Sports,04/02/2023 00:00,18.800474247367124,65.84085364526082,46.17823464856618,0,6,22.0,10,831.8181641387673,,Colombia,859.5253745076573,0
REC00818,Carmen Moore,3251286302.0,Aquarius,Orange,Photography,04/02/2023 01:00,8.534785483802304,47.36261387084415,51.51910544571898,1,1,9.0,9,1089.4607870900147,Fall,Colombia,1077.5997060843542,1
REC00819,William Johnson,3813017003.0,Taurus,Black,Reading,04/02/2023 02:00,15.802700743465575,60.444861338238034,63.64701982707734,0,1,18.0,9,836.6469308149834,Fall,Colombia,844.4170721573605,0
REC00820,Carmen Wilson,3197597484.0,Virgo,Black,Cooking,04/02/2023 03:00,23.94923878114521,75.10862980606137,52.94694991822033,0,4,16.0,8,867.7981537718034,Summer,Colombia,851.2870122744121,0
REC00821,Sofia Smith,3702221255.0,Scorpio,Purple,Dancing,04/02/2023 04:00,30.36850449425117,86.6633080896521,,0,3,4.0,10,,,Colombia,945.9935843544315,1
REC00822,Sofia Brown,3860305975.0,Aries,Blue,Gardening,04/02/2023 05:00,11.142745465580386,52.05694183804469,45.32117415017019,0,3,3.0,10,,Fall,Colombia,947.281463395455,1
REC00823,Michael Gonzalez,3026385055.0,Cancer,Purple,Gardening,04/02/2023 06:00,17.075952504117872,62.736714507412174,39.27612422304628,0,2,9.0,1,844.251688670262,Winter,Colombia,855.8833039348063,0
REC00824,Lucia Davis,3003143828.0,Aries,Red,Music,04/02/2023 07:00,18.78960623813982,65.82129122865167,33.02677890886339,0,1,23.0,2,801.7191348581304,Winter,Colombia,818.8296886169428,0
REC00825,Maria Smith,3466480926.0,Taurus,Black,Travel,04/02/2023 08:00,8.833686382460119,47.900635488428215,26.646387480942046,0,5,16.0,6,975.744358657151,,Mexico,1011.9989179586139,1
REC00826,Paula Gonzalez,3742462208.0,Aries,White,Cooking,04/02/2023 09:00,24.7307939340672,76.51542908132096,,1,4,9.0,10,972.1169251624398,Fall,Colombia,992.767590686628,1
REC00827,Michael Thomas,3628630988.0,Virgo,Gray,Gardening,04/02/2023 10:00,14.208077346059127,57.57453922290643,55.48529531410167,0,4,16.0,5,980.2565741842656,Spring,Colombia,931.4314572789588,1
REC00828,John Hernandez,3997462154.0,Aquarius,Red,Photography,04/02/2023 11:00,18.436877190583807,65.18637894305085,50.52844458775225,0,6,19.0,12,836.563245310741,Winter,Colombia,824.3730473864922,0
REC00829,William Brown,3566645596.0,Virgo,Pink,Photography,04/02/2023 12:00,16.38440502470498,61.49192904446896,78.65108695780742,1,3,23.0,9,989.2088747024436,Fall,Colombia,950.8631153303285,1
REC00830,Maria Lopez,3971618115.0,Aries,Pink,Hiking,04/02/2023 13:00,13.685291954242604,56.633525517636684,78.42045314412202,0,1,4.0,5,878.4901861041992,Spring,Colombia,861.9082173038325,0
REC00831,Elena Lopez,3813517091.0,Cancer,Red,Hiking,04/02/2023 14:00,19.943640116155564,67.89855220908001,54.97795518833247,1,2,1.0,2,926.9863110538811,Winter,Colombia,941.8231742740506,1
REC00832,Sofia Smith,3696394062.0,Cancer,Yellow,Photography,04/02/2023 15:00,18.27512337145582,64.89522206862048,33.091183302120555,1,1,5.0,10,888.770579138987,Fall,Colombia,896.4060030724679,1
REC00833,James Lopez,3421993146.0,Scorpio,Orange,Reading,04/02/2023 16:00,17.025136941770675,62.645246495187216,51.49942337917421,0,6,20.0,4,890.2932251341164,Spring,Colombia,878.5245015293102,0
REC00834,William Ramirez,3443844418.0,Virgo,Blue,Photography,04/02/2023 17:00,14.172307026557258,57.51015264780307,51.002679091244076,0,0,1.0,9,858.0688828913904,Fall,Colombia,849.3187588219297,0
REC00835,Carmen Gonzalez,3227542199.0,Taurus,Orange,Cooking,04/02/2023 18:00,22.556197366263643,72.60115525927455,50.14297556582913,0,1,12.0,1,844.40588666715,Winter,Colombia,855.9527269813167,0
REC00836,Marta Sanchez,3082704690.0,Leo,Gray,Music,04/02/2023 19:00,33.22893814793828,91.8120886662889,49.534216441526326,0,6,10.0,11,1092.6645605004085,Fall,Colombia,1122.8644239119926,1
REC00837,Robert Sanchez,3336675740.0,Cancer,Pink,Travel,04/02/2023 20:00,21.11909786271302,70.01437615288344,50.198056564127896,1,0,10.0,1,1039.1060925562642,Winter,Colombia,973.3508688084894,1
REC00838,Lucia Martinez,3298251220.0,Capricorn,Pink,Sports,04/02/2023 21:00,27.96894571928903,82.34410229472026,54.2018757615336,0,0,15.0,12,,,Colombia,895.2735473385022,1
REC00839,Robert Smith,3089181057.0,Cancer,Red,Gardening,04/02/2023 22:00,8.878224598772299,47.98080427779014,50.46688351776665,0,2,10.0,7,1086.371398602093,Summer,Colombia,1092.8861764657454,1
REC00840,Charles Hernandez,3845272325.0,Pisces,Pink,Dancing,04/02/2023 23:00,,70.27176472583028,63.12483762938388,0,5,18.0,11,780.269480142006,,Colombia,778.0027908639,0
REC00841,Elena Johnson,3518978462.0,Scorpio,Yellow,Travel,05/02/2023 00:00,11.221053448231467,52.197896206816644,65.40553073857292,0,3,14.0,3,933.3577976624364,Spring,Colombia,938.212369448657,1
REC00842,Sofia Brown,3211162421.0,Leo,Orange,Music,05/02/2023 01:00,8.184600579744789,46.732281043540624,46.34032369226265,0,1,22.0,10,1008.0893105137644,Fall,Colombia,1005.6347323596548,1
REC00843,Thomas Ramirez,3237903271.0,Gemini,Pink,Hiking,05/02/2023 02:00,14.08502874032771,57.353051732589876,79.0659798901055,0,0,22.0,2,894.7135119898901,Winter,Colombia,868.9745662675617,0
REC00844,Lucia Brown,3741978768.0,Capricorn,Green,Photography,05/02/2023 03:00,29.53519467530858,85.16335041555544,45.29906547239079,0,1,15.0,9,1046.9358377599763,Fall,Colombia,1049.4268073537048,1
REC00845,David Gonzalez,3992909060.0,Pisces,White,Reading,05/02/2023 04:00,27.600126629357163,81.6802279328429,35.73299079276994,0,5,10.0,3,839.0570188578363,Spring,Colombia,862.3112276443915,0
REC00846,Marta Miller,3454635009.0,Cancer,Green,Hiking,05/02/2023 05:00,21.9440377764352,71.49926799758336,65.71167107047577,1,3,21.0,2,882.12828328915,Winter,Colombia,885.3611591787222,0
REC00847,John Smith,3723883833.0,Aries,Red,Music,05/02/2023 06:00,7.7383955208805535,45.929111937585,47.7388779837849,0,5,15.0,12,981.1590414633741,Winter,Colombia,990.4470770915724,1
REC00848,Joseph Hernandez,3166764043.0,Virgo,Gray,Dancing,05/02/2023 07:00,18.429754788896506,65.17355862001371,64.81937206136082,0,3,7.0,8,833.4413627358371,Summer,Colombia,804.9633839909001,0
REC00849,Elena Davis,3726085892.0,Aquarius,White,Sports,05/02/2023 08:00,22.413600071213885,72.344480128185,23.94497098349204,0,4,3.0,10,843.0279226303982,,Colombia,819.6055413356468,0
REC00850,Ana Brown,3201831785.0,Capricorn,Black,Dancing,05/02/2023 09:00,21.404289836628784,70.52772170593181,80.88683912224602,0,3,7.0,6,868.7403746133544,Summer,Colombia,866.5898746047385,0
REC00851,Marta Sanchez,3958762939.0,Cancer,Green,Reading,05/02/2023 10:00,5.249651332154034,41.44937239787726,70.08440112060603,0,2,3.0,6,1105.609852073891,Summer,Colombia,1131.184569170276,1
REC00852,John Anderson,3207859880.0,Virgo,Yellow,Cooking,05/02/2023 11:00,12.877457215841027,55.17942298851385,37.49285176255498,1,5,23.0,10,993.3390834771589,Fall,Colombia,1017.8569287459578,1
REC00853,Richard Martinez,3700641939.0,Taurus,Blue,Hiking,05/02/2023 12:00,19.48737788681027,67.07728019625849,37.818343142305714,0,0,2.0,11,824.05012063965,Fall,Peru,823.747655407959,0
REC00854,Robert Sanchez,3109154503.0,Leo,Gray,Gaming,05/02/2023 13:00,24.290327276137518,75.72258909704753,,0,4,2.0,7,816.9268937107732,Summer,Colombia,810.2004343243476,0
REC00855,William Anderson,3889124224.0,Aquarius,Gray,Photography,05/02/2023 14:00,2.4309774312004286,36.37575937616077,48.939301447530625,0,2,17.0,7,1249.1549447762802,Summer,Colombia,1256.6474011628013,1
REC00856,Robert Martinez,3106659127.0,Sagittarius,Yellow,Music,05/02/2023 15:00,18.703008196161132,65.66541475309003,47.487227269010646,0,1,18.0,11,853.9199818563656,Fall,Colombia,863.5233735405102,0
REC00857,Carmen Smith,3217657925.0,Scorpio,Yellow,Dancing,05/02/2023 16:00,21.14439015903162,70.05990228625691,26.009218587760756,0,5,18.0,6,780.4243779047451,Summer,Colombia,792.2803625683181,0
REC00858,Carmen Anderson,3148462903.0,Gemini,Green,Cooking,05/02/2023 17:00,26.796895908129706,80.23441263463347,54.738326915976685,0,6,20.0,4,970.6370946808323,Spring,Colombia,971.1049738857113,1
REC00859,John Garcia,3177607221.0,Aries,White,Travel,05/02/2023 18:00,25.542860673899494,77.97714921301909,56.58420577746371,0,6,4.0,11,791.947225552458,Fall,Colombia,839.6024725939193,0
REC00860,Thomas Rodriguez,3255310218.0,Capricorn,Red,Gardening,05/02/2023 19:00,24.660570550470442,76.3890269908468,70.73239645154229,0,0,17.0,9,908.3619406689311,Fall,Peru,930.3884732443253,1
REC00861,Maria Brown,3053784322.0,Gemini,Pink,Music,05/02/2023 20:00,,56.48085670349215,39.01382357723287,0,3,9.0,6,879.6812678949616,Summer,Colombia,892.2222848039086,0
REC00862,Carmen Smith,3799295838.0,Scorpio,Gray,Gardening,05/02/2023 21:00,4.735982903013539,40.52476922542437,37.19569811639086,0,0,21.0,4,1184.3894222607207,Spring,Colombia,1160.2393583616822,1
REC00863,James Rodriguez,3442417179.0,Aquarius,Green,Reading,05/02/2023 22:00,16.85557794350879,62.34004029831583,66.76443952164715,0,6,20.0,12,856.9287665588315,Winter,Colombia,873.2050393974101,0
REC00864,Michael Perez,3170766190.0,Gemini,Green,Gardening,05/02/2023 23:00,,82.42349828300325,75.10095106840598,0,1,5.0,3,,Spring,Colombia,894.5118013535437,1
REC00865,Elena Ramirez,3861013866.0,Leo,Green,Hiking,06/02/2023 00:00,31.14763622019545,88.06574519635181,36.432714733231755,1,4,0.0,4,1073.6291644294765,Spring,Colombia,1069.0983094108567,1
REC00866,Maria Smith,3790049399.0,Taurus,Purple,Gardening,06/02/2023 01:00,25.684392818382282,78.23190707308811,76.22271129449612,0,4,4.0,3,890.1250534225501,Spring,Mexico,864.1667233093349,0
REC00867,Isabel Ramirez,3823303300.0,Aries,Orange,Gaming,06/02/2023 02:00,23.434726582413873,74.18250784834497,60.563127622302325,0,5,8.0,2,855.9010376438654,Winter,Colombia,830.6494895045823,0
REC00868,Isabel Martinez,3748226939.0,Aquarius,Blue,Travel,06/02/2023 03:00,23.037117187087723,73.4668109367579,76.37708008611969,1,4,11.0,5,914.3086486778948,Spring,Colombia,915.4587080537931,1
REC00869,Carmen Garcia,3737642073.0,Capricorn,Red,Dancing,06/02/2023 04:00,15.551050025913757,59.99189004664476,58.94669457723575,0,5,13.0,2,919.8931147171671,,Colombia,929.402809540956,1
REC00870,Michael Anderson,3799877647.0,Leo,Black,Gaming,06/02/2023 05:00,18.95951765157104,66.12713177282788,22.16583123768074,0,5,1.0,6,817.4339627752586,Summer,Chile,830.7106248317724,0
REC00871,John Torres,3281102324.0,Leo,Orange,Reading,06/02/2023 06:00,33.35255620661065,92.03460117189917,57.72048926525942,0,5,16.0,3,1115.2505357708187,Spring,Colombia,1120.0718002201343,1
REC00872,Lucia Garcia,3655025438.0,Virgo,Green,Gaming,06/02/2023 07:00,12.45953595366499,54.42716471659698,75.90215728006905,0,6,13.0,6,993.2129252663857,Summer,Colombia,1001.8935923528577,1
REC00873,Michael Anderson,3984124699.0,Taurus,White,Reading,06/02/2023 08:00,,91.25281458622186,46.593809713744285,0,6,12.0,11,1100.6829395591024,Fall,Colombia,1089.6103913719378,1
REC00874,Charles Gonzalez,3711252870.0,Sagittarius,Green,Gaming,06/02/2023 09:00,17.423774764063534,63.36279457531436,54.18052546638822,0,3,8.0,10,921.2697298486771,Fall,Colombia,912.8635334989731,1
REC00875,David Perez,3584300261.0,Taurus,White,Music,06/02/2023 10:00,30.603456872760628,87.08622237096912,57.357997446735325,0,2,14.0,9,1037.5089336986753,Fall,Colombia,1025.6729098757748,1
REC00876,Maria Rodriguez,3430231176.0,Taurus,Yellow,Gaming,06/02/2023 11:00,8.745479924019694,47.74186386323545,16.50729180197277,0,5,21.0,1,974.1919774366334,,Colombia,949.00630320791,1
REC00877,Charles Sanchez,3692218082.0,Pisces,Purple,Gaming,06/02/2023 12:00,24.687233609317193,76.43702049677094,85.07021363156214,1,5,14.0,6,1094.1342284613065,Summer,Colombia,1056.876846033303,1
REC00878,Thomas Garcia,3886095274.0,Leo,Gray,Reading,06/02/2023 13:00,14.105838912419024,57.390510042354244,46.47936480154238,0,2,23.0,9,894.2334041226452,,Colombia,891.740136254494,0
REC00879,Thomas Thomas,3033204250.0,Sagittarius,Red,Dancing,06/02/2023 14:00,8.6778624646065,47.620152436291704,67.58603148709199,0,0,10.0,11,1059.4346317430802,Fall,Colombia,1037.4453563151671,1
REC00880,Laura Torres,3751500619.0,Cancer,Red,Gardening,06/02/2023 15:00,21.748272339287567,71.14689021071761,58.699482957776866,0,5,15.0,4,876.6383309631508,Spring,Colombia,883.671534639835,0
REC00881,Sofia Gonzalez,3674190452.0,Virgo,Black,Sports,06/02/2023 16:00,28.07577430876775,82.53639375578194,78.8642858453904,0,3,16.0,11,955.3791983409737,Fall,Colombia,931.6790586693135,1
REC00882,Paula Garcia,3473047128.0,Taurus,Pink,Sports,06/02/2023 17:00,,55.832843284253656,66.09084183642122,0,4,3.0,12,922.9330438725335,Winter,Peru,901.7028607290166,1
REC00883,Charles Hernandez,3381500010.0,Cancer,Black,Travel,06/02/2023 18:00,8.00787231633279,46.41417016939902,56.47613592718538,1,4,0.0,2,1040.2418663595677,Winter,Colombia,1020.0735469607077,1
REC00884,John Gonzalez,3479440604.0,Pisces,Yellow,Hiking,06/02/2023 19:00,19.26524188532036,66.67743539357664,,0,1,7.0,4,761.8991477066781,Spring,Colombia,760.0177508828476,0
REC00885,Isabel Gonzalez,3828028638.0,Sagittarius,Orange,Sports,06/02/2023 20:00,19.30051736978255,66.7409312656086,71.96776052073209,0,1,16.0,1,,Winter,Colombia,889.9043036964424,0
REC00886,Laura Brown,3110682233.0,Taurus,Black,Reading,06/02/2023 21:00,24.38655702043599,75.89580263678478,31.89838044068075,0,4,2.0,3,790.986033454238,Spring,Colombia,818.8766022115476,0
REC00887,William Hernandez,3569292669.0,Aries,Red,Sports,06/02/2023 22:00,27.596756570915908,81.67416182764863,69.68835630413838,0,4,19.0,10,944.0670132417587,Fall,Colombia,944.8677573921807,1
REC00888,John Miller,3990548833.0,Cancer,Purple,Travel,06/02/2023 23:00,19.52467854982005,67.14442138967608,43.51432872667691,0,6,14.0,9,827.1277200818681,Fall,Colombia,796.4674692368844,0
REC00889,Lucia Martinez,3667975712.0,Cancer,Yellow,Hiking,07/02/2023 00:00,34.844026518354106,94.71924773303739,78.7842549293496,0,3,14.0,10,1248.2354667172028,Fall,Colombia,1254.4323647444842,1
REC00890,Charles Sanchez,3518754906.0,Aries,Gray,Photography,07/02/2023 01:00,,71.2289803213082,62.41949313994043,0,2,23.0,5,868.1507146409617,Spring,Colombia,852.4481829317606,0
REC00891,Elena Rodriguez,3975905463.0,Cancer,Black,Travel,07/02/2023 02:00,17.228587951944803,63.01145831350065,69.66185651775163,0,1,21.0,11,820.3727063855238,Fall,Colombia,803.4936783751451,0
REC00892,Paula Hernandez,3286358391.0,Gemini,White,Reading,07/02/2023 03:00,7.107461127177377,44.793430028919275,61.22983220737079,0,6,13.0,6,,Summer,Colombia,1083.1385036063305,1
REC00893,Paula Gonzalez,3237206925.0,Taurus,Purple,Photography,07/02/2023 04:00,17.89872383747066,64.21770290744719,33.71434357288505,0,6,22.0,3,874.134113473999,Spring,Colombia,847.8072167236087,0
REC00894,Charles Lopez,3612082188.0,Capricorn,Blue,Gaming,07/02/2023 05:00,17.30890443671091,63.15602798607964,,0,2,13.0,5,881.9885961132783,Spring,Colombia,940.1618110028884,1
REC00895,James Perez,3444675095.0,Cancer,Red,Photography,07/02/2023 06:00,27.682438370251763,81.82838906645317,70.08584006417074,0,6,23.0,11,,Fall,Colombia,926.680199201529,1
REC00896,Sofia Perez,3132109636.0,Scorpio,Green,Sports,07/02/2023 07:00,23.69986899253483,74.6597641865627,62.49983726039766,0,3,1.0,8,,Summer,Colombia,907.4056525387451,1
REC00897,Maria Miller,3545593377.0,Libra,Gray,Travel,07/02/2023 08:00,10.565047026939062,51.01708464849031,77.71484857958508,0,4,12.0,6,930.2391527859827,Summer,Colombia,946.6334532433305,1
REC00898,Lucia Brown,3522981206.0,Sagittarius,Red,Gardening,07/02/2023 09:00,21.3780350912883,70.48046316431893,66.04911844555758,0,5,13.0,4,826.7982568729991,Spring,Colombia,820.0729978492813,0
REC00899,Maria Thomas,3813808658.0,Scorpio,Yellow,Photography,07/02/2023 10:00,25.372249373832428,77.67004887289838,45.499471639460104,0,2,23.0,2,801.5347063409084,Winter,Colombia,795.7339502798304,0
REC00900,Michael Davis,3311880733.0,Aries,White,Gaming,07/02/2023 11:00,32.22425087510266,90.00365157518479,48.05903793419049,0,4,18.0,9,1099.6987016156515,Fall,Colombia,1091.8188901721514,1
REC00901,Carmen Anderson,3865642544.0,Pisces,Black,Gaming,07/02/2023 12:00,27.100031739312474,80.78005713076246,61.54376085784856,0,4,6.0,12,894.5614479236914,,Colombia,882.6398180410416,0
REC00902,Elena Wilson,3645867434.0,Taurus,Yellow,Reading,07/02/2023 13:00,26.086773234491822,78.95619182208529,25.28933900999842,1,0,2.0,1,930.4930762903966,Winter,Colombia,949.4951676733097,1
REC00903,Marta Martinez,3481889167.0,Pisces,Purple,Reading,07/02/2023 14:00,20.480687956921308,68.86523832245835,85.10162828434477,0,2,14.0,1,858.3534151566794,Winter,Colombia,882.7169364928258,0
REC00904,Laura Thomas,3679037107.0,Taurus,White,Photography,07/02/2023 15:00,23.106496043387597,73.59169287809767,66.62620104566336,0,6,22.0,4,871.695014350118,Spring,Colombia,863.7686207099607,0
REC00905,Charles Anderson,3358778225.0,Pisces,Green,Music,07/02/2023 16:00,29.996039205649268,85.99287057016868,78.40551895573309,0,5,13.0,7,926.2500618569134,Summer,Colombia,938.8547033298421,1
REC00906,Paula Gonzalez,3244246387.0,Scorpio,Pink,Gaming,07/02/2023 17:00,9.337780820162802,48.80800547629305,,0,2,10.0,1,965.2359947349283,Winter,Colombia,996.6454956422878,1
REC00907,David Sanchez,3360859623.0,Pisces,Black,Travel,07/02/2023 18:00,17.20448538226435,62.96807368807583,78.66847740532884,0,6,14.0,9,913.9549824227125,,Colombia,894.5280967318829,1
REC00908,Paula Sanchez,3774320865.0,Cancer,Gray,Music,07/02/2023 19:00,13.819450009950074,56.875010017910135,93.47248366541623,0,4,12.0,4,916.491288044962,Spring,Colombia,888.589249914916,0
REC00909,Isabel Rodriguez,3627775408.0,Sagittarius,Red,Gaming,07/02/2023 20:00,23.033224949808993,73.45980490965619,40.18682466934024,0,5,17.0,3,863.0156551338628,,Colombia,831.8724373398895,0
REC00910,Michael Smith,3863034762.0,Taurus,White,Music,07/02/2023 21:00,29.8417774052063,85.71519932937134,71.5710269235565,1,6,5.0,1,1089.772525275954,Winter,Colombia,1086.0323708464596,1
REC00911,Marta Smith,3202504781.0,Cancer,Black,Gardening,07/02/2023 22:00,15.224205706231409,59.40357027121654,60.0166491703094,0,3,2.0,10,795.1509558350879,Fall,Colombia,782.6323139156298,0
REC00912,Laura Lopez,3778181103.0,Aries,Gray,Photography,07/02/2023 23:00,0.8775650602444962,33.57961710844009,,0,6,18.0,4,1413.8354491933671,Spring,Colombia,1386.4380847261289,1
REC00913,Carmen Smith,3997984686.0,Gemini,Orange,Dancing,08/02/2023 00:00,16.70223403980424,62.06402127164763,67.39325957777805,0,0,14.0,9,866.6303357240625,Fall,Colombia,879.4586515245312,0
REC00914,Elena Perez,3613145806.0,Virgo,Yellow,Travel,08/02/2023 01:00,27.30778985613925,81.15402174105066,72.50404807256022,0,4,22.0,10,,Fall,Colombia,857.1528923158328,0
REC00915,Carmen Thomas,3821099554.0,Sagittarius,Red,Reading,08/02/2023 02:00,24.301039223599037,75.74187060247827,,0,6,4.0,6,864.5825585277973,Summer,Colombia,859.0746338449331,0
REC00916,Isabel Miller,3482538908.0,Aquarius,Blue,Hiking,08/02/2023 03:00,23.42548998248461,74.16588196847229,77.48874780382835,0,1,9.0,6,,Summer,Colombia,844.8458934222589,0
REC00917,Marta Sanchez,3149803371.0,Aries,Orange,Gardening,08/02/2023 04:00,17.76005358500416,63.96809645300749,34.998548898162035,0,1,6.0,1,867.5926800684346,,Colombia,863.8708196509159,0
REC00918,Marta Lopez,3504191285.0,Leo,Gray,Sports,08/02/2023 05:00,9.76775411024171,49.58195739843508,37.57865780325534,0,0,16.0,10,1027.9435662178423,Fall,Colombia,1002.0184320228823,1
REC00919,Michael Wilson,3793158613.0,Pisces,Orange,Gaming,08/02/2023 06:00,24.12235457299574,75.42023823139233,62.04896093383128,0,3,6.0,2,856.8119915572933,Winter,Colombia,852.3415163064625,0
REC00920,Sofia Taylor,3033584406.0,Taurus,Black,Reading,08/02/2023 07:00,13.325745519723002,55.9863419355014,,1,4,21.0,11,966.9798862312107,,Colombia,996.659467420559,1
REC00921,Charles Perez,3853585047.0,Libra,White,Gaming,08/02/2023 08:00,37.47277386704365,99.45099296067858,49.25139767363842,0,2,11.0,6,1311.8836724497967,Summer,Colombia,1282.8451398035022,1
REC00922,Joseph Martinez,3170795234.0,Cancer,Blue,Cooking,08/02/2023 09:00,24.564057666836128,76.21530380030504,,0,0,16.0,2,780.1558568136307,Winter,Colombia,799.1064716330729,0
REC00923,Carmen Perez,3485442802.0,Leo,Pink,Travel,08/02/2023 10:00,15.354813579568392,59.63866444322311,67.96341471323925,0,3,12.0,3,921.8580297122751,Spring,Colombia,896.7968655073968,1
REC00924,Isabel Moore,3887195657.0,Scorpio,White,Hiking,08/02/2023 11:00,15.108918020890975,59.196052437603754,72.87208606401023,0,2,19.0,4,886.970700645736,Spring,Colombia,888.7755582745424,0
REC00925,William Johnson,3513072956.0,Taurus,Pink,Photography,08/02/2023 12:00,19.256446347091295,66.66160342476434,58.15295346971599,0,1,3.0,11,846.5825688590901,Fall,Colombia,823.062349155136,0
REC00926,Laura Johnson,3524662151.0,Gemini,Gray,Gaming,08/02/2023 13:00,18.083984623826,64.5511723228868,69.03870401967511,0,1,9.0,5,869.1409457846246,,Colombia,846.4455734872893,0
REC00927,Maria Perez,3947861551.0,Aquarius,Green,Reading,08/02/2023 14:00,28.934670204239634,84.08240636763134,53.31524545455008,0,2,2.0,9,911.1282490220701,Fall,Colombia,902.5253895357627,1
REC00928,Marta Taylor,3306034287.0,Leo,White,Dancing,08/02/2023 15:00,21.49132935795237,70.68439284431426,90.80728035129894,0,0,8.0,12,943.8457216726466,Winter,Colombia,933.675015320104,1
REC00929,John Smith,3957458635.0,Capricorn,Gray,Gaming,08/02/2023 16:00,,57.464502959717194,47.81181344817021,0,1,12.0,4,850.9457700157386,Spring,Colombia,842.4931976718873,0
REC00930,Joseph Torres,3489061340.0,Cancer,Black,Gaming,08/02/2023 17:00,35.12352548124626,95.22234586624327,91.57946144187468,0,4,17.0,11,1182.1630584818056,Fall,Colombia,1222.4395536074271,1
REC00931,Maria Ramirez,3324635517.0,Leo,Pink,Dancing,08/02/2023 18:00,20.394466652161782,68.71003997389121,,1,5,14.0,9,929.61593596013,Fall,Colombia,927.249331582166,1
REC00932,James Miller,3529694876.0,Gemini,Gray,Hiking,08/02/2023 19:00,26.150717407751173,79.07129133395212,39.367336656468865,0,6,3.0,11,820.9945587139653,Fall,Colombia,843.3158422354031,0
REC00933,John Garcia,3014441302.0,Pisces,Red,Travel,08/02/2023 20:00,15.134187940441926,59.24153829279547,80.52119025732901,0,2,14.0,10,876.2538200703658,Fall,Colombia,872.8300771954525,0
REC00934,Ana Sanchez,3125331481.0,Sagittarius,Pink,Gaming,08/02/2023 21:00,22.90492502195619,73.22886503952114,61.88852082592439,0,2,21.0,3,757.6616621802661,Spring,Colombia,780.5205131079305,0
REC00935,James Miller,3561215908.0,Scorpio,Black,Gaming,08/02/2023 22:00,22.48887992914556,72.47998387246201,72.76686147570356,0,1,1.0,8,808.4417145374834,Summer,Colombia,832.140753362005,0
REC00936,Laura Martinez,3434208563.0,Virgo,Red,Photography,08/02/2023 23:00,4.882805663230776,40.7890501938154,78.3578387781389,0,0,14.0,12,,Winter,Colombia,1248.4200907614695,1
REC00937,Marta Ramirez,3579368613.0,Aries,Gray,Dancing,09/02/2023 00:00,36.122200883685124,97.01996159063323,65.06933331217537,0,4,7.0,1,1230.0775362131965,Winter,Colombia,1208.6885884507126,1
REC00938,Isabel Lopez,3554910456.0,Cancer,Orange,Travel,09/02/2023 01:00,30.325155687380377,86.58528023728468,51.11638732780778,0,0,7.0,11,963.9656881025658,Fall,Colombia,964.0485398014489,1
REC00939,Ana Johnson,3387130117.0,Libra,Purple,Travel,09/02/2023 02:00,16.8224374708321,62.28038744749777,74.63570066503875,0,3,16.0,9,829.3831084811685,Fall,Colombia,825.687735476188,0
REC00940,Joseph Martinez,3972577031.0,Capricorn,White,Cooking,09/02/2023 03:00,11.181842076353156,52.12731573743568,60.011332611818936,0,3,11.0,9,982.3545538676814,Fall,Colombia,987.3128743825415,1
REC00941,James Ramirez,3536369739.0,Leo,Blue,Hiking,09/02/2023 04:00,22.780492910428418,73.00488723877115,70.28786727912629,0,5,18.0,10,959.2482240261764,Fall,Colombia,947.850696506586,1
REC00942,William Johnson,3293225405.0,Cancer,Black,Cooking,09/02/2023 05:00,20.693581595315173,69.24844687156731,27.69404139312808,0,1,9.0,2,821.97271086126,Winter,Colombia,835.4937981922361,0
REC00943,Richard Anderson,3732281301.0,Sagittarius,Green,Gardening,09/02/2023 06:00,22.845351588505835,73.1216328593105,,0,1,8.0,4,866.9795005766035,Spring,Colombia,847.1046953192443,0
REC00944,Paula Perez,3017187069.0,Scorpio,Blue,Sports,09/02/2023 07:00,21.532619169552717,70.75871450519489,50.42121262282455,0,1,4.0,8,776.0180802187986,,Colombia,781.0798170390808,0
REC00945,Michael Davis,3438722253.0,Gemini,Gray,Hiking,09/02/2023 08:00,24.04992791444741,75.28987024600534,84.79964455767796,0,5,5.0,7,796.629364871929,Summer,Colombia,805.0263047885536,0
REC00946,Elena Taylor,3267994657.0,Virgo,Red,Gardening,09/02/2023 09:00,31.578445595134454,88.84120207124201,69.34631021833643,0,3,19.0,1,941.7128818220342,Winter,Colombia,941.2786214523373,1
REC00947,Lucia Gonzalez,3506424466.0,Pisces,Pink,Sports,09/02/2023 10:00,24.54482564102917,76.1806861538525,63.59786618773945,0,0,1.0,5,835.3616389967506,Spring,Colombia,847.1845755952628,0
REC00948,Laura Sanchez,3893148485.0,Pisces,Blue,Reading,09/02/2023 11:00,11.60275600872047,52.88496081569685,67.29464990025332,0,5,23.0,7,878.5221199093654,,Colombia,871.9484729194357,0
REC00949,David Garcia,3746888529.0,Cancer,Red,Hiking,09/02/2023 12:00,30.900502821699618,87.62090507905931,45.02338720684923,0,5,12.0,4,953.073666110882,Spring,Colombia,963.8209178971499,1
REC00950,Elena Sanchez,3662231779.0,Libra,Purple,Dancing,09/02/2023 13:00,33.1249165079063,91.62484971423133,,0,0,5.0,1,1097.8932200549455,Winter,Colombia,1088.5227479985688,1
REC00951,Robert Brown,3705310837.0,Aries,Pink,Gardening,09/02/2023 14:00,45.21645387609668,113.38961697697403,89.87055627625357,0,1,4.0,9,1734.8437385045188,Fall,Colombia,1710.5236077262894,1
REC00952,Marta Ramirez,3584281252.0,Aries,White,Gaming,09/02/2023 15:00,11.012047734083216,51.82168592134979,65.89370265822325,1,4,0.0,5,993.2417330100842,Spring,Colombia,1007.6281667462476,1
REC00953,Paula Brown,3419541541.0,Pisces,Orange,Cooking,09/02/2023 16:00,21.9430561052022,71.49750098936396,,0,0,20.0,11,911.7093870435851,Fall,Colombia,914.3208961894885,1
REC00954,William Moore,3172217230.0,Pisces,Purple,Sports,09/02/2023 17:00,3.343210374488102,38.017778674078585,51.462777019912,0,3,21.0,2,1169.030943282569,Winter,Colombia,1159.8043290218607,1
REC00955,John Anderson,3871560037.0,Virgo,Pink,Gardening,09/02/2023 18:00,24.425193251033672,75.96534785186061,48.04329650662529,0,2,20.0,8,809.3524264799523,Summer,Colombia,818.0695735795805,0
REC00956,Paula Perez,3349217575.0,Capricorn,Purple,Music,09/02/2023 19:00,15.614397614665819,60.10591570639848,60.613871230933846,0,2,5.0,11,,Fall,Colombia,839.6225100058667,0
REC00957,Lucia Perez,3765580936.0,Aquarius,White,Hiking,09/02/2023 20:00,35.38756635859963,95.69761944547933,66.52411557551848,0,6,5.0,2,,Winter,Colombia,1201.1452922208753,1
REC00958,Paula Torres,3014144308.0,Libra,Red,Cooking,09/02/2023 21:00,,56.84554443173242,,0,6,22.0,3,816.2942885871888,Spring,Colombia,794.6290530613028,0
REC00959,Maria Davis,3841361141.0,Sagittarius,Pink,Travel,09/02/2023 22:00,6.486535696261907,43.67576425327143,68.06652285552725,0,5,15.0,10,1128.1083647843943,Fall,Colombia,1140.2281657060926,1
REC00960,Joseph Hernandez,3200860869.0,Libra,Gray,Cooking,09/02/2023 23:00,16.229890074379842,61.21380213388372,64.59584223110122,0,2,3.0,1,825.7050700707476,Winter,Colombia,844.5605748753571,0
REC00961,Joseph Anderson,3159997301.0,Sagittarius,Black,Gardening,10/02/2023 00:00,4.1960978302629,39.55297609447322,45.02539837063418,0,4,10.0,11,1136.1270185469639,Fall,Colombia,1142.2785663382388,1
REC00962,William Garcia,3262534721.0,Capricorn,Blue,Dancing,10/02/2023 01:00,26.00879563605848,78.81583214490527,67.78189526177582,0,1,23.0,2,866.74344421922,Winter,Colombia,886.098491010162,0
REC00963,Paula Rodriguez,3079801935.0,Sagittarius,Orange,Reading,10/02/2023 02:00,3.4793356299494356,38.262804133908986,72.95292363782282,0,3,22.0,7,1255.7527261164244,,Colombia,1244.4627620354745,1
REC00964,David Anderson,3955013683.0,Scorpio,Yellow,Sports,10/02/2023 03:00,20.22766064946527,68.40978916903748,62.57203976385586,0,6,8.0,10,814.3712951232031,Fall,Colombia,837.6063211267314,0
REC00965,Thomas Anderson,3874269824.0,Libra,Green,Cooking,10/02/2023 04:00,3.3775054411504257,38.079509794070766,77.28972154892539,0,4,22.0,2,1311.2151708954498,Winter,Colombia,1264.554842530396,1
REC00966,Isabel Torres,3502110621.0,Pisces,Red,Reading,10/02/2023 05:00,17.437617563706866,63.387711614672355,41.73894309754572,0,3,2.0,6,881.2254858292041,Summer,Colombia,5000.0,1
REC00967,Laura Taylor,3407231867.0,Gemini,Black,Gaming,10/02/2023 06:00,33.14702524643627,91.66464544358529,,0,3,18.0,3,1113.6426416663435,Spring,Colombia,1113.3911262743372,1
REC00968,James Thomas,3662119279.0,Aquarius,Green,Travel,10/02/2023 07:00,22.88518313148636,73.19332963667546,42.44578940404838,0,1,7.0,4,811.7764968002823,Spring,Colombia,794.4286069403228,0
REC00969,Joseph Miller,3045290464.0,Gemini,Yellow,Photography,10/02/2023 08:00,13.092051160280528,55.56569208850495,,0,5,4.0,11,,Fall,Colombia,832.6665200549542,0
REC00970,Robert Sanchez,3367378432.0,Aquarius,Pink,Gaming,10/02/2023 09:00,19.750372088487328,67.55066975927718,50.53603749393315,0,2,3.0,8,849.0583973946527,Summer,Colombia,798.5909307666616,0
REC00971,Richard Sanchez,3500187302.0,Leo,Purple,Music,10/02/2023 10:00,20.144134976355573,68.25944295744003,45.869097246386325,0,1,23.0,3,811.0172268812709,Spring,Colombia,822.8215191252807,0
REC00972,William Moore,3787351567.0,Libra,Black,Travel,10/02/2023 11:00,23.781042766747245,74.80587698014504,51.78006271888293,0,4,5.0,10,806.0674038863447,Fall,Colombia,808.4773521643318,0
REC00973,Sofia Torres,3744057488.0,Pisces,Orange,Music,10/02/2023 12:00,9.065133093753388,48.3172395687561,56.78774533933217,0,5,1.0,6,854.3382654317412,Summer,Colombia,891.4569311755099,0
REC00974,Thomas Brown,3412364143.0,Capricorn,White,Dancing,10/02/2023 13:00,24.740538190778643,76.53296874340155,72.55731729497077,0,4,19.0,1,944.183355385227,Winter,Colombia,-100.0,0
REC00975,Thomas Smith,3682361957.0,Libra,Gray,Sports,10/02/2023 14:00,-1.6351330528222014,29.05676050492004,55.18261441941446,0,5,10.0,7,1537.6005190522333,Summer,Colombia,1559.7274021937753,1
REC00976,Robert Brown,3013011537.0,Aries,Blue,Gaming,10/02/2023 15:00,14.960923581089517,58.92966244596113,36.21561439845611,0,6,3.0,8,824.9365720976767,Summer,Colombia,822.9034568663561,0
REC00977,Michael Sanchez,3126928277.0,Scorpio,Purple,Dancing,10/02/2023 16:00,16.093809260387644,60.96885666869776,77.10101769742741,0,4,14.0,11,896.2883360197908,Fall,Colombia,907.1738246782816,1
REC00978,Paula Martinez,3885807061.0,Aries,Red,Hiking,10/02/2023 17:00,25.066614608569907,77.11990629542584,47.443647995774406,0,1,5.0,8,877.9365405483644,Summer,Colombia,899.4914192469713,1
REC00979,Maria Moore,3407742459.0,Aquarius,Green,Photography,10/02/2023 18:00,,68.32588427854691,59.119193593430566,0,5,21.0,3,671.8854741125488,Spring,Colombia,687.9727041478011,0
REC00980,Carmen Torres,3688075258.0,Cancer,Red,Travel,10/02/2023 19:00,8.755495569149707,47.75989202446947,66.69804760411067,0,5,16.0,10,1061.544626521711,Fall,Colombia,1057.0288658400007,1
REC00981,William Garcia,3315180642.0,Taurus,Red,Sports,10/02/2023 20:00,12.120054993463878,53.816098988234984,62.99415627604174,0,3,23.0,1,810.44451206926,Winter,Colombia,836.0743315266365,0
REC00982,Laura Thomas,3367600286.0,Leo,Black,Sports,10/02/2023 21:00,21.589440076379255,70.86099213748265,76.41269321282213,0,3,5.0,9,808.7776664860869,Fall,Colombia,823.7538999065584,0
REC00983,Marta Anderson,3550997031.0,Virgo,White,Cooking,10/02/2023 22:00,19.36746126508355,66.86143027715039,67.18504715089138,0,0,18.0,6,868.9827135970273,Summer,Colombia,855.7172459717377,0
REC00984,Isabel Hernandez,3561120922.0,Cancer,Green,Hiking,10/02/2023 23:00,15.367007122914028,59.66061282124525,47.08035630454338,1,4,1.0,11,1009.6755930538023,,Colombia,957.6259955563161,1
REC00985,Robert Perez,3995089955.0,Pisces,Green,Sports,11/02/2023 00:00,,61.0759934310275,92.67843260987493,0,3,14.0,9,861.7771805923732,Fall,Colombia,852.225404201313,0
REC00986,Charles Rodriguez,3273431932.0,Cancer,Green,Gardening,11/02/2023 01:00,25.56934397727431,78.02481915909377,62.915001950073496,0,0,10.0,7,,Summer,Colombia,821.5967840330364,0
REC00987,Marta Sanchez,3835435254.0,Libra,Red,Hiking,11/02/2023 02:00,15.858459417046284,60.54522695068331,57.78989660067741,0,6,7.0,1,800.3715265486659,Winter,Colombia,807.7138099501121,0
REC00988,Joseph Miller,3282770947.0,Aquarius,Black,Photography,11/02/2023 03:00,19.295270047767414,66.73148608598135,74.45888134583356,0,6,18.0,12,867.6506519870036,Winter,Colombia,867.018871863952,0
REC00989,John Miller,3729897456.0,Cancer,Red,Photography,11/02/2023 04:00,37.35949270464434,99.24708686835982,63.74176418895108,0,3,12.0,12,1335.6551745781949,Winter,Mexico,1342.643673590909,1
REC00990,Paula Rodriguez,3183586677.0,Taurus,Gray,Music,11/02/2023 05:00,8.610538904928616,47.49897002887151,65.98842289408991,0,4,11.0,1,1015.7676473700546,Winter,Colombia,997.706484035316,1
REC00991,Charles Rodriguez,3953426884.0,Cancer,Gray,Photography,11/02/2023 06:00,5.185258147402731,41.33346466532492,97.3827599790103,0,5,4.0,6,1174.6467509738509,Summer,Colombia,1170.2972813135664,1
REC00992,David Smith,3683524376.0,Libra,Green,Gardening,11/02/2023 07:00,26.268717318388852,79.28369117309992,55.8731785761743,0,2,5.0,5,851.187381339139,Spring,Colombia,833.0303336409416,0
REC00993,James Torres,3839815518.0,Aries,White,Travel,11/02/2023 08:00,14.570855509647174,58.227539917364915,55.23358658973906,0,4,21.0,9,852.4225343035212,Fall,Colombia,858.7114101094737,0
REC00994,Charles Johnson,3938047821.0,Cancer,White,Reading,11/02/2023 09:00,17.45409977805904,63.417379600506266,61.74867768018696,0,1,3.0,2,815.8366581899184,Winter,Colombia,789.3266537954933,0
REC00995,Carmen Gonzalez,3530904989.0,Virgo,Green,Reading,11/02/2023 10:00,13.750748974951087,56.75134815491195,76.07273903371558,0,6,18.0,8,912.5368209839654,Summer,Colombia,915.8665326695964,1
REC00996,Paula Perez,3874981294.0,Scorpio,Pink,Cooking,11/02/2023 11:00,17.9215988738599,64.25887797294781,37.40198954714401,1,3,19.0,11,972.7309348617619,Fall,Colombia,992.1547322445217,1
REC00997,Carmen Hernandez,3629077515.0,Scorpio,Orange,Sports,11/02/2023 12:00,,91.01894881418733,30.51666162785242,0,3,0.0,5,1039.7769577284585,,Colombia,996.230550107614,1
REC00998,Paula Smith,3153949466.0,Sagittarius,Green,Photography,11/02/2023 13:00,26.417027668944954,79.55064980410091,,0,5,19.0,2,,Winter,Colombia,884.5711302861345,0
REC00999,Joseph Lopez,3803538860.0,Leo,Black,Music,11/02/2023 14:00,26.897788095095816,80.41601857117247,35.491155614110696,0,1,16.0,10,,Fall,Colombia,928.7677244009518,1
REC01000,John Ramirez,3690418391.0,Taurus,Black,Cooking,11/02/2023 15:00,8.670183553658836,47.6063303965859,53.62752978711542,0,5,11.0,11,1126.0699004662802,Fall,Colombia,1138.610457502888,1
REC01001,David Sanchez,3022342974.0,Gemini,Black,Dancing,11/02/2023 16:00,10.790770107577046,51.423386193638684,67.53749544193936,0,1,14.0,11,992.8534097917029,Fall,Chile,942.6872843305716,1
REC01002,Joseph Brown,3069354294.0,Taurus,Green,Sports,11/02/2023 17:00,,27.117267303409854,46.63876704671605,0,2,0.0,12,1691.5378260583818,Winter,Colombia,1655.4006483754515,1
REC01003,Richard Torres,3431891869.0,Sagittarius,Black,Gardening,11/02/2023 18:00,13.524953431337968,56.34491617640834,38.597601348279866,0,6,13.0,6,1022.9448371193638,Summer,Colombia,993.0662742465198,1
REC01004,Michael Sanchez,3556039761.0,Virgo,Black,Reading,11/02/2023 19:00,27.65362549108527,81.77652588395348,61.04005742573022,0,3,5.0,10,877.361355461095,Fall,Colombia,883.9745287086216,0
REC01005,Michael Sanchez,3794003469.0,Aquarius,Yellow,Music,11/02/2023 20:00,24.135572125986968,75.44402982677654,72.93815226922756,0,3,4.0,8,,Summer,Colombia,813.7283341658646,0
REC01006,Richard Anderson,3333009975.0,Pisces,Yellow,Cooking,11/02/2023 21:00,18.22789389638301,64.81020901348941,34.575398422250814,0,2,10.0,4,834.3949721939466,Spring,Colombia,827.0279321171272,0
REC01007,David Gonzalez,3930348434.0,Aries,Blue,Gaming,11/02/2023 22:00,19.821597730255576,67.67887591446004,72.30348597458976,0,0,3.0,2,816.8649072475306,Winter,Colombia,797.3196398414682,0
REC01008,Richard Miller,3242022741.0,Gemini,Pink,Reading,11/02/2023 23:00,,58.08004818691416,72.25959305607489,0,6,12.0,12,842.8832062336052,Winter,Colombia,839.2892986114811,0
REC01009,Robert Davis,3372444953.0,Libra,Purple,Gardening,12/02/2023 00:00,21.638071059214273,70.9485279065857,74.31127653234942,1,5,10.0,11,949.9860230732642,Fall,Colombia,950.9753544997292,1
REC01010,James Rodriguez,3716509382.0,Libra,Red,Sports,12/02/2023 01:00,26.12702623584492,79.02864722452085,78.2772032230753,0,2,2.0,5,,Spring,Colombia,916.1858866961322,1
REC01011,Ana Sanchez,3511752027.0,Leo,Black,Travel,12/02/2023 02:00,7.072905700716218,44.73123026128919,93.03020886989424,0,5,0.0,12,1022.028448166411,Winter,Colombia,1026.2212480347941,1
REC01012,Robert Rodriguez,3171717285.0,Gemini,Blue,Gaming,12/02/2023 03:00,,72.31492670485781,54.65861927071417,0,4,5.0,2,811.1605795493214,Winter,Colombia,798.9907465757598,0
REC01013,Sofia Johnson,3978595780.0,Libra,Gray,Gardening,12/02/2023 04:00,27.459478967637338,81.4270621417472,61.643573701167874,0,3,17.0,2,872.7641167077537,,Colombia,865.420120732246,0
REC01014,Laura Anderson,3612416803.0,Leo,White,Music,12/02/2023 05:00,16.679197688293044,62.02255583892748,53.75342350127961,0,5,23.0,6,830.8746481113254,Summer,Colombia,831.5040755153991,0
REC01015,Paula Ramirez,3759528081.0,Virgo,Purple,Dancing,12/02/2023 06:00,25.60560489696467,78.09008881453641,60.02965267133716,0,1,9.0,11,937.9039566433435,Fall,Colombia,907.7134767893664,1
REC01016,Lucia Smith,3780920248.0,Gemini,Blue,Travel,12/02/2023 07:00,42.517235555780424,108.53102400040476,82.99310033454468,0,5,4.0,10,,Fall,Colombia,1563.0869400023842,1
REC01017,Lucia Wilson,3608747597.0,Virgo,White,Gardening,12/02/2023 08:00,19.165257656104863,66.49746378098875,39.82478274103997,0,4,22.0,9,802.5698551205754,,Colombia,792.3721101621516,0
REC01018,Richard Johnson,3434866287.0,Libra,Green,Cooking,12/02/2023 09:00,23.146456400042588,73.66362152007666,47.08425491751637,0,6,9.0,4,867.4947391983349,Spring,Colombia,853.1399650651553,0
REC01019,Laura Johnson,3920269334.0,Scorpio,Pink,Dancing,12/02/2023 10:00,14.095543330708868,57.37197799527596,80.65771404756842,0,3,11.0,6,945.309179552435,Summer,Colombia,922.3699221873317,1
REC01020,Thomas Moore,3340292982.0,Taurus,Yellow,Gardening,12/02/2023 11:00,21.450009300816404,70.61001674146954,,0,2,1.0,7,800.703697574069,Summer,Colombia,802.0011263951362,0
REC01021,Carmen Anderson,3327355507.0,Taurus,Green,Travel,12/02/2023 12:00,23.68217299985843,74.62791139974517,54.55302529774383,0,4,12.0,11,887.0948732112221,Fall,Colombia,882.9364718635429,0
REC01022,John Moore,3429515917.0,Virgo,Green,Music,12/02/2023 13:00,21.558738722161106,70.80572969989,72.8160300168108,0,3,7.0,6,831.9627799704231,Summer,Colombia,812.2438123041286,0
REC01023,Sofia Perez,3228334559.0,Scorpio,Blue,Reading,12/02/2023 14:00,11.842437442329146,53.31638739619246,65.1182376373805,0,5,1.0,8,974.5791598929043,,Colombia,944.7558318073006,1
REC01024,Carmen Torres,3474690756.0,Leo,Pink,Travel,12/02/2023 15:00,21.650894170603607,70.9716095070865,82.50411913501482,0,6,19.0,4,875.1572215352263,Spring,Colombia,881.1679412388016,0
REC01025,Isabel Ramirez,3338002709.0,Aries,Orange,Travel,12/02/2023 16:00,31.697567509741095,89.05562151753398,61.117643907401586,0,0,0.0,12,1018.3036178559846,Winter,Colombia,1012.9641021934334,1
REC01026,Richard Hernandez,3050841115.0,Aquarius,Black,Cooking,12/02/2023 17:00,,74.46035500900919,75.38448170808874,0,6,4.0,1,,Winter,Colombia,880.0591899494345,0
REC01027,Sofia Hernandez,3521504042.0,Aries,Pink,Hiking,12/02/2023 18:00,27.695897512574728,81.85261552263451,99.63017865738931,0,0,8.0,7,913.1704574307664,Summer,Colombia,955.6509989483434,1
REC01028,Robert Martinez,3593736779.0,Capricorn,Blue,Hiking,12/02/2023 19:00,18.103904239898977,64.58702763181816,68.97148732571199,0,1,16.0,3,893.7910242525347,Spring,Colombia,907.5912762488264,1
REC01029,Michael Wilson,3928815633.0,Sagittarius,White,Gardening,12/02/2023 20:00,25.999201915389683,78.79856344770143,60.73992248692265,0,6,8.0,6,957.5800593399476,Summer,Colombia,928.2633397678884,1
REC01030,Isabel Gonzalez,3891025507.0,Cancer,Purple,Music,12/02/2023 21:00,22.234142705732207,72.02145687031798,70.8367047783147,0,3,10.0,2,805.661083959269,Winter,Colombia,783.810327287103,0
REC01031,Lucia Torres,3014534110.0,Pisces,White,Hiking,12/02/2023 22:00,12.392714162502145,54.30688549250386,54.52078712694173,0,0,14.0,9,999.4484914714002,Fall,Colombia,988.9995872528663,1
REC01032,Robert Sanchez,3651912659.0,Capricorn,Green,Dancing,12/02/2023 23:00,22.548168038390997,72.5867024691038,95.81951558287099,0,2,23.0,1,806.1748527193405,Winter,Colombia,815.1467901815229,0
REC01033,Sofia Miller,3454129516.0,Aries,Gray,Music,13/02/2023 00:00,12.066426692477517,53.71956804645953,62.70106556543972,0,3,5.0,6,874.6978173230103,Summer,Colombia,892.3341873027188,0
REC01034,Robert Sanchez,3775496995.0,Aquarius,Gray,Cooking,13/02/2023 01:00,14.936957800921665,58.886524041659,55.906000196617306,0,2,22.0,6,837.8812159792076,Summer,Colombia,849.7055283640551,0
REC01035,Paula Thomas,3104336374.0,Scorpio,Gray,Gaming,13/02/2023 02:00,21.51462645833899,70.72632762501019,47.464664924699456,0,6,2.0,5,820.6019779005418,Spring,Peru,789.641813484168,0
REC01036,Lucia Garcia,3890331260.0,Taurus,Pink,Dancing,13/02/2023 03:00,22.37795418704099,72.28031753667378,76.45830287409657,0,2,16.0,5,854.9942998059496,Spring,Colombia,867.5631535890565,0
REC01037,Carmen Gonzalez,3319867894.0,Pisces,Orange,Hiking,13/02/2023 04:00,10.486140279382967,50.87505250288934,73.00781119241609,0,0,4.0,1,914.1237068064382,Winter,Colombia,912.0952475216451,1
REC01038,Elena Ramirez,3714033174.0,Taurus,Orange,Sports,13/02/2023 05:00,28.43188616946301,83.17739510503341,52.539684428788604,0,3,11.0,10,992.5417940143122,Fall,Colombia,1007.6159469115472,1
REC01039,Charles Martinez,3684249249.0,Aries,Orange,Sports,13/02/2023 06:00,24.576050226403783,76.23689040752681,68.64677017683634,0,5,17.0,12,893.7223095689936,Winter,Colombia,876.8668289670131,0
REC01040,Robert Sanchez,3891955828.0,Aries,Pink,Sports,13/02/2023 07:00,14.36217251511293,57.85191052720327,,1,4,13.0,5,971.5997688081959,Spring,Colombia,982.3742944151247,1
REC01041,Elena Moore,3927533561.0,Sagittarius,Red,Travel,13/02/2023 08:00,7.699321628406597,45.85877893113187,62.774558626097345,1,0,20.0,2,1138.0111221702193,Winter,Chile,1139.9629999733077,1
REC01042,Maria Garcia,3168784753.0,Aries,Orange,Gaming,13/02/2023 09:00,18.84076336734855,65.91337406122739,66.79134528115041,0,0,23.0,7,779.0991332608108,,Colombia,812.7667759216673,0
REC01043,Lucia Smith,3799633247.0,Virgo,Blue,Music,13/02/2023 10:00,16.43245028911072,61.57841052039929,85.60994714338834,0,5,10.0,3,844.3080356904042,Spring,Colombia,876.575400414503,0
REC01044,Charles Sanchez,3120079380.0,Pisces,Yellow,Music,13/02/2023 11:00,,69.62922258156354,48.43771795906966,0,3,8.0,4,866.9193216636584,Spring,Colombia,866.7658577972283,0
REC01045,Michael Davis,3340109051.0,Libra,Red,Sports,13/02/2023 12:00,17.095066710755468,62.77112007935985,40.824710567965134,0,3,1.0,3,,Spring,Colombia,771.5678806222364,0
REC01046,Isabel Martinez,3689941967.0,Cancer,White,Gaming,13/02/2023 13:00,3.9403451140399213,39.09262120527186,46.56858058612438,0,6,11.0,3,1214.9232574184393,Spring,Mexico,1172.8215246317493,1
REC01047,Paula Smith,3801575394.0,Leo,Gray,Reading,13/02/2023 14:00,16.893224493590733,62.40780408846332,,1,2,2.0,4,898.2712709288543,Spring,Colombia,939.5017331710993,1
REC01048,James Perez,3489854453.0,Cancer,Red,Dancing,13/02/2023 15:00,,63.599084800616296,80.04986036638475,0,6,2.0,5,852.348860442596,Spring,Colombia,868.3523664158781,0
REC01049,Sofia Martinez,3081823662.0,Cancer,Black,Hiking,13/02/2023 16:00,25.06928819819247,77.12471875674645,83.22958942536056,0,5,0.0,1,797.8263967042553,Winter,Colombia,797.4923793589044,0
REC01050,Ana Gonzalez,3338897204.0,Capricorn,Pink,Cooking,13/02/2023 17:00,14.414402603111602,57.945924685600886,64.80324866923243,0,6,7.0,4,903.0733400067419,Spring,Colombia,910.3759987626576,1
REC01051,Paula Hernandez,3860683859.0,Aries,Red,Sports,13/02/2023 18:00,33.429397386980526,92.17291529656495,78.31942418527723,0,5,21.0,12,1059.7966044823359,Winter,Colombia,1081.8795136156143,1
REC01052,John Johnson,3920998761.0,Virgo,Pink,Gaming,13/02/2023 19:00,4.706875594785943,40.4723760706147,62.00937570870353,0,3,7.0,12,1131.3784081380923,Winter,Colombia,1150.5369649279976,1
REC01053,Laura Smith,3543274536.0,Capricorn,Yellow,Travel,13/02/2023 20:00,30.489339982420994,86.88081196835779,58.57332528448851,0,2,10.0,11,979.3243504884076,Fall,Mexico,999.1374320383924,1
REC01054,Paula Taylor,3740903114.0,Capricorn,Green,Music,13/02/2023 21:00,18.20544823297516,64.7698068193553,55.004435714193576,0,6,8.0,8,793.7154693933969,Summer,Colombia,799.4499032897982,0
REC01055,Marta Anderson,3227945887.0,Libra,Orange,Music,13/02/2023 22:00,26.87667897874845,80.37802216174721,55.34413512933652,0,0,4.0,10,949.4807930924737,Fall,Colombia,910.4422113021252,1
REC01056,William Moore,3075915405.0,Libra,White,Travel,13/02/2023 23:00,20.638411872469863,69.14914137044576,36.782976655364536,0,1,13.0,7,821.1458460520258,Summer,Colombia,819.5871001208617,0
REC01057,Marta Hernandez,3917747543.0,Scorpio,Purple,Cooking,14/02/2023 00:00,29.116444288203752,84.40959971876676,63.96382145411009,0,4,2.0,9,917.1300774481307,Fall,Colombia,893.4720676603802,1
REC01058,Richard Anderson,3712664043.0,Libra,Pink,Travel,14/02/2023 01:00,16.90110428357751,62.421987710439524,,0,0,20.0,5,914.2213113039336,Spring,Colombia,904.0817843873707,1
REC01059,James Torres,3203618918.0,Virgo,Black,Sports,14/02/2023 02:00,11.211036598577502,52.179865877439504,,0,3,4.0,10,,Fall,Colombia,840.5494786404471,0
REC01060,Isabel Sanchez,3994609118.0,Pisces,Blue,Reading,14/02/2023 03:00,31.364034298168505,88.4552617367033,61.402852446579146,0,4,4.0,4,876.7687148163268,Spring,Colombia,932.7680008681986,1
REC01061,John Garcia,3935399952.0,Scorpio,Green,Travel,14/02/2023 04:00,19.09215483294287,66.36587869929717,57.559444476463625,0,1,18.0,8,844.4217441077357,Summer,Colombia,850.5109045307003,0
REC01062,Sofia Wilson,3749325848.0,Gemini,Green,Reading,14/02/2023 05:00,21.772467788993684,71.19044202018863,46.93210454988554,0,1,13.0,9,892.5865487177385,Fall,Colombia,866.4438402547243,0
REC01063,John Smith,3803262293.0,Sagittarius,Yellow,Music,14/02/2023 06:00,,85.78042756224505,61.08229855232642,0,2,3.0,7,954.3174492305496,Summer,Colombia,965.7521656855363,1
REC01064,William Moore,3323252086.0,Gemini,Gray,Gardening,14/02/2023 07:00,11.74435806324452,53.13984451384014,71.07355846224243,0,4,12.0,7,975.4109592434157,Summer,Colombia,940.1614959460235,1
REC01065,Robert Ramirez,3613717740.0,Cancer,Purple,Gardening,14/02/2023 08:00,24.76392718111406,76.57506892600532,42.84991513374209,0,2,9.0,5,1014.9350931014587,Spring,Colombia,985.2572900261035,1
REC01066,Joseph Ramirez,3193981103.0,Capricorn,Gray,Dancing,14/02/2023 09:00,15.280841948296873,59.50551550693437,61.31210630521109,1,0,17.0,4,964.9073624022491,Spring,Colombia,974.2899767247983,1
REC01067,Joseph Torres,3740131620.0,Virgo,White,Reading,14/02/2023 10:00,18.942645154845025,66.09676127872105,63.49564427294226,0,5,7.0,10,782.3822824378229,Fall,Colombia,792.4455528187501,0
REC01068,Marta Torres,3122471734.0,Pisces,Green,Cooking,14/02/2023 11:00,20.57823172307431,69.04081710153376,49.229028245726035,0,5,7.0,1,,Winter,Colombia,768.6220611357991,0
REC01069,Michael Anderson,3824214171.0,Pisces,Purple,Gaming,14/02/2023 12:00,,46.39680519516412,,0,5,6.0,10,1008.4282888456447,Fall,Colombia,1021.0201734829207,1
REC01070,Laura Moore,3404783488.0,Scorpio,Yellow,Photography,14/02/2023 13:00,13.769303657436522,56.78474658338574,63.459162731493215,0,4,7.0,10,858.1790333683435,Fall,Colombia,882.8308146517219,0
REC01071,Isabel Hernandez,3907127860.0,Gemini,Gray,Travel,14/02/2023 14:00,30.808583139305114,87.45544965074922,42.99868472561066,0,5,13.0,7,1081.9575500089045,Summer,Colombia,1073.3813264002445,1
REC01072,Elena Martinez,3004515400.0,Capricorn,Orange,Photography,14/02/2023 15:00,27.089529508678364,80.76115311562106,65.24885572874089,0,0,18.0,1,836.6998425370945,,Colombia,865.8207724040232,0
REC01073,Marta Davis,3548162742.0,Virgo,Purple,Hiking,14/02/2023 16:00,19.49888338138212,67.09799008648781,46.569684395112,0,2,5.0,1,802.6115235877589,Winter,Chile,790.5368632639545,0
REC01074,Sofia Anderson,3700681584.0,Leo,Purple,Gardening,14/02/2023 17:00,,71.50097780258567,75.94280539549824,0,4,0.0,5,836.1041839139806,Spring,Colombia,823.5426099759757,0
REC01075,Laura Gonzalez,3702401212.0,Leo,Pink,Hiking,14/02/2023 18:00,17.64605995490834,63.76290791883501,,0,2,22.0,9,798.5697638839322,Fall,Colombia,831.7938519876107,0
REC01076,Ana Hernandez,3638074892.0,Leo,Orange,Gaming,14/02/2023 19:00,30.852667086623857,87.53480075592294,,0,4,14.0,6,1057.9288927783816,Summer,Colombia,1026.932520651815,1
REC01077,Sofia Davis,3531275310.0,Sagittarius,Red,Cooking,14/02/2023 20:00,,65.11492287976404,68.01311793562012,0,2,0.0,3,835.8226955907501,,Colombia,825.5505097024457,0
REC01078,Laura Johnson,3352299967.0,Libra,Purple,Reading,14/02/2023 21:00,21.854736737078785,71.33852612674181,49.09887142676971,0,1,16.0,3,837.7954772576699,,Colombia,822.8015168287725,0
REC01079,Laura Taylor,3156919967.0,Pisces,Green,Travel,14/02/2023 22:00,29.16824115313652,84.50283407564574,75.61431260696685,0,2,0.0,7,,Summer,Colombia,988.4011860558334,1
REC01080,James Moore,3114955547.0,Sagittarius,Yellow,Hiking,14/02/2023 23:00,13.781028121232747,56.80585061821895,41.021123863721776,0,5,14.0,6,960.1661233319863,Summer,Colombia,947.718540962524,1
REC01081,Paula Taylor,3873396788.0,Sagittarius,White,Hiking,15/02/2023 00:00,32.47031347597515,90.44656425675528,67.20880137641569,1,1,22.0,9,1101.9938347954658,Fall,Colombia,1079.4659658010244,1
REC01082,Michael Taylor,3384851230.0,Virgo,Black,Hiking,15/02/2023 01:00,7.756308722052985,45.961355699695375,46.905165496659706,0,2,1.0,6,979.8856742597499,Summer,Colombia,981.8578422398434,1
REC01083,John Perez,3599562247.0,Virgo,Orange,Cooking,15/02/2023 02:00,33.03713704890239,91.46684668802429,56.89523116352447,0,4,13.0,5,1103.1119928284859,Spring,Colombia,1063.0735436435186,1
REC01084,Marta Rodriguez,3510996551.0,Cancer,Blue,Travel,15/02/2023 03:00,17.018595328384205,62.63347159109157,44.5346208727904,0,4,20.0,10,891.3332522580187,Fall,Colombia,890.4519595597599,0
REC01085,Ana Johnson,3843365243.0,Scorpio,Black,Cooking,15/02/2023 04:00,18.058410017397748,64.50513803131595,72.3352570634363,0,4,7.0,7,777.081262843163,Summer,Colombia,754.2655468341135,0
REC01086,Robert Wilson,3484173921.0,Taurus,Black,Dancing,15/02/2023 05:00,4.879918630536457,40.78385353496562,47.445294683406196,0,3,7.0,1,1135.5444937056477,Winter,Colombia,1129.6843175604747,1
REC01087,Laura Garcia,3638474326.0,Leo,Green,Music,15/02/2023 06:00,16.361642260978456,61.45095606976122,68.27946388997742,0,0,18.0,12,899.7550770694554,Winter,Colombia,888.044646412318,0
REC01088,Isabel Hernandez,3344532809.0,Aries,Gray,Music,15/02/2023 07:00,11.681547751784926,53.026785953212865,54.83852957606501,0,4,6.0,7,867.7216889741987,Summer,Colombia,901.1483343268942,1
REC01089,Paula Davis,3898236516.0,Capricorn,Black,Hiking,15/02/2023 08:00,15.138829237012219,59.24989262662199,58.282914423017054,0,1,18.0,3,903.2230471732063,Spring,Colombia,895.801972408899,1
REC01090,Robert Davis,3420311023.0,Taurus,Yellow,Photography,15/02/2023 09:00,18.90151227368896,66.02272209264012,62.21633861100193,0,4,5.0,9,744.4784024481884,Fall,Colombia,759.1779044733337,0
REC01091,Sofia Smith,3949154072.0,Aries,Black,Sports,15/02/2023 10:00,27.662332915783246,81.79219924840984,48.57262992511727,0,3,5.0,6,894.9332273887791,Summer,Colombia,911.8611935043328,1
REC01092,William Moore,3346624882.0,Virgo,Gray,Dancing,15/02/2023 11:00,21.660826811205006,70.98948826016901,63.1555067031133,0,5,2.0,9,814.4911065355058,Fall,Colombia,779.6090428461862,0
REC01093,Lucia Smith,3582984992.0,Taurus,Pink,Gardening,15/02/2023 12:00,22.46141322720891,72.43054380897604,82.95501846531616,0,1,6.0,5,791.8276406754538,Spring,Colombia,796.1030456367008,0
REC01094,Joseph Smith,3917190851.0,Pisces,Purple,Gaming,15/02/2023 13:00,11.235844889235501,52.2245208006239,48.328578212509285,0,3,18.0,7,954.6588547050387,Summer,Colombia,974.7248913245487,1
REC01095,John Taylor,3465279366.0,Cancer,Red,Dancing,15/02/2023 14:00,12.953967283178159,55.31714110972069,77.57715214910768,0,5,7.0,4,871.4103618688422,Spring,Colombia,878.5929944310196,0
REC01096,David Perez,3679334496.0,Leo,Green,Music,15/02/2023 15:00,34.389800146810494,93.90164026425889,,0,6,9.0,7,,Summer,Colombia,1161.5587231583447,1
REC01097,Laura Rodriguez,3338280897.0,Libra,Pink,Cooking,15/02/2023 16:00,14.118391721894028,57.41310509940925,47.75767516457934,0,6,19.0,1,900.5425903904822,Winter,Colombia,871.8649010265568,0
REC01098,Marta Torres,3225389935.0,Capricorn,Yellow,Photography,15/02/2023 17:00,33.24966601645836,91.84939882962506,38.17418092364172,0,1,14.0,7,1087.4348829902392,Summer,Colombia,1101.3484978735696,1
REC01099,Sofia Smith,3393555373.0,Aries,Yellow,Reading,15/02/2023 18:00,18.05551040895307,64.49991873611552,64.52941350257647,0,2,14.0,8,866.3449019668896,Summer,Colombia,855.7589032880162,0
REC01100,Paula Martinez,3339840095.0,Pisces,Gray,Reading,15/02/2023 19:00,,68.03294628046646,51.788887158496905,1,0,0.0,5,872.1192274840956,Spring,Colombia,844.9970931998892,0
REC01101,Elena Wilson,3367826180.0,Aquarius,White,Reading,15/02/2023 20:00,28.562921281839436,83.41325830731098,,0,0,19.0,2,931.4810590416384,Winter,Colombia,941.484112665933,1
REC01102,Thomas Miller,3368861304.0,Leo,Green,Gardening,15/02/2023 21:00,,86.31525087591666,60.52211310749748,0,3,6.0,5,981.4478357733278,Spring,Colombia,970.8073871278721,1
REC01103,Michael Perez,3719859053.0,Cancer,Green,Gaming,15/02/2023 22:00,19.1134995177673,66.40429913198113,,0,5,3.0,6,729.479639405596,Summer,Colombia,750.0813605036846,0
REC01104,Thomas Lopez,3910719307.0,Libra,Pink,Music,15/02/2023 23:00,16.89405557182769,62.40930002928984,42.792607334824325,0,0,5.0,12,909.6489936323852,Winter,Colombia,8000.0,1
REC01105,Isabel Gonzalez,3262079539.0,Capricorn,Black,Hiking,16/02/2023 00:00,19.552636411822295,67.19474554128013,76.34857438636246,0,5,0.0,2,869.8123344663669,,Colombia,851.0847317740345,0
REC01106,Lucia Brown,3092519819.0,Libra,Purple,Photography,16/02/2023 01:00,22.703660225856947,72.8665884065425,51.4322403887372,0,5,4.0,6,757.3065161117017,Summer,Colombia,761.1586448869178,0
REC01107,Robert Perez,3509301053.0,Scorpio,Black,Gaming,16/02/2023 02:00,27.130429494958044,80.83477309092447,60.65743199190642,0,3,22.0,6,915.1126478780777,Summer,Colombia,930.569322495857,1
REC01108,Sofia Davis,3639085218.0,Cancer,White,Travel,16/02/2023 03:00,20.03383887195321,68.06090996951578,,0,3,0.0,1,791.9785229986047,Winter,Colombia,794.2584540553972,0
REC01109,Thomas Miller,3302809789.0,Cancer,Orange,Music,16/02/2023 04:00,24.95109038418523,76.9119626915334,52.73612472103755,1,3,3.0,1,946.710851907809,Winter,Colombia,953.5105263548394,1
REC01110,Richard Miller,3279940372.0,Capricorn,Orange,Cooking,16/02/2023 05:00,33.10687785816753,91.59238014470155,59.31106756889759,0,0,21.0,11,1076.8782197782436,Fall,Colombia,1037.8193286982535,1
REC01111,Isabel Rodriguez,3756543060.0,Leo,Blue,Reading,16/02/2023 06:00,23.050476898118276,73.4908584166129,59.7514738526622,0,6,1.0,10,826.3692126037024,Fall,Colombia,850.8799070480004,0
REC01112,Maria Moore,3922427385.0,Leo,Pink,Dancing,16/02/2023 07:00,22.493222848038226,72.48780112646881,70.24986767274137,0,3,9.0,3,878.2640294747205,Spring,Colombia,875.5680010089164,0
REC01113,Richard Thomas,3394226881.0,Aquarius,Gray,Travel,16/02/2023 08:00,7.8487133992794575,46.12768411870302,68.86116503265488,0,0,4.0,10,988.5477574826975,Fall,Colombia,988.9145188153717,1
REC01114,Lucia Rodriguez,3966859444.0,Gemini,White,Sports,16/02/2023 09:00,-1.0458410946325074,30.117486029661485,56.698294031177575,0,3,9.0,10,1465.4348550652746,,Mexico,1467.7830610721721,1
REC01115,Carmen Sanchez,3753841144.0,Leo,Purple,Dancing,16/02/2023 10:00,23.107005833841345,73.59261050091442,60.95473592244777,0,4,0.0,12,753.8957973701504,Winter,Colombia,756.0681304689173,0
REC01116,Charles Lopez,3631201812.0,Leo,Green,Photography,16/02/2023 11:00,19.241406149753022,66.63453106955544,54.42331482714767,0,5,21.0,3,806.0594517993494,Spring,Colombia,808.380868001759,0
REC01117,Sofia Rodriguez,3196651406.0,Scorpio,Yellow,Gardening,16/02/2023 12:00,15.881738600682064,60.58712948122771,37.83581389620833,0,3,5.0,4,865.8002932274995,Spring,Colombia,848.3389719008576,0
REC01118,Michael Perez,3178607818.0,Libra,White,Music,16/02/2023 13:00,21.948241633490756,71.50683494028337,63.86401286097194,1,1,12.0,2,993.9117842747265,Winter,Colombia,981.7320953448778,1
REC01119,Richard Brown,3433096905.0,Scorpio,Purple,Photography,16/02/2023 14:00,19.516770166424735,67.13018629956453,88.38287641249602,0,5,14.0,9,854.0092550512464,Fall,Colombia,845.6310228237907,0
REC01120,David Johnson,3329525713.0,Leo,White,Reading,16/02/2023 15:00,29.02224200507119,84.24003560912814,46.744212889634056,0,5,3.0,10,815.1416307276265,Fall,Colombia,875.8214179705319,0
REC01121,Carmen Taylor,3796544150.0,Pisces,Black,Gaming,16/02/2023 16:00,20.688886946071822,69.23999650292927,48.404554355959455,0,3,12.0,12,829.4247533990142,Winter,Colombia,823.4288559157509,0
REC01122,Marta Anderson,3522015615.0,Aquarius,Blue,Hiking,16/02/2023 17:00,14.024613719438658,57.24430469498959,46.93908342534388,0,6,23.0,11,866.5390201579563,Fall,Colombia,899.651807361358,1
REC01123,Sofia Johnson,3017015966.0,Taurus,Purple,Gaming,16/02/2023 18:00,27.921329911674313,82.25839384101377,70.86887668084684,0,2,19.0,7,937.6624620330925,Summer,Colombia,924.7360587703761,1
REC01124,Paula Brown,3620849461.0,Scorpio,Black,Hiking,16/02/2023 19:00,18.26295140043038,64.87331252077469,66.7272818129466,0,6,23.0,7,839.7526593345694,,Colombia,810.2627119831592,0
REC01125,Richard Smith,3430868983.0,Sagittarius,Pink,Gaming,16/02/2023 20:00,24.21229346937846,75.58212824488123,57.62193461375315,0,3,14.0,6,815.0643228134861,Summer,Colombia,833.5891050652572,0
REC01126,Thomas Johnson,3024995865.0,Taurus,Yellow,Music,16/02/2023 21:00,16.180714350457595,61.12528583082367,46.22971407541553,0,5,7.0,3,830.108121680708,Spring,Colombia,835.3437361275621,0
REC01127,Charles Torres,3051380020.0,Aries,Gray,Gaming,16/02/2023 22:00,14.80138491602051,58.642492848836916,61.385651874598864,0,1,4.0,6,810.2439016188456,Summer,Colombia,822.2310157199055,0
REC01128,Lucia Lopez,3241164353.0,Pisces,Blue,Music,16/02/2023 23:00,20.67334584148557,69.21202251467403,,0,5,14.0,12,917.2572359995355,Winter,Colombia,892.5486004843995,0
REC01129,Laura Taylor,3495378342.0,Virgo,Purple,Hiking,17/02/2023 00:00,20.102629148349482,68.18473246702906,62.1513985028624,0,6,3.0,8,,Summer,Colombia,830.9581073614089,0
REC01130,William Torres,3691581190.0,Gemini,Purple,Dancing,17/02/2023 01:00,23.838616282934666,74.9095093092824,73.07286579131902,0,1,11.0,8,886.8408121997475,Summer,Colombia,852.2742245884208,0
REC01131,James Sanchez,3557572567.0,Aries,Red,Photography,17/02/2023 02:00,17.85083397352206,64.13150115233971,,0,0,12.0,11,860.1368948790916,Fall,Colombia,851.8618108201439,0
REC01132,Elena Davis,3311036070.0,Virgo,Black,Cooking,17/02/2023 03:00,5.309121729836821,41.556419113706276,,0,4,1.0,9,1106.5372105342203,Fall,Colombia,1101.688206921504,1
REC01133,Sofia Rodriguez,3759954207.0,Pisces,Green,Music,17/02/2023 04:00,16.53780893129289,61.7680560763272,83.69156837542289,0,5,18.0,1,812.5669582846092,Winter,Colombia,811.2028226325525,0
REC01134,Laura Thomas,3756280473.0,Scorpio,Pink,Gaming,17/02/2023 05:00,26.350547737150524,79.43098592687095,50.82360540743123,0,3,18.0,1,892.5563296459995,Winter,Colombia,876.1964876608528,0
REC01135,John Rodriguez,3104931670.0,Sagittarius,Pink,Dancing,17/02/2023 06:00,17.620991366055147,63.71778445889926,77.03921768915733,0,0,3.0,3,,Spring,Colombia,816.418216229409,0
REC01136,Richard Garcia,3332186317.0,Virgo,Purple,Music,17/02/2023 07:00,18.028932779883615,64.4520790037905,57.690035022032525,0,4,3.0,3,820.5449180189195,Spring,Colombia,818.8380389085092,0
REC01137,William Sanchez,3716353176.0,Pisces,Pink,Gardening,17/02/2023 08:00,27.891012047247496,82.2038216850455,,0,3,10.0,10,947.943093963854,Fall,Colombia,949.3440228384134,1
REC01138,Carmen Taylor,3902040759.0,Virgo,Blue,Gaming,17/02/2023 09:00,14.304214181928618,57.747585527471514,,0,2,4.0,8,851.1020185128245,Summer,Colombia,836.5936419696692,0
REC01139,Carmen Garcia,3430823070.0,Aries,Gray,Cooking,17/02/2023 10:00,7.657574254056803,45.783633657302246,46.74001714880339,1,3,19.0,10,1212.0718420525407,Fall,Colombia,1215.8258741700215,1
REC01140,Sofia Perez,3087583937.0,Leo,Orange,Travel,17/02/2023 11:00,18.714951043796045,65.68691187883289,61.987457152434686,0,1,10.0,1,,Winter,Colombia,855.0187024121989,0
REC01141,Maria Hernandez,3599266518.0,Gemini,Gray,Music,17/02/2023 12:00,16.126608390010105,61.02789510201819,54.27765877763861,0,1,9.0,2,900.781910468742,Winter,Colombia,900.634896970348,1
REC01142,Thomas Lopez,3382414841.0,Libra,Gray,Sports,17/02/2023 13:00,12.270029441973968,54.086052995553146,40.19259834892453,0,2,7.0,2,797.0208513764563,Winter,Colombia,818.6776619538232,0
REC01143,Isabel Perez,3079534766.0,Pisces,Gray,Dancing,17/02/2023 14:00,18.596972352810475,65.47455023505886,65.06223112089599,1,0,5.0,3,,Spring,Colombia,746.0567198034336,0
REC01144,Carmen Moore,3797482570.0,Sagittarius,Red,Music,17/02/2023 15:00,23.93204517797427,75.07768132035369,56.05038289683126,0,4,5.0,6,849.0854396656791,Summer,Colombia,834.5429900359693,0
REC01145,James Hernandez,3320510748.0,Aquarius,Green,Gaming,17/02/2023 16:00,19.925691507457476,67.86624471342346,57.64462757332938,0,3,7.0,1,,Winter,Colombia,743.0176564792364,0
REC01146,Lucia Anderson,3665779838.0,Virgo,Orange,Travel,17/02/2023 17:00,22.455848581489903,72.42052744668183,41.84758584878763,0,1,22.0,2,,Winter,Colombia,800.5487202742867,0
REC01147,Elena Brown,3526940137.0,Leo,Orange,Hiking,17/02/2023 18:00,34.507261588123384,94.11307085862208,83.87100551644207,0,0,14.0,1,1179.6656449772922,Winter,Colombia,1153.607076538376,1
REC01148,Charles Brown,3462301666.0,Libra,Gray,Gardening,17/02/2023 19:00,17.256969107539486,63.06254439357107,73.15071279579175,1,2,13.0,5,1011.4817140060321,Spring,Colombia,1024.7823518121106,1
REC01149,Joseph Moore,3399347248.0,Aquarius,Orange,Travel,17/02/2023 20:00,22.226789077157356,72.00822033888323,74.46233826257968,0,6,10.0,7,844.8154636535402,Summer,Colombia,873.4377465089652,0
REC01150,Thomas Smith,3872873928.0,Sagittarius,Purple,Gardening,17/02/2023 21:00,15.926293099206923,60.66732757857246,,0,5,11.0,8,880.1263974061399,Summer,Colombia,881.5269929423007,0
REC01151,Elena Rodriguez,3520217631.0,Leo,Blue,Travel,17/02/2023 22:00,13.229122240904218,55.81242003362759,34.0622566574487,0,6,12.0,10,945.2968186341557,Fall,Colombia,952.2468246282739,1
REC01152,David Anderson,3310394525.0,Leo,Green,Hiking,17/02/2023 23:00,15.32073877265784,59.57732979078411,89.29376073734267,0,6,7.0,1,830.7372175887216,Winter,Colombia,847.583131924123,0
REC01153,John Moore,3108855310.0,Capricorn,Pink,Gaming,18/02/2023 00:00,16.16993142782649,61.10587657008769,59.08353737991198,0,1,17.0,7,852.1000751120337,Summer,Colombia,853.6970581817895,0
REC01154,Lucia Sanchez,3867937597.0,Cancer,Blue,Travel,18/02/2023 01:00,22.875806380377004,73.17645148467861,48.7680030596992,0,2,0.0,5,843.0323277922163,Spring,Colombia,855.264430716308,0
REC01155,Ana Ramirez,3075741005.0,Leo,Purple,Sports,18/02/2023 02:00,38.792606293606056,101.82669132849091,66.2520236172467,0,3,14.0,10,1298.6329661770553,Fall,Colombia,1335.3530718441918,1
REC01156,John Anderson,3812068082.0,Libra,Red,Hiking,18/02/2023 03:00,,57.6889745176279,77.50681182004946,0,6,7.0,1,853.3273011383038,Winter,Colombia,862.150834954179,0
REC01157,James Thomas,3226369552.0,Gemini,Green,Hiking,18/02/2023 04:00,16.6669975550763,62.00059559913734,59.65424165871801,0,6,10.0,3,782.0330628472715,Spring,Colombia,804.7605661813486,0
REC01158,Ana Anderson,3802646549.0,Cancer,Red,Gaming,18/02/2023 05:00,19.495015895110015,67.09102861119803,79.17862751909061,0,4,11.0,7,863.1732291521456,Summer,Colombia,858.5402677199271,0
REC01159,Michael Garcia,3336930547.0,Sagittarius,White,Photography,18/02/2023 06:00,23.166390789677976,73.69950342142036,76.24499907775302,0,1,11.0,10,859.6379364555403,Fall,Colombia,872.7586316203534,0
REC01160,Lucia Brown,3245876637.0,Pisces,Yellow,Music,18/02/2023 07:00,22.10840649563828,71.79513169214891,43.85428218896912,0,1,3.0,1,,Winter,Colombia,873.726265402861,0
REC01161,Isabel Lopez,3758358096.0,Taurus,Red,Music,18/02/2023 08:00,30.272766351584938,86.49097943285288,49.89314841510785,0,3,15.0,7,977.7729583790697,Summer,Colombia,945.6956370337124,1
REC01162,Laura Moore,3633952911.0,Scorpio,Black,Photography,18/02/2023 09:00,0.5888634357183342,33.059954184293005,74.36305744919652,0,5,3.0,5,1354.7404745018746,Spring,Colombia,1341.1528470416365,1
REC01163,Elena Wilson,3310466995.0,Sagittarius,Yellow,Hiking,18/02/2023 10:00,0.9045610384346183,33.628209869182314,,0,0,4.0,1,1348.840457125603,Winter,Colombia,1379.8609807652695,1
REC01164,Sofia Sanchez,3638159879.0,Leo,Gray,Cooking,18/02/2023 11:00,,60.85935432305384,57.75816460252517,0,4,23.0,1,867.1225457351813,Winter,Colombia,837.0186257576006,0
REC01165,Joseph Sanchez,3615653311.0,Libra,Gray,Sports,18/02/2023 12:00,28.77840150034967,83.8011227006294,,0,1,4.0,1,954.3171104129874,,Colombia,922.8027014055122,1
REC01166,Richard Gonzalez,3859808762.0,Virgo,Blue,Dancing,18/02/2023 13:00,7.47481574715523,45.454668344879416,52.85169297849713,0,4,7.0,11,997.4507429593832,Fall,Colombia,997.0749327332244,1
REC01167,Paula Ramirez,3478591654.0,Aries,Purple,Dancing,18/02/2023 14:00,-4.061058717550058,24.690094308409897,55.51769866456194,0,1,9.0,9,1721.227609197141,Fall,Colombia,1694.7690859904303,1
REC01168,Elena Garcia,3108805406.0,Scorpio,Orange,Gaming,18/02/2023 15:00,24.56943524975367,76.2249834495566,54.62633433138738,0,4,16.0,11,920.0877453205338,Fall,Colombia,931.1212480814673,1
REC01169,Maria Johnson,3496984843.0,Sagittarius,Yellow,Sports,18/02/2023 16:00,21.949257789621715,71.50866402131909,51.71608121831087,1,2,8.0,3,916.3141224484526,Spring,Colombia,953.6390411454444,1
REC01170,Laura Wilson,3719537952.0,Capricorn,Pink,Music,18/02/2023 17:00,11.278332745604562,52.30099894208821,43.54284525556779,0,6,21.0,5,,Spring,Colombia,929.1156073903695,1
REC01171,Lucia Rodriguez,3046946489.0,Aquarius,Green,Travel,18/02/2023 18:00,12.11568319423256,53.808229749618604,94.37866900228029,1,1,18.0,11,,Fall,Colombia,1038.6361440895012,1
REC01172,David Anderson,3670858763.0,Aries,White,Travel,18/02/2023 19:00,12.242050242922605,54.03569043726069,88.01193006242026,0,4,13.0,10,863.1336575677857,Fall,Colombia,892.9552560400151,1
REC01173,Isabel Anderson,3106506661.0,Scorpio,Purple,Dancing,18/02/2023 20:00,20.88428253979152,69.59170857162474,42.56901269615575,0,0,7.0,12,838.5157760968999,Winter,Colombia,838.52535045827,0
REC01174,Joseph Torres,3259424047.0,Gemini,Purple,Hiking,18/02/2023 21:00,14.989477790535943,58.9810600229647,83.73175126955351,0,2,8.0,9,908.4701724654029,Fall,Colombia,907.7872945985987,1
REC01175,Michael Hernandez,3413780433.0,Pisces,White,Music,18/02/2023 22:00,23.95251135180416,75.11452043324749,54.008017642907205,0,2,21.0,6,905.3995075945425,Summer,Colombia,915.6589924738987,1
REC01176,Ana Perez,3458958930.0,Virgo,Pink,Sports,18/02/2023 23:00,-2.8370133032351283,26.89337605417677,61.93781209997566,0,0,10.0,12,1582.8000777354432,Winter,Colombia,1591.6705097321856,1
REC01177,Elena Perez,3568400438.0,Capricorn,Red,Hiking,19/02/2023 00:00,13.145185078977605,55.66133314215969,59.050890601546264,0,4,22.0,9,904.8306309349502,Fall,Colombia,903.3856482502262,1
REC01178,Elena Torres,3250509954.0,Scorpio,Pink,Gardening,19/02/2023 01:00,10.991568312711598,51.784822962880874,50.103770381190515,0,3,0.0,8,858.022756716638,Summer,Colombia,869.2660035553325,0
REC01179,Paula Taylor,3192979268.0,Leo,Pink,Photography,19/02/2023 02:00,17.949274573020062,64.3086942314361,74.7577851540922,0,0,13.0,8,834.1609049288575,Summer,Colombia,862.6020748722161,0
REC01180,Charles Moore,3871746978.0,Scorpio,Yellow,Dancing,19/02/2023 03:00,,60.25211227774201,61.888297958649865,0,4,4.0,1,871.1524599013568,Winter,Colombia,866.8518210424877,0
REC01181,Lucia Thomas,3526596146.0,Libra,Black,Music,19/02/2023 04:00,26.382750239166132,79.48895043049905,52.85172865171138,0,0,20.0,9,,Fall,Colombia,828.2238462795035,0
REC01182,Charles Torres,3482292762.0,Libra,Green,Gaming,19/02/2023 05:00,5.12530582671954,41.22555048809517,40.431158342992916,0,0,13.0,6,1191.0789415263396,Summer,Colombia,1173.6874911532711,1
REC01183,Maria Johnson,3808051364.0,Libra,Purple,Travel,19/02/2023 06:00,20.363931810646015,68.65507725916282,46.596074794213195,0,1,3.0,9,761.475570834699,Fall,Colombia,777.6702801824953,0
REC01184,Carmen Brown,3397465581.0,Sagittarius,Blue,Travel,19/02/2023 07:00,,76.04004449424856,35.37929826596854,0,4,21.0,3,,Spring,Colombia,801.8487059707398,0
REC01185,Lucia Davis,3940587988.0,Virgo,Orange,Hiking,19/02/2023 08:00,34.85317949249564,94.73572308649216,60.183353226227545,0,3,22.0,12,,,Colombia,1146.3339176448137,1
REC01186,David Garcia,3843997071.0,Virgo,Pink,Gardening,19/02/2023 09:00,16.1458722312522,61.06257001625396,42.05001611573407,0,6,0.0,3,898.4647097395665,Spring,Colombia,867.1088795436532,0
REC01187,Carmen Martinez,3289089499.0,Aquarius,White,Reading,19/02/2023 10:00,22.595668834820138,72.67220390267624,56.01659231222188,0,1,21.0,6,,Summer,Colombia,804.7750964409186,0
REC01188,Lucia Martinez,3308155160.0,Sagittarius,Pink,Reading,19/02/2023 11:00,5.569097659501081,42.024375787101945,80.55152780415557,0,0,22.0,9,1134.6751641798114,Fall,Peru,1120.5958706439267,1
REC01189,John Hernandez,3030034576.0,Virgo,White,Music,19/02/2023 12:00,0.8643503654958096,33.55583065789246,77.98949359382378,0,6,18.0,7,1421.6291195598305,Summer,Colombia,1403.8319805241206,1
REC01190,David Torres,3417146026.0,Libra,Green,Sports,19/02/2023 13:00,26.7581950062536,80.16475101125648,59.51584658846073,0,5,7.0,3,876.997271118455,Spring,Colombia,868.5819398680833,0
REC01191,Robert Johnson,3241539188.0,Libra,Gray,Sports,19/02/2023 14:00,19.955517650815434,67.91993177146779,58.693729107852754,0,6,14.0,3,808.8414334628708,Spring,Colombia,806.4292625105992,0
REC01192,Robert Lopez,3091827203.0,Taurus,Green,Sports,19/02/2023 15:00,29.428101518387383,84.97058273309729,88.19811824131511,0,0,20.0,2,1040.9175693634027,Winter,Colombia,1027.6714314304434,1
REC01193,Laura Perez,3447708225.0,Pisces,Blue,Cooking,19/02/2023 16:00,9.012776888242007,48.222998398835614,67.81134180538066,0,0,14.0,9,1031.9631002033166,Fall,Colombia,1042.8864222876769,1
REC01194,Thomas Wilson,3545012795.0,Scorpio,Black,Reading,19/02/2023 17:00,24.15921711623002,75.48659080921404,55.08290310185215,0,4,8.0,3,863.4546299026879,Spring,Colombia,891.7438901300143,0
REC01195,Isabel Martinez,3374563720.0,Pisces,Yellow,Hiking,19/02/2023 18:00,34.950542724350825,94.91097690383148,38.60972824319322,0,4,20.0,11,1167.4776451604223,Fall,Colombia,1153.0177064679358,1
REC01196,William Hernandez,3077779445.0,Aquarius,White,Dancing,19/02/2023 19:00,23.357644866858127,74.04376076034463,65.90809827247115,0,1,8.0,5,873.2966147733229,Spring,Colombia,848.5418526583384,0
REC01197,David Taylor,3120894238.0,Virgo,Black,Travel,19/02/2023 20:00,22.21265204472839,71.9827736805111,72.43985658874294,0,3,9.0,9,827.9337369110094,Fall,Colombia,850.29837569813,0
REC01198,Michael Ramirez,3465439576.0,Cancer,White,Travel,19/02/2023 21:00,20.0684486465948,68.12320756387064,50.52522713229534,0,1,19.0,8,805.0804697361949,Summer,Colombia,788.6420400878769,0
REC01199,James Taylor,3128036068.0,Aquarius,Yellow,Dancing,19/02/2023 22:00,7.432948342992702,45.379307017386864,64.36804132707049,1,2,20.0,2,1152.9901222846913,Winter,Colombia,1119.3748080169275,1
REC01200,Maria Garcia,3841939012.0,Libra,Green,Travel,19/02/2023 23:00,30.844583485682783,87.52025027422901,,0,0,8.0,3,1002.3326452062304,Spring,Colombia,1002.3775692413728,1
REC01201,Carmen Torres,3319109783.0,Scorpio,Red,Gardening,20/02/2023 00:00,15.113138881559474,59.20364998680705,57.23951401201496,0,6,2.0,2,,Winter,Colombia,856.7229480440842,0
REC01202,Joseph Hernandez,3841634012.0,Aries,Black,Reading,20/02/2023 01:00,24.035866051064136,75.26455889191544,22.682669136565032,0,5,19.0,8,850.7672000465355,Summer,Colombia,848.3068265760004,0
REC01203,Charles Moore,3632056817.0,Capricorn,White,Reading,20/02/2023 02:00,7.495725547429972,45.492305985373946,56.673278944257966,0,0,10.0,6,1032.7724321101507,Summer,Colombia,1043.7831114741648,1
REC01204,William Garcia,3804257708.0,Cancer,Black,Cooking,20/02/2023 03:00,10.564322683937757,51.015780831087966,74.54053953612082,0,0,5.0,6,,Summer,Colombia,900.9605834897704,1
REC01205,Richard Smith,3182569182.0,Cancer,Black,Gardening,20/02/2023 04:00,31.480699193777884,88.6652585488002,50.52896166650163,0,1,1.0,12,988.1596653866366,,Colombia,979.4959840412057,1
REC01206,Robert Davis,3176398265.0,Capricorn,White,Music,20/02/2023 05:00,,62.99884703900706,60.78789552322974,0,5,6.0,9,765.3504644584723,Fall,Colombia,797.4250539590702,0
REC01207,Richard Moore,3757882359.0,Sagittarius,Yellow,Reading,20/02/2023 06:00,31.626203808340357,88.92716685501264,,0,5,17.0,8,1110.4952021280194,Summer,Colombia,1139.373780577864,1
REC01208,Marta Martinez,3285624530.0,Virgo,Yellow,Dancing,20/02/2023 07:00,19.374154727531856,66.87347850955734,65.4066251443916,0,5,1.0,4,843.1581662045777,Spring,Colombia,842.7723485970988,0
REC01209,Marta Gonzalez,3540725014.0,Cancer,Orange,Dancing,20/02/2023 08:00,5.264817816337141,41.47667206940685,56.7521520369574,0,1,16.0,12,,,Colombia,1216.679355469872,1
REC01210,Laura Miller,3109503394.0,Aries,Orange,Dancing,20/02/2023 09:00,27.136540797853765,80.84577343613678,,0,0,10.0,4,980.0096279508808,Spring,Colombia,973.1385364100821,1
REC01211,Paula Wilson,3464916030.0,Scorpio,Green,Dancing,20/02/2023 10:00,15.280861457955137,59.50555062431924,79.98827201497691,1,1,11.0,9,980.9570758648258,Fall,Colombia,943.4525680951581,1
REC01212,Marta Wilson,3774517621.0,Aquarius,Purple,Sports,20/02/2023 11:00,25.58951050813635,78.06111891464543,,0,4,18.0,1,850.0596377028769,Winter,Colombia,847.9693569813604,0
REC01213,Joseph Miller,3002628465.0,Sagittarius,Black,Cooking,20/02/2023 12:00,20.201686940320656,68.36303649257718,50.926398541077376,0,4,21.0,2,767.7496477781775,Winter,Colombia,755.7862047714816,0
REC01214,John Anderson,3467415301.0,Leo,Black,Sports,20/02/2023 13:00,,45.77909751762267,67.46682464126665,0,1,23.0,2,1062.4661177005373,Winter,Colombia,1081.9767764128298,1
REC01215,Thomas Johnson,3478689797.0,Leo,Green,Photography,20/02/2023 14:00,21.314358122964553,70.3658446213362,68.06118004230571,0,5,6.0,6,796.0623876281355,Summer,Peru,780.7036343578047,0
REC01216,Charles Miller,3238732535.0,Capricorn,Blue,Music,20/02/2023 15:00,37.5697851372224,99.62561324700032,69.63451852516764,0,0,19.0,4,1252.4639600604564,Spring,Colombia,1262.99177736267,1
REC01217,Thomas Ramirez,3569700068.0,Scorpio,Green,Dancing,20/02/2023 16:00,23.943891668115675,75.09900500260821,34.58616156007383,0,1,5.0,11,807.5199908775778,Fall,Colombia,806.0915742259559,0
REC01218,Joseph Smith,3004420864.0,Scorpio,Purple,Photography,20/02/2023 17:00,19.539857975956295,67.17174435672133,75.09909811548943,0,1,20.0,10,838.5964022534681,Fall,Colombia,840.7733747548514,0
REC01219,Carmen Lopez,3629550142.0,Leo,Green,Gardening,20/02/2023 18:00,28.60274721565518,83.48494498817932,51.45451555611403,0,1,23.0,3,942.4069051307575,Spring,Colombia,921.7474204324769,1
REC01220,Carmen Garcia,3956697991.0,Cancer,Blue,Dancing,20/02/2023 19:00,21.685347721624886,71.0336258989248,54.632580998380995,0,2,0.0,3,788.099105155161,Spring,Colombia,814.298636242661,0
REC01221,Charles Perez,3809265691.0,Virgo,Yellow,Gardening,20/02/2023 20:00,21.676273842102354,71.01729291578424,99.568226283903,0,4,16.0,3,775.4228457433338,Spring,Colombia,821.0876184356346,0
REC01222,Laura Thomas,3619544408.0,Capricorn,Black,Photography,20/02/2023 21:00,11.26699862272718,52.28059752090893,,0,6,10.0,6,987.5555713419634,Summer,Colombia,991.824225283722,1
REC01223,James Sanchez,3044687776.0,Leo,Purple,Dancing,20/02/2023 22:00,21.870784206316788,71.36741157137021,54.20516286829237,0,5,21.0,8,789.0526341080026,Summer,Colombia,779.6820089699002,0
REC01224,Joseph Torres,3774879284.0,Scorpio,Red,Reading,20/02/2023 23:00,28.28354733133556,82.91038519640401,26.920584408661412,0,3,17.0,11,949.720068633663,Fall,Colombia,946.674681117513,1
REC01225,Robert Johnson,3933771003.0,Sagittarius,Orange,Cooking,21/02/2023 00:00,13.311502783199803,55.96070500975964,,0,6,20.0,7,969.2190400971284,Summer,Colombia,944.5749553488502,1
REC01226,Thomas Hernandez,3592277541.0,Aries,Gray,Cooking,21/02/2023 01:00,31.39596656997558,88.51273982595605,39.82185493787097,0,5,16.0,4,1027.8766784218212,Spring,Colombia,1019.1292249382278,1
REC01227,Robert Wilson,3740600115.0,Sagittarius,Green,Travel,21/02/2023 02:00,19.26635180683899,66.67943325231019,44.94841644750745,0,3,6.0,11,766.7563359265499,Fall,Colombia,778.0333025637472,0
REC01228,Sofia Rodriguez,3689017677.0,Sagittarius,White,Gardening,21/02/2023 03:00,12.897843907691675,55.21611903384502,55.02971551368226,0,2,16.0,12,902.8192506442,Winter,Colombia,949.3276537269936,1
REC01229,Michael Thomas,3048250506.0,Virgo,Yellow,Hiking,21/02/2023 04:00,27.981056615361958,82.36590190765152,,0,1,19.0,4,906.4903252983141,Spring,Colombia,911.2365699822185,1
REC01230,Michael Perez,3801309569.0,Aquarius,Black,Reading,21/02/2023 05:00,17.705646114093845,63.87016300536892,71.59859979998639,0,2,8.0,11,863.0635887316522,Fall,Colombia,842.5044086864963,0
REC01231,Thomas Anderson,3321232948.0,Capricorn,Gray,Gaming,21/02/2023 06:00,26.076119099888864,78.93701437979996,57.6324373523961,0,2,16.0,10,919.7675664424248,,Colombia,927.6085220957671,1
REC01232,Richard Smith,3806617693.0,Leo,White,Dancing,21/02/2023 07:00,17.665930941931702,63.79867569547706,64.62438095458232,0,6,19.0,11,940.901920482742,Fall,Colombia,940.3355152091867,1
REC01233,Maria Ramirez,3781880925.0,Libra,Blue,Hiking,21/02/2023 08:00,19.52139085176077,67.13850353316938,50.99421460693341,0,0,21.0,11,832.9869853518114,Fall,Colombia,824.5597802656772,0
REC01234,Ana Moore,3136614339.0,Aquarius,Green,Gardening,21/02/2023 09:00,23.948481634674334,75.1072669424138,62.09480534348026,0,6,21.0,11,821.9855038636448,Fall,Colombia,842.2913513486411,0
REC01235,James Rodriguez,3766779852.0,Scorpio,Orange,Sports,21/02/2023 10:00,22.327176460720047,72.18891762929609,61.10005117167205,0,4,7.0,2,841.8204066986798,Winter,Colombia,829.3556887659034,0
REC01236,Maria Rodriguez,3329154021.0,Sagittarius,Orange,Photography,21/02/2023 11:00,4.035745756386092,39.26434236149497,74.5315484352203,0,3,16.0,1,,Winter,Colombia,1189.358509369435,1
REC01237,Isabel Rodriguez,3447641410.0,Sagittarius,Red,Travel,21/02/2023 12:00,,51.85409014264076,74.50767183658424,0,1,6.0,9,,Fall,Colombia,925.3138719184789,1
REC01238,David Anderson,3090674312.0,Capricorn,Gray,Sports,21/02/2023 13:00,27.435279878326526,81.38350378098775,67.40966073308468,0,6,0.0,12,859.153132333469,Winter,Colombia,881.734420770115,0
REC01239,Marta Garcia,3949403597.0,Aquarius,Orange,Reading,21/02/2023 14:00,,66.09723311981773,54.56478663680846,0,3,12.0,12,863.2075285746183,Winter,Colombia,864.5395491150578,0
REC01240,John Taylor,3188077427.0,Gemini,Blue,Sports,21/02/2023 15:00,15.810149577828625,60.458269240091525,71.12733441585189,0,5,22.0,2,786.5049097671119,,Colombia,830.9925919392894,0
REC01241,Michael Rodriguez,3219369406.0,Scorpio,Gray,Hiking,21/02/2023 16:00,9.131407877940205,48.43653418029237,58.6204730069543,0,3,18.0,8,1049.115494449767,Summer,Colombia,1042.3774291702348,1
REC01242,Lucia Smith,3950889727.0,Aries,Gray,Gaming,21/02/2023 17:00,11.362109429793213,52.45179697362778,43.771284469303005,0,5,23.0,9,908.5065300113046,Fall,Colombia,899.4610424583329,1
REC01243,Thomas Rodriguez,3828979594.0,Libra,Orange,Gardening,21/02/2023 18:00,3.8256108803044206,38.88609958454796,53.95068312133592,0,6,18.0,4,1278.273377664773,Spring,Colombia,1244.760651787862,1
REC01244,Ana Miller,3295080996.0,Pisces,Gray,Music,21/02/2023 19:00,,66.54155765069792,61.26790475676487,0,4,16.0,8,797.9917087685349,Summer,Colombia,801.8716046198674,0
REC01245,Carmen Thomas,3997758605.0,Leo,Black,Travel,21/02/2023 20:00,15.212499355351625,59.38249883963292,73.65323675497118,0,6,12.0,9,879.7536592765758,Fall,Colombia,871.5839525136464,0
REC01246,Charles Taylor,3689241234.0,Taurus,Red,Sports,21/02/2023 21:00,12.267296872117479,54.081134369811465,57.24707741764271,0,5,15.0,10,978.099626375294,Fall,Colombia,995.325388423012,1
REC01247,Thomas Davis,3209247239.0,Taurus,Orange,Gardening,21/02/2023 22:00,19.455012598656374,67.01902267758148,41.862019331405904,0,3,7.0,10,806.0693080760635,,Colombia,813.1978504865651,0
REC01248,John Brown,3046755066.0,Scorpio,Black,Cooking,21/02/2023 23:00,22.911765046821905,73.24117708427943,60.85112524945229,0,3,18.0,5,,Spring,Colombia,861.8807220365177,0
REC01249,Isabel Davis,3175680134.0,Leo,Red,Hiking,22/02/2023 00:00,36.74558345767956,98.1420502238232,61.701840600848286,0,5,17.0,7,1342.5709866316763,Summer,Colombia,1346.466779057341,1
REC01250,Isabel Miller,3591937082.0,Pisces,Yellow,Gaming,22/02/2023 01:00,7.904932643494291,46.228878758289724,62.7875644335413,0,2,0.0,10,958.8963993352005,,Colombia,965.0025824055718,1
REC01251,James Johnson,3640548474.0,Aquarius,Red,Music,22/02/2023 02:00,29.275048346404176,84.69508702352752,73.79807273931645,0,4,13.0,4,940.6455558461314,Spring,Colombia,934.6615605243535,1
REC01252,Laura Ramirez,3685379006.0,Gemini,Pink,Gardening,22/02/2023 03:00,27.784812488120576,82.01266247861703,75.28384860134848,0,0,18.0,1,996.9414770571952,Winter,Colombia,1009.413414663848,1
REC01253,Paula Thomas,3537557254.0,Aries,Gray,Gardening,22/02/2023 04:00,13.767258084986395,56.78106455297551,51.086836914275,0,1,14.0,3,911.7759521302104,Spring,Colombia,910.1090451107085,1
REC01254,Michael Torres,3595073655.0,Aquarius,Blue,Music,22/02/2023 05:00,21.625887636688248,70.92659774603885,50.75784812926585,0,3,17.0,5,837.5943433469586,Spring,Colombia,844.2619444591119,0
REC01255,Sofia Wilson,3204889526.0,Libra,Orange,Dancing,22/02/2023 06:00,16.338934005299077,61.41008120953834,44.397019335667906,0,1,1.0,3,,Spring,Colombia,772.1369333225074,0
REC01256,Robert Gonzalez,3428651842.0,Aquarius,Yellow,Hiking,22/02/2023 07:00,21.48550864334991,70.67391555802983,70.48223505420714,0,0,21.0,12,822.825201069262,Winter,Colombia,821.2179545500014,0
REC01257,James Thomas,3294558225.0,Pisces,Pink,Travel,22/02/2023 08:00,32.0730481072364,89.73148659302552,81.73230162506573,0,6,16.0,11,1091.2265895269056,Fall,Colombia,1090.4161306805654,1
REC01258,William Taylor,3959912236.0,Gemini,Blue,Hiking,22/02/2023 09:00,24.844849861050506,76.7207297498909,55.27377108136615,0,1,17.0,7,,Summer,Colombia,841.4290808307859,0
REC01259,Isabel Johnson,3105985888.0,Libra,Green,Dancing,22/02/2023 10:00,24.068866985867537,75.32396057456157,56.3785415291251,0,0,5.0,12,816.8096337184103,Winter,Colombia,819.222494401007,0
REC01260,William Wilson,3152330724.0,Pisces,Blue,Photography,22/02/2023 11:00,16.55752544036286,61.803545792653146,82.00173835348464,0,5,18.0,9,,,Colombia,854.3553133593007,0
REC01261,Carmen Garcia,3468316251.0,Taurus,Gray,Hiking,22/02/2023 12:00,8.127546680605318,46.62958402508957,,0,2,3.0,12,1018.055658686815,,Colombia,1021.6718075885595,1
REC01262,Marta Brown,3967779491.0,Cancer,Black,Music,22/02/2023 13:00,18.332254315676735,64.99805776821812,66.54353557201583,0,3,0.0,6,,Summer,Colombia,759.4020538125425,0
REC01263,Laura Moore,3863211151.0,Taurus,Red,Gaming,22/02/2023 14:00,29.65286523891132,85.37515743004039,42.1362524103941,0,0,7.0,10,982.6463872900666,Fall,Colombia,989.8446091614001,1
REC01264,Joseph Garcia,3932574542.0,Cancer,Green,Hiking,22/02/2023 15:00,,46.008782865109076,70.18092103919129,1,1,22.0,1,1201.1513250966282,,Colombia,1160.5281508351636,1
REC01265,Lucia Lopez,3189648796.0,Leo,Red,Sports,22/02/2023 16:00,11.55928505458644,52.80671309825559,46.06295489235363,0,3,6.0,7,,,Colombia,892.3414808352791,0
REC01266,Charles Smith,3383252794.0,Scorpio,Gray,Gaming,22/02/2023 17:00,21.010141889872546,69.81825540177059,42.98969721097563,0,2,2.0,3,787.3007048133919,Spring,Colombia,792.8738314909781,0
REC01267,Laura Hernandez,3677033873.0,Taurus,Orange,Travel,22/02/2023 18:00,12.1227617212219,53.82097109819942,54.79842634849932,0,5,9.0,5,929.869665074472,Spring,Colombia,937.6194383398658,1
REC01268,Richard Brown,3799108016.0,Capricorn,Yellow,Music,22/02/2023 19:00,13.6598124230783,56.58766236154094,51.21310914826965,0,6,9.0,10,874.2211934006804,Fall,Colombia,879.1646256455683,0
REC01269,David Hernandez,3304896237.0,Gemini,Green,Photography,22/02/2023 20:00,16.611211346174585,61.90018042311425,56.67600458422441,0,3,18.0,4,842.8638699034744,Spring,Colombia,849.4886560810423,0
REC01270,Elena Wilson,3854255277.0,Capricorn,Orange,Cooking,22/02/2023 21:00,9.075060766478805,48.335109379661844,38.38527548212622,0,6,13.0,10,1023.8054332016317,Fall,Colombia,1018.2206311772117,1
REC01271,Elena Johnson,3042432594.0,Pisces,Pink,Gaming,22/02/2023 22:00,12.207025230269053,53.9726454144843,74.38224459701509,0,0,1.0,5,921.406916442944,Spring,Colombia,955.6104184707798,1
REC01272,Isabel Torres,3459692700.0,Leo,Orange,Dancing,22/02/2023 23:00,25.62742333429847,78.12936200173725,76.91529441774644,0,2,0.0,5,,Spring,Colombia,885.3665724083279,0
REC01273,Thomas Brown,3240502725.0,Aquarius,White,Gaming,23/02/2023 00:00,9.541041742152288,49.17387513587412,30.789862887887786,0,1,22.0,6,,Summer,Colombia,1001.4709000525662,1
REC01274,Michael Anderson,3041041004.0,Pisces,Green,Cooking,23/02/2023 01:00,7.217022924041299,44.99064126327434,74.67686708499825,0,2,22.0,10,1035.0463471856415,Fall,Colombia,1059.903778906904,1
REC01275,Marta Wilson,3611414193.0,Pisces,Orange,Hiking,23/02/2023 02:00,14.959800163728845,58.92764029471192,47.84207055267561,0,2,17.0,12,798.0307957680243,,Colombia,843.4123412270723,0
REC01276,Lucia Garcia,3356880633.0,Sagittarius,Black,Sports,23/02/2023 03:00,25.855644020078767,78.54015923614178,72.8546330547418,0,4,6.0,10,830.2317632289031,Fall,Colombia,849.7732061517311,0
REC01277,Charles Brown,3234402556.0,Capricorn,Black,Dancing,23/02/2023 04:00,18.424625536024884,65.16432596484479,58.97330261000376,0,2,7.0,11,837.6889162086102,Fall,Colombia,842.5422454371526,0
REC01278,William Thomas,3277474870.0,Aquarius,Pink,Cooking,23/02/2023 05:00,,61.310032475135095,60.43163346121498,0,2,0.0,6,821.9954683008588,Summer,Colombia,770.3896303270433,0
REC01279,Michael Martinez,3362433178.0,Leo,Red,Cooking,23/02/2023 06:00,20.354870380124858,68.63876668422475,57.22353525868172,1,3,22.0,8,936.516167054451,Summer,Colombia,925.6510277549655,1
REC01280,William Perez,3128260998.0,Sagittarius,Purple,Sports,23/02/2023 07:00,6.034340537122784,42.86181296682101,78.18193806350229,0,1,2.0,8,1149.3120423764594,Summer,Colombia,1185.4638353600885,1
REC01281,Ana Lopez,3872550490.0,Cancer,Orange,Travel,23/02/2023 08:00,23.95764523020026,75.12376141436047,,0,3,23.0,11,852.1739893937606,Fall,Colombia,865.9670994917795,0
REC01282,David Garcia,3100155730.0,Capricorn,Gray,Gaming,23/02/2023 09:00,23.067480251229153,73.52146445221247,69.11760508102513,0,3,22.0,9,869.6110693345411,Fall,Colombia,870.6753180600008,0
REC01283,William Torres,3614835837.0,Leo,Green,Hiking,23/02/2023 10:00,,62.10595797302162,76.51995247334325,0,0,7.0,8,829.8904300924388,Summer,Colombia,824.8167590064769,0
REC01284,Michael Rodriguez,3197728080.0,Sagittarius,Orange,Gaming,23/02/2023 11:00,28.047396094371333,82.4853129698684,70.74510120810616,0,3,21.0,11,909.5631765939456,Fall,Colombia,935.8581538001541,1
REC01285,Elena Smith,3340897960.0,Cancer,Red,Music,23/02/2023 12:00,10.98003120837569,51.76405617507624,94.87048371485126,0,4,14.0,2,940.625822369112,,Colombia,943.3256269286533,1
REC01286,Lucia Thomas,3034585738.0,Leo,Orange,Dancing,23/02/2023 13:00,29.02327194602855,84.2418895028514,52.06579855912952,0,4,4.0,12,939.610924659417,Winter,Colombia,953.9637074116279,1
REC01287,Robert Lopez,3339254788.0,Leo,Purple,Photography,23/02/2023 14:00,21.23594932476201,70.22470878457162,74.35957233890296,0,6,2.0,10,806.3917102104538,,Colombia,828.4668814625,0
REC01288,William Rodriguez,3397400641.0,Cancer,Yellow,Music,23/02/2023 15:00,17.307579280974615,63.15364270575431,58.4086404698787,0,0,18.0,12,877.6620538878415,Winter,Colombia,872.4701409538624,0
REC01289,Joseph Torres,3439643758.0,Cancer,Purple,Cooking,23/02/2023 16:00,19.841010917053506,67.71381965069631,78.50109114529005,0,6,0.0,11,868.1557565503407,Fall,Colombia,852.6782130814843,0
REC01290,Lucia Torres,3879410359.0,Aquarius,Gray,Photography,23/02/2023 17:00,19.141881873512467,66.45538737232243,59.88466506417946,0,6,14.0,1,846.3739821038466,Winter,Colombia,829.5531565646143,0
REC01291,Carmen Sanchez,3376959755.0,Leo,Purple,Gardening,23/02/2023 18:00,29.762263171341736,85.57207370841512,54.181863272062955,1,5,7.0,10,1046.958099703534,Fall,Colombia,1035.4703726808564,1
REC01292,Laura Torres,3928293033.0,Pisces,Gray,Gaming,23/02/2023 19:00,11.386566980231892,52.49582056441741,79.59108305807443,0,1,1.0,2,905.157933570574,Winter,Colombia,915.1053242333792,1
REC01293,Laura Martinez,3505125225.0,Virgo,Red,Cooking,23/02/2023 20:00,13.899846086827214,57.01972295628899,52.62657091471605,0,1,2.0,2,828.9243730322901,Winter,Colombia,814.6333778030199,0
REC01294,John Lopez,3430464842.0,Libra,Green,Sports,23/02/2023 21:00,28.29042313657984,82.9227616458437,,0,3,23.0,12,918.3550401894031,Winter,Colombia,912.1739514273173,1
REC01295,Carmen Brown,3788394121.0,Virgo,Purple,Hiking,23/02/2023 22:00,15.235720518529126,59.42429693335243,52.24729675239257,0,3,13.0,3,817.969159607233,Spring,Colombia,815.2903219481927,0
REC01296,William Rodriguez,3686107675.0,Aries,Black,Gardening,23/02/2023 23:00,27.204264618652733,80.96767631357491,69.28549419882799,0,5,23.0,10,907.4964619864498,Fall,Colombia,919.7303244204858,1
REC01297,Thomas Johnson,3897954310.0,Taurus,Pink,Reading,24/02/2023 00:00,33.595487864069675,92.47187815532541,80.88058127380637,0,3,13.0,7,1119.183907508907,Summer,Colombia,1129.1214300557374,1
REC01298,Paula Lopez,3657356173.0,Libra,Purple,Dancing,24/02/2023 01:00,16.78563978446693,62.214151612040475,61.66694062944768,0,1,10.0,2,846.1401899591432,Winter,Colombia,844.6624512366521,0
REC01299,Lucia Sanchez,3695716804.0,Gemini,Green,Gardening,24/02/2023 02:00,25.450898612602444,77.8116175026844,79.77295600851038,0,6,15.0,1,909.990988375212,Winter,Colombia,861.193499035502,0
REC01300,Elena Sanchez,3100851004.0,Pisces,Red,Music,24/02/2023 03:00,,51.38683114870604,39.6273761778361,0,2,3.0,6,924.4182528992844,Summer,Colombia,918.3934032974566,1
REC01301,Ana Smith,3078055986.0,Capricorn,Black,Hiking,24/02/2023 04:00,,78.86815949217646,53.35104802773146,0,4,19.0,9,919.9903641022729,Fall,Colombia,932.2141341472786,1
REC01302,James Taylor,3973113769.0,Aquarius,Gray,Cooking,24/02/2023 05:00,,70.87170539820946,55.67137324268848,0,2,4.0,3,809.0796831640513,Spring,Colombia,825.7274720634401,0
REC01303,Marta Torres,3872338567.0,Taurus,Black,Hiking,24/02/2023 06:00,23.78430625728172,74.8117512631071,58.2816085879122,0,2,21.0,6,783.4246106290899,Summer,Colombia,793.259942882214,0
REC01304,John Perez,3477130417.0,Virgo,Purple,Cooking,24/02/2023 07:00,14.83542342371684,58.70376216269031,61.26141582375295,0,1,20.0,3,899.713558864315,Spring,Colombia,856.1676899133337,0
REC01305,David Thomas,3493718144.0,Aquarius,Red,Sports,24/02/2023 08:00,,44.080398815832716,70.3636643608829,0,2,13.0,1,1133.1738342272079,Winter,Colombia,1141.158967146127,1
REC01306,Laura Garcia,3196612804.0,Cancer,Gray,Hiking,24/02/2023 09:00,,75.24682973239287,53.32789742744264,0,5,22.0,12,813.5567280123698,Winter,Colombia,795.4193173201642,0
REC01307,Ana Smith,3363758858.0,Pisces,Blue,Travel,24/02/2023 10:00,3.492774780164364,38.286994604295856,62.085430304296885,0,0,15.0,5,1253.6105527413197,Spring,Colombia,1261.1291176507468,1
REC01308,William Brown,3661071859.0,Aquarius,White,Music,24/02/2023 11:00,17.46119606205972,63.430152911707495,59.32315664513923,0,3,17.0,10,869.8421646795153,Fall,Colombia,864.6184738539228,0
REC01309,Maria Moore,3390127722.0,Leo,Orange,Reading,24/02/2023 12:00,27.52945493135976,81.55301887644757,46.11165144163275,0,0,6.0,11,913.3564280943107,Fall,Colombia,897.5215226141362,1
REC01310,Thomas Anderson,3516868655.0,Virgo,Yellow,Sports,24/02/2023 13:00,21.53518188698429,70.76332739657173,58.29499966377847,0,6,9.0,4,876.4279353502634,,Colombia,887.8659923464619,0
REC01311,Paula Miller,3760277129.0,Gemini,Green,Photography,24/02/2023 14:00,35.5867411583185,96.05613408497331,,0,4,6.0,7,1101.0789993468816,Summer,Colombia,1113.901232429937,1
REC01312,Sofia Torres,3880402318.0,Aries,Green,Reading,24/02/2023 15:00,28.200873220654188,82.76157179717754,57.523791524954305,0,3,0.0,6,857.6125032505516,Summer,Colombia,824.435109361445,0
REC01313,John Lopez,3864844390.0,Gemini,Green,Sports,24/02/2023 16:00,14.768812893395388,58.5838632081117,60.47639184872176,0,2,22.0,10,838.0419444652414,,Colombia,818.3500865673254,0
REC01314,John Smith,3353826862.0,Gemini,Blue,Hiking,24/02/2023 17:00,20.21850703881151,68.39331266986072,61.13510310920079,1,4,20.0,7,1037.9462006761173,Summer,Colombia,1022.1327543023027,1
REC01315,Marta Moore,3420018140.0,Virgo,Red,Photography,24/02/2023 18:00,19.621034379644513,67.31786188336012,53.515572313390045,0,3,18.0,5,946.8479122780706,Spring,Colombia,931.1023864156123,1
REC01316,Robert Sanchez,3453756568.0,Cancer,Black,Reading,24/02/2023 19:00,7.342585893230982,45.21665460781577,79.09072100956897,0,5,15.0,4,1172.7537929942098,Spring,Colombia,1163.5622832279885,1
REC01317,Isabel Gonzalez,3521541999.0,Libra,Gray,Photography,24/02/2023 20:00,12.476808668125173,54.458255602625314,42.45779056195475,1,5,18.0,7,,Summer,Colombia,1027.1783570135674,1
REC01318,Richard Rodriguez,3790274053.0,Aquarius,Black,Gardening,24/02/2023 21:00,15.513912744161118,59.92504293949001,49.185448372951555,0,5,3.0,7,759.78103105865,Summer,Colombia,758.9028650211069,0
REC01319,David Sanchez,3770548234.0,Taurus,Black,Sports,24/02/2023 22:00,3.7102359771525073,38.67842475887451,100.0,0,5,17.0,6,1165.8583011580297,Summer,Colombia,1154.3130538140113,1
REC01320,James Brown,3045652496.0,Pisces,Yellow,Cooking,24/02/2023 23:00,20.379947746013144,68.68390594282366,,0,2,1.0,8,746.636755400694,Summer,Colombia,775.6550139725742,0
REC01321,Robert Thomas,3906294926.0,Cancer,Green,Photography,25/02/2023 00:00,18.007425242775675,64.41336543699622,39.693679879353624,0,0,0.0,4,781.533372306892,Spring,Colombia,798.0325860387169,0
REC01322,David Lopez,3741428495.0,Scorpio,Green,Reading,25/02/2023 01:00,6.616848789507406,43.91032782111333,71.01715117501827,0,3,14.0,10,1146.6717405299016,,Colombia,1170.6881205266025,1
REC01323,Charles Ramirez,3027389751.0,Aquarius,Blue,Gaming,25/02/2023 02:00,,73.82066525999359,28.84320219339189,1,2,4.0,5,975.8787419357691,Spring,Colombia,950.3974702654461,1
REC01324,Joseph Rodriguez,3596688961.0,Virgo,Black,Travel,25/02/2023 03:00,25.726981957527677,78.30856752354981,56.47089135041342,0,5,19.0,4,857.2428836320212,Spring,Colombia,908.2936866724361,1
REC01325,Joseph Moore,3904821155.0,Capricorn,Yellow,Gaming,25/02/2023 04:00,,71.2692964956544,92.18737387614732,0,6,10.0,12,811.3082955482713,Winter,Colombia,819.3544960033257,0
REC01326,Paula Torres,3499862866.0,Gemini,White,Gardening,25/02/2023 05:00,17.40745459832824,63.33341827699083,36.82596116769899,0,0,9.0,1,761.776623106586,Winter,Colombia,821.6507551597985,0
REC01327,Robert Ramirez,3858838484.0,Capricorn,Blue,Reading,25/02/2023 06:00,24.73153721401484,76.51676698522671,30.2705327139193,0,6,1.0,12,827.1205161846304,Winter,Colombia,843.7462740942683,0
REC01328,Laura Smith,3270481738.0,Pisces,Blue,Music,25/02/2023 07:00,,77.79517319086435,37.512281970634525,0,4,2.0,8,862.4822350844275,Summer,Colombia,872.3012140790648,0
REC01329,Charles Anderson,3919177983.0,Taurus,Orange,Dancing,25/02/2023 08:00,22.459228557757505,72.4266114039635,73.47539352520478,0,6,22.0,1,852.4443800146394,Winter,Colombia,824.7469581387585,0
REC01330,Maria Thomas,3843781096.0,Gemini,White,Gardening,25/02/2023 09:00,13.403101996521912,56.12558359373944,,0,4,22.0,5,831.8272353026027,Spring,Colombia,823.8946765181736,0
REC01331,Isabel Ramirez,3443037310.0,Aries,Green,Cooking,25/02/2023 10:00,22.212806124089447,71.983051023361,52.31116804532237,0,4,11.0,6,866.7086410993159,Summer,Colombia,883.3714715658951,0
REC01332,Maria Martinez,3065469570.0,Aries,Black,Hiking,25/02/2023 11:00,,85.2149213718869,70.24818606001604,1,5,19.0,6,1125.5564157825115,Summer,Colombia,1104.237141387875,1
REC01333,Michael Martinez,3693815265.0,Taurus,Green,Dancing,25/02/2023 12:00,15.226967531106158,59.408541555991086,80.85382991267984,0,4,4.0,5,791.7027472666603,Spring,Colombia,791.3461021760651,0
REC01334,Sofia Miller,3991500817.0,Gemini,Blue,Photography,25/02/2023 13:00,36.783514713059446,98.210326483507,86.81019621644738,0,1,4.0,3,1191.908047547359,Spring,Colombia,1191.156710373214,1
REC01335,Laura Miller,3007407310.0,Sagittarius,Green,Sports,25/02/2023 14:00,15.794952528116925,60.43091455061047,56.30497078230228,0,3,5.0,5,830.0100451882082,,Colombia,854.0634753436481,0
REC01336,Lucia Ramirez,3742430296.0,Scorpio,Red,Reading,25/02/2023 15:00,20.25925610672109,68.46666099209796,25.477924234950194,0,3,8.0,12,820.9202449094098,Winter,Colombia,840.7205191874726,0
REC01337,Sofia Rodriguez,3751078837.0,Pisces,Purple,Reading,25/02/2023 16:00,14.62011523194931,58.31620741750876,47.6868161638547,0,5,1.0,8,890.4786862428034,Summer,Colombia,906.9806322417139,1
REC01338,Michael Ramirez,3445820913.0,Aquarius,White,Music,25/02/2023 17:00,21.786166687362087,71.21510003725176,53.59793707597114,0,1,20.0,2,,Winter,Colombia,874.8307581951461,0
REC01339,Marta Brown,3127667662.0,Aquarius,Black,Hiking,25/02/2023 18:00,6.062226458917799,42.91200762605204,56.115918051324144,0,6,11.0,6,1123.4847639357795,Summer,Colombia,1121.927049396166,1
REC01340,Paula Hernandez,3324614493.0,Sagittarius,White,Sports,25/02/2023 19:00,15.63166560946623,60.13699809703921,57.18210898486921,0,2,2.0,9,859.0971472761236,Fall,Colombia,828.2152940056427,0
REC01341,Laura Smith,3998446096.0,Libra,Orange,Cooking,25/02/2023 20:00,11.263030397211462,52.27345471498063,,1,6,19.0,8,1074.7383958243418,Summer,Colombia,1067.037292465585,1
REC01342,Joseph Johnson,3267458001.0,Libra,Green,Gardening,25/02/2023 21:00,,69.94887220964898,79.11642640031371,0,2,21.0,11,718.4714545642701,Fall,Colombia,772.6227684377122,0
REC01343,Joseph Perez,3085457777.0,Leo,Green,Travel,25/02/2023 22:00,27.95557900407126,82.32004220732827,57.42489519112825,1,4,11.0,8,1013.6861677653578,Summer,Colombia,1008.433328007924,1
REC01344,James Lopez,3325394794.0,Libra,Black,Travel,25/02/2023 23:00,25.16804949691641,77.30248909444954,76.47727314077727,0,0,23.0,8,839.1183720328963,Summer,Colombia,868.118699156247,0
REC01345,Michael Miller,3650226897.0,Cancer,Black,Gaming,26/02/2023 00:00,1.0267251131288617,33.84810520363195,65.36492049946634,0,2,16.0,7,1404.4692532886158,Summer,Mexico,1423.7886717808465,1
REC01346,Paula Gonzalez,3432987126.0,Leo,Red,Travel,26/02/2023 01:00,,97.40580300216148,60.96758959293857,0,0,9.0,8,,Summer,Colombia,1274.4759116533817,1
REC01347,Laura Lopez,3202901090.0,Pisces,Yellow,Travel,26/02/2023 02:00,22.362239524966945,72.2520311449405,73.59816235664945,0,3,23.0,6,855.7162206626801,Summer,Colombia,868.9829871329262,0
REC01348,Sofia Johnson,3666124812.0,Aries,Pink,Photography,26/02/2023 03:00,13.788006876055999,56.818412376900795,61.08378072356874,0,0,13.0,2,858.7093705766212,Winter,Colombia,886.2123584174273,0
REC01349,Maria Perez,3690377534.0,Aquarius,Orange,Gaming,26/02/2023 04:00,21.257023351927526,70.26264203346955,90.86716765646644,0,3,22.0,2,,Winter,Colombia,869.340992203782,0
REC01350,Laura Martinez,3065354509.0,Cancer,Green,Hiking,26/02/2023 05:00,,70.53713344403877,38.42383249808161,0,1,16.0,8,788.7272234971537,Summer,Colombia,816.9432691989729,0
REC01351,Ana Brown,3185403066.0,Gemini,Black,Sports,26/02/2023 06:00,14.66521026438749,58.39737847589748,52.27243651361974,1,1,17.0,11,959.3159018950521,,Colombia,952.1825497500552,1
REC01352,Richard Miller,3817045923.0,Taurus,Black,Reading,26/02/2023 07:00,,70.85000000972589,58.102216545690744,0,5,18.0,1,828.1014829475948,Winter,Colombia,783.3620614063623,0
REC01353,Richard Miller,3218028817.0,Taurus,Purple,Reading,26/02/2023 08:00,15.140221699037543,59.25239905826758,,0,5,16.0,6,841.0071739700044,,Colombia,867.5943551486856,0
REC01354,Isabel Gonzalez,3422244484.0,Scorpio,Orange,Cooking,26/02/2023 09:00,16.765104058479817,62.17718730526367,79.01940730654633,0,4,13.0,6,839.857728068733,Summer,Colombia,845.5479341555174,0
REC01355,Maria Thomas,3341039117.0,Aries,Pink,Sports,26/02/2023 10:00,14.509766913959325,58.117580445126784,59.63402149145765,0,2,8.0,11,865.7823329685201,Fall,Colombia,916.2514802187695,1
REC01356,Isabel Moore,3495783704.0,Scorpio,Purple,Gaming,26/02/2023 11:00,8.538629682082778,47.369533427749005,38.66655525740689,0,4,7.0,4,1000.7814461520662,Spring,Colombia,1006.8001520114689,1
REC01357,Robert Martinez,3615711787.0,Sagittarius,Blue,Dancing,26/02/2023 12:00,21.166691761723072,70.10004517110153,72.63770844682506,0,3,1.0,12,767.177162712173,Winter,Colombia,754.3228196595433,0
REC01358,Thomas Anderson,3799250726.0,Virgo,Orange,Hiking,26/02/2023 13:00,24.682395492130706,76.42831188583527,71.32438149212946,0,4,12.0,11,881.5909764072017,Fall,Chile,867.1781917800563,0
REC01359,Thomas Johnson,3088196491.0,Aries,Orange,Hiking,26/02/2023 14:00,24.11906876861098,75.41432378349977,30.87212010930891,0,0,6.0,11,812.138885042994,Fall,Colombia,810.5916104373122,0
REC01360,Richard Gonzalez,3534715495.0,Capricorn,Blue,Gardening,26/02/2023 15:00,26.559402021081873,79.80692363794736,59.942937994938006,0,3,8.0,10,861.2846109279633,Fall,Colombia,843.4993424327838,0
REC01361,Sofia Moore,3552466876.0,Pisces,White,Cooking,26/02/2023 16:00,,72.6704990242141,36.14787253979553,0,5,21.0,3,821.78209253424,Spring,Colombia,770.8610018153842,0
REC01362,Elena Davis,3015182909.0,Libra,Gray,Sports,26/02/2023 17:00,15.738196014264773,60.32875282567659,50.03023353746906,0,1,21.0,11,830.6580083434314,Fall,Colombia,796.4119145946795,0
REC01363,Robert Perez,3719007284.0,Leo,Red,Reading,26/02/2023 18:00,26.71731091544951,80.09115964780912,46.457866095558,0,5,10.0,3,964.5779811068708,Spring,Colombia,975.0283996950635,1
REC01364,Paula Rodriguez,3092911412.0,Sagittarius,Purple,Photography,26/02/2023 19:00,9.13985968126452,48.451747426276135,72.13897047362978,1,2,13.0,1,1105.5499205228953,Winter,Colombia,1134.57200025223,1
REC01365,James Davis,3285505947.0,Libra,Gray,Hiking,26/02/2023 20:00,12.794628939900159,55.030332091820284,61.75245261258276,0,3,3.0,3,896.2397799970104,Spring,Colombia,904.3628083284865,1
REC01366,Marta Moore,3456544162.0,Leo,Blue,Music,26/02/2023 21:00,12.286399428614043,54.11551897150528,40.71613498865959,0,3,12.0,4,860.3643754640132,Spring,Colombia,879.3040307763602,0
REC01367,Ana Moore,3932627061.0,Taurus,Black,Gaming,26/02/2023 22:00,28.640448473114482,83.55280725160607,73.20098944436013,0,0,1.0,11,968.7815550026719,Fall,Colombia,959.7546040453792,1
REC01368,Ana Johnson,3059044160.0,Cancer,Purple,Travel,26/02/2023 23:00,27.542308113120605,81.57615460361708,38.49291264107379,0,2,22.0,11,913.749829242241,Fall,Colombia,937.3737000308311,1
REC01369,Laura Torres,3457684098.0,Taurus,Gray,Travel,27/02/2023 00:00,23.89844189635996,75.01719541344792,64.95170685706415,0,1,4.0,5,741.4065264913501,Spring,Colombia,742.8629751431569,0
REC01370,Laura Anderson,3622135082.0,Sagittarius,Pink,Sports,27/02/2023 01:00,28.575438921694378,83.43579005904988,47.789839960626665,0,6,10.0,3,948.8548411836584,Spring,Colombia,932.0945600929323,1
REC01371,Joseph Rodriguez,3560331569.0,Taurus,Red,Dancing,27/02/2023 02:00,,55.33832793326737,,0,3,5.0,6,892.037973763109,Summer,Colombia,894.0518912194525,1
REC01372,Sofia Martinez,3267244424.0,Taurus,Pink,Cooking,27/02/2023 03:00,,73.01976972599812,67.56406122057577,1,3,17.0,11,968.5150432152969,Fall,Colombia,987.4413196702528,1
REC01373,Carmen Rodriguez,3231002147.0,Taurus,Black,Hiking,27/02/2023 04:00,18.998604572934685,66.19748823128243,67.82174098589293,0,0,20.0,12,847.8606811342459,Winter,Colombia,824.3643999825321,0
REC01374,David Sanchez,3376421142.0,Aries,White,Reading,27/02/2023 05:00,26.77505683107931,80.19510229594276,,0,4,9.0,5,869.052495179309,Spring,Colombia,906.6321140743855,1
REC01375,Michael Perez,3915012823.0,Sagittarius,Orange,Sports,27/02/2023 06:00,,66.34077105124835,58.7661945049282,0,1,3.0,3,770.8234123223003,Spring,Colombia,777.3793134398496,0
REC01376,Sofia Smith,3781703753.0,Scorpio,Blue,Dancing,27/02/2023 07:00,16.92045689271935,62.45682240689483,64.5967629444501,0,5,8.0,6,867.8089000346176,Summer,Colombia,868.6421005022444,0
REC01377,Paula Gonzalez,3625084721.0,Taurus,Purple,Photography,27/02/2023 08:00,24.32726814848792,75.78908266727825,53.433940163935134,0,2,5.0,6,,Summer,Colombia,875.9750157018536,0
REC01378,Joseph Smith,3304363062.0,Taurus,Yellow,Hiking,27/02/2023 09:00,,80.61683600755376,62.72984823934196,0,3,1.0,8,846.464786151425,Summer,Colombia,842.8548650298634,0
REC01379,Joseph Taylor,3376818671.0,Leo,Pink,Sports,27/02/2023 10:00,14.653238441225586,58.375829194206055,66.59229072012768,1,3,16.0,2,1045.123405056508,Winter,Colombia,1032.9146086603182,1
REC01380,Isabel Smith,3887171964.0,Pisces,White,Photography,27/02/2023 11:00,19.51139462918099,67.12051033252578,58.52535228818436,0,5,4.0,1,768.3830711378073,Winter,Colombia,769.0912199187143,0
REC01381,John Gonzalez,3825761803.0,Pisces,Purple,Cooking,27/02/2023 12:00,11.532474930866778,52.758454875560204,32.943742738612556,1,1,5.0,4,966.2822170518505,Spring,Colombia,973.6433826947241,1
REC01382,Michael Brown,3516434002.0,Cancer,White,Hiking,27/02/2023 13:00,0.01551186005648475,32.02792134810167,64.97206344496342,0,4,11.0,7,1473.661647163849,Summer,Colombia,1481.813434057043,1
REC01383,James Smith,3776809503.0,Taurus,Orange,Sports,27/02/2023 14:00,21.60367705130983,70.8866186923577,65.46842216033185,0,3,22.0,11,828.5048092068843,Fall,Colombia,840.7351252476514,0
REC01384,Joseph Lopez,3149349783.0,Scorpio,White,Cooking,27/02/2023 15:00,24.871242850037056,76.7682371300667,49.79739785478074,0,1,20.0,10,935.4007743130993,Fall,Colombia,919.649907826562,1
REC01385,William Perez,3305171541.0,Scorpio,Purple,Travel,27/02/2023 16:00,22.096534472693804,71.77376205084884,40.734194458912285,0,5,9.0,3,791.0307192745342,Spring,Colombia,803.9612888640645,0
REC01386,Richard Thomas,3131585986.0,Cancer,Orange,Cooking,27/02/2023 17:00,4.403506257965063,39.926311264337116,82.13818725755948,0,0,21.0,3,1163.1733086252852,Spring,Colombia,1146.2378864451205,1
REC01387,Lucia Thomas,3995645159.0,Cancer,Red,Music,27/02/2023 18:00,17.193204559388203,62.947768206898765,67.37168266341602,0,4,20.0,5,895.116676293489,Spring,Colombia,894.7366946482916,1
REC01388,Ana Rodriguez,3439985562.0,Sagittarius,Gray,Gaming,27/02/2023 19:00,2.25321791959135,36.05579225526443,56.56378453617435,0,2,5.0,5,1263.6589887997036,Spring,Colombia,1274.0840849368262,1
REC01389,John Martinez,3396247996.0,Cancer,Yellow,Reading,27/02/2023 20:00,30.957608861233478,87.72369595022026,42.94450675278769,0,3,7.0,10,949.5242184006578,Fall,Colombia,937.1560740857751,1
REC01390,Robert Wilson,3900943634.0,Capricorn,White,Gardening,27/02/2023 21:00,11.311563343055312,52.360814017499564,47.67277757367981,0,1,1.0,3,917.0170363831655,Spring,Colombia,931.5661148776279,1
REC01391,David Johnson,3040227528.0,Aquarius,Red,Travel,27/02/2023 22:00,30.04322887567917,86.0778119762225,79.53885595179347,1,0,11.0,9,1085.471059828819,Fall,Colombia,1072.707379014255,1
REC01392,David Gonzalez,3484595706.0,Sagittarius,Yellow,Gardening,27/02/2023 23:00,27.566957149473165,81.6205228690517,62.06492911302069,0,2,12.0,4,1011.9237771124688,Spring,Colombia,1007.669254688633,1
REC01393,John Torres,3369274418.0,Gemini,White,Hiking,28/02/2023 00:00,12.795277179711507,55.03149892348071,51.7411939949894,0,6,20.0,3,977.7292110906706,Spring,Colombia,989.655704872509,1
REC01394,Thomas Gonzalez,3367865663.0,Taurus,Purple,Cooking,28/02/2023 01:00,,51.68789670174447,67.64533846836984,0,1,6.0,11,957.9239609595061,,Colombia,947.3512646528148,1
REC01395,Paula Rodriguez,3101496063.0,Aquarius,White,Cooking,28/02/2023 02:00,22.802961731090704,73.04533111596326,47.784027188305146,0,1,9.0,2,927.1569544035021,Winter,Colombia,916.2251598897294,1
REC01396,Carmen Ramirez,3397140208.0,Scorpio,Yellow,Travel,28/02/2023 03:00,13.24540770253543,55.84173386456378,82.51264545420568,0,2,12.0,10,,Fall,Colombia,921.0284296623868,1
REC01397,Laura Miller,3396861132.0,Pisces,Purple,Travel,28/02/2023 04:00,20.81987713726566,69.47577884707819,80.29200802345088,0,0,16.0,11,900.9487378035029,Fall,Colombia,881.625797555317,0
REC01398,Charles Moore,3378887041.0,Gemini,Gray,Gaming,28/02/2023 05:00,,61.04728269238037,53.00138893195835,0,6,20.0,9,941.3140505412723,,Colombia,931.4885701267466,1
REC01399,Sofia Davis,3035686307.0,Taurus,Blue,Travel,28/02/2023 06:00,5.750732684274933,42.35131883169488,50.5699462945371,0,5,13.0,4,1141.830556800083,Spring,Colombia,1164.3823758242584,1
REC01400,Sofia Wilson,3937371612.0,Aquarius,White,Travel,28/02/2023 07:00,2.156255847004328,35.88126052460779,20.7280020196158,0,0,1.0,3,1316.3630609992606,Spring,Colombia,1267.3913212357795,1
REC01401,Thomas Thomas,3808981375.0,Scorpio,Black,Gardening,28/02/2023 08:00,21.813473987956776,71.26425317832219,37.77628842672948,0,4,21.0,7,708.6758293089729,Summer,Colombia,736.7481535304091,0
REC01402,Lucia Moore,3521632650.0,Scorpio,Blue,Gaming,28/02/2023 09:00,15.507538029354997,59.913568452838994,39.90795337563365,0,3,10.0,8,895.9332442933239,Summer,Colombia,876.9479808076777,0
REC01403,Paula Davis,3747540449.0,Leo,Pink,Sports,28/02/2023 10:00,15.575281464686942,60.035506636436494,62.02785511481079,0,2,0.0,11,870.9298048953328,Fall,Colombia,862.3041285576069,0
REC01404,Robert Sanchez,3653409987.0,Sagittarius,Purple,Cooking,28/02/2023 11:00,25.566910712750282,78.0204392829505,55.10649443337961,0,5,18.0,2,910.8282319786836,Winter,Colombia,934.3110794283059,1
REC01405,Ana Smith,3750794179.0,Aquarius,Green,Cooking,28/02/2023 12:00,29.387538213059557,84.8975687835072,39.81996768877138,0,6,20.0,7,999.8773944036466,Summer,Colombia,1002.3634131812165,1
REC01406,Ana Johnson,3382126835.0,Virgo,Purple,Travel,28/02/2023 13:00,,64.07535601238995,55.78253936303164,0,2,3.0,12,,Winter,Colombia,785.4789762151603,0
REC01407,Ana Smith,3541634367.0,Leo,White,Gaming,28/02/2023 14:00,17.27521034472111,63.095378620497996,67.58005721471022,0,2,18.0,5,808.1755095565791,Spring,Colombia,782.0638552403686,0
REC01408,Lucia Moore,3450118656.0,Pisces,Purple,Travel,28/02/2023 15:00,24.00114426491107,75.20205967683992,67.9175902487338,0,0,20.0,11,839.9389112171525,,Colombia,854.2051292227567,0
REC01409,Maria Miller,3588931672.0,Gemini,Yellow,Gaming,28/02/2023 16:00,9.144515442403398,48.46012779632612,31.50494578711678,0,3,10.0,5,1009.3496224996823,Spring,Colombia,1014.5885226281694,1
REC01410,Michael Moore,3342001945.0,Libra,Gray,Gardening,28/02/2023 17:00,21.785224437981576,71.21340398836684,58.076047792742536,0,4,7.0,3,745.541988652924,Spring,Colombia,792.2633807533493,0
REC01411,Maria Smith,3241355402.0,Sagittarius,Orange,Cooking,28/02/2023 18:00,24.41508777457723,75.947157994239,39.249888345425845,0,1,10.0,5,938.6770102274205,Spring,Colombia,903.981754364949,1
REC01412,Paula Davis,3730971649.0,Cancer,Orange,Music,28/02/2023 19:00,25.441841667341034,77.79531500121387,73.52593045710411,0,1,3.0,12,902.4381526788057,Winter,Colombia,923.8475175392072,1
REC01413,Paula Thomas,3271223762.0,Aquarius,Purple,Dancing,28/02/2023 20:00,4.505978379980281,40.110761083964505,71.76219624530248,0,2,16.0,2,,Winter,Colombia,1215.0382270161015,1
REC01414,Laura Gonzalez,3665515868.0,Libra,Purple,Music,28/02/2023 21:00,13.909157841528476,57.036484114751254,46.52959160513312,0,3,6.0,4,844.9501091384253,Spring,Colombia,846.9782657328626,0
REC01415,William Miller,3400907943.0,Pisces,Gray,Gardening,28/02/2023 22:00,12.973893977412267,55.35300915934208,48.509321963994005,0,6,7.0,6,861.720356905135,Summer,Colombia,863.6803762408017,0
REC01416,Ana Davis,3391046262.0,Gemini,Orange,Hiking,28/02/2023 23:00,20.799095635273705,69.43837214349267,53.08099424252539,1,6,2.0,1,922.1304611251965,Winter,Colombia,905.9332214277789,1
REC01417,Thomas Wilson,3871105523.0,Aquarius,Red,Travel,01/03/2023 00:00,23.84595663814387,74.92272194865896,26.208099079029914,0,5,21.0,10,822.4805724858611,Fall,Colombia,789.0553232797885,0
REC01418,Maria Ramirez,3581589891.0,Taurus,White,Dancing,01/03/2023 01:00,31.97368325956785,89.55262986722212,65.03952260160865,0,0,1.0,4,1024.891451949365,Spring,Colombia,1019.8615785505252,1
REC01419,Lucia Miller,3051942904.0,Aquarius,Blue,Music,01/03/2023 02:00,16.040276157055416,60.87249708269975,55.907331804898035,0,3,22.0,6,854.6531731744582,Summer,Colombia,841.5516128218477,0
REC01420,William Brown,3653517903.0,Aries,Red,Hiking,01/03/2023 03:00,16.01942001352629,60.83495602434732,74.55262623851789,0,3,14.0,9,,Fall,Colombia,882.1549680860521,0
REC01421,Michael Smith,3682157678.0,Virgo,Gray,Hiking,01/03/2023 04:00,29.197376151029978,84.55527707185396,43.523861730561705,0,0,23.0,11,965.5398979341063,,Colombia,945.1892694554938,1
REC01422,Robert Martinez,3303482532.0,Leo,Purple,Gardening,01/03/2023 05:00,22.37261550824244,72.2707079148364,50.71315577625103,0,6,21.0,11,816.5355333091437,Fall,Colombia,825.7938608988702,0
REC01423,Richard Wilson,3859716477.0,Taurus,White,Photography,01/03/2023 06:00,30.14121208950379,86.25418176110682,37.402121129413274,0,6,21.0,2,904.8982177649173,Winter,Colombia,883.390406676589,0
REC01424,Laura Torres,3707605436.0,Gemini,Black,Photography,01/03/2023 07:00,,72.15768324334164,,0,6,4.0,11,855.6877341820805,Fall,Colombia,833.4777368691327,0
REC01425,Maria Taylor,3082264282.0,Sagittarius,Black,Hiking,01/03/2023 08:00,,51.3375206905289,42.27027005897672,0,2,23.0,7,923.3463578001936,Summer,Colombia,901.6956176265354,1
REC01426,Carmen Lopez,3747613700.0,Gemini,Pink,Dancing,01/03/2023 09:00,9.334973161777548,48.80295169119959,74.93960518269668,0,3,0.0,6,913.5776723231199,,Colombia,926.7806296698494,1
REC01427,Maria Taylor,3018046862.0,Libra,Pink,Gardening,01/03/2023 10:00,7.587902007528568,45.65822361355142,49.526072268729116,0,1,3.0,2,983.5454390631263,Winter,Colombia,986.9121917478701,1
REC01428,Sofia Brown,3612000470.0,Aries,White,Music,01/03/2023 11:00,25.296414678067784,77.53354642052201,,0,0,14.0,8,914.2090168575876,Summer,Colombia,909.4196770819789,1
REC01429,John Wilson,3514676418.0,Libra,Green,Gaming,01/03/2023 12:00,29.508774584696063,85.11579425245291,54.288548942072936,0,6,19.0,7,949.3053531682685,Summer,Colombia,976.7221940648486,1
REC01430,William Sanchez,3107921386.0,Sagittarius,Purple,Gaming,01/03/2023 13:00,,94.63081483596389,40.95802100980781,0,5,18.0,11,1142.953124481653,Fall,Colombia,1111.0547203199328,1
REC01431,John Miller,3203667225.0,Pisces,Yellow,Travel,01/03/2023 14:00,26.74484265858592,80.14071678545466,57.47549365242536,1,6,2.0,5,,Spring,Colombia,987.3608663413119,1
REC01432,John Thomas,3250016261.0,Aquarius,Black,Music,01/03/2023 15:00,29.302708620279887,84.7448755165038,68.98654997795393,0,6,19.0,12,927.9048140308859,Winter,Colombia,922.2262562787914,1
REC01433,William Perez,3647185195.0,Scorpio,Purple,Dancing,01/03/2023 16:00,15.359869338770523,59.64776480978694,41.883609111849715,0,4,10.0,5,876.3489843761072,Spring,Colombia,887.8890731706513,0
REC01434,Maria Davis,3927152629.0,Libra,Purple,Photography,01/03/2023 17:00,10.748673466049146,51.34761223888846,72.13669186097069,0,2,16.0,7,961.3829697962564,Summer,Colombia,987.9205209835968,1
REC01435,Carmen Hernandez,3790870073.0,Capricorn,Gray,Cooking,01/03/2023 18:00,26.800634659340425,80.24114238681277,,0,0,12.0,9,942.7154332130397,Fall,Colombia,954.7960309225351,1
REC01436,Marta Smith,3266736976.0,Scorpio,Orange,Gaming,01/03/2023 19:00,23.341446017915207,74.01460283224738,52.75524110890739,0,4,10.0,11,942.399367447308,,Colombia,938.0152836946362,1
REC01437,Sofia Perez,3450223613.0,Cancer,Red,Travel,01/03/2023 20:00,20.85955499472714,69.54719899050886,67.96024684515072,0,4,1.0,9,759.9897754024928,Fall,Colombia,746.5211991474189,0
REC01438,Maria Martinez,3466342701.0,Taurus,Black,Reading,01/03/2023 21:00,23.098971845063918,73.57814932111505,50.04845764170768,0,5,8.0,9,865.5423163142807,Fall,Colombia,862.3064855022263,0
REC01439,James Johnson,3098751077.0,Aquarius,Pink,Sports,01/03/2023 22:00,22.585483859665647,72.65387094739816,60.56362289003798,0,3,1.0,6,805.9081587059577,Summer,Colombia,798.9736783811187,0
REC01440,Ana Moore,3720277929.0,Sagittarius,Purple,Reading,01/03/2023 23:00,,86.48696278189128,55.279637568178615,0,5,20.0,10,1018.8352899906599,Fall,Colombia,1025.5758174842874,1
REC01441,John Taylor,3311961135.0,Gemini,Blue,Dancing,02/03/2023 00:00,30.359884678535646,86.64779242136416,61.94052010055728,0,3,8.0,6,1029.5425379910898,Summer,Colombia,1019.6175666661812,1
REC01442,Richard Wilson,3394984817.0,Aquarius,Red,Dancing,02/03/2023 01:00,24.353762818722778,75.836773073701,,0,3,8.0,3,893.9876836407927,,Colombia,864.3310263130746,0
REC01443,Ana Anderson,3136836506.0,Cancer,Orange,Travel,02/03/2023 02:00,26.766422980503425,80.17956136490616,32.55477277187876,1,0,7.0,1,965.1364212309728,Winter,Colombia,951.040632382193,1
REC01444,Robert Lopez,3323761939.0,Libra,Pink,Gardening,02/03/2023 03:00,24.112500419398206,75.40250075491677,,0,6,16.0,7,,Summer,Colombia,830.7109553419638,0
REC01445,Carmen Davis,3979673970.0,Taurus,Gray,Hiking,02/03/2023 04:00,16.310642143723047,61.359155858701484,75.55772108473576,0,0,0.0,4,865.8118333699017,Spring,Colombia,859.931505383769,0
REC01446,Thomas Davis,3367769250.0,Scorpio,Black,Cooking,02/03/2023 05:00,26.05251739930512,78.89453131874922,46.34269944702718,0,2,10.0,1,,Winter,Colombia,923.3176175673179,1
REC01447,Charles Miller,3313319243.0,Pisces,White,Reading,02/03/2023 06:00,8.844039449125907,47.919271008426634,56.33957471743298,0,3,7.0,8,1002.5005810181692,,Colombia,1023.393911630794,1
REC01448,Maria Torres,3903037359.0,Capricorn,Blue,Cooking,02/03/2023 07:00,,83.17603835306072,64.42078879353453,0,4,9.0,12,,Winter,Colombia,944.2101453250394,1
REC01449,Charles Martinez,3798175170.0,Scorpio,Black,Photography,02/03/2023 08:00,10.44381648187172,50.7988696673691,70.39826402488056,0,6,6.0,6,910.4887653612409,,Colombia,910.7075464004427,1
REC01450,Carmen Moore,3473030639.0,Pisces,Yellow,Sports,02/03/2023 09:00,,72.11556732984415,29.58484092493727,0,1,2.0,6,773.5058728635839,Summer,Colombia,764.7090151341274,0
REC01451,Maria Hernandez,3157285571.0,Leo,Orange,Sports,02/03/2023 10:00,13.238768332590729,55.82978299866331,46.70939629532434,0,2,2.0,2,916.4565521970749,Winter,Colombia,882.9280838401934,0
REC01452,Carmen Brown,3551908728.0,Sagittarius,Orange,Gaming,02/03/2023 11:00,24.427111864595414,75.96880135627174,55.011309302251874,0,0,17.0,1,852.3279701959195,Winter,Colombia,837.8072502113329,0
REC01453,Ana Garcia,3126821299.0,Scorpio,Black,Dancing,02/03/2023 12:00,19.72859819257673,67.51147674663811,70.54710295854073,0,5,4.0,2,899.2347352851274,Winter,Colombia,874.0570111702709,0
REC01454,Michael Ramirez,3827290988.0,Aries,Orange,Music,02/03/2023 13:00,7.241952334693341,45.03551420244801,97.47645725582242,0,2,11.0,4,1043.739594891032,Spring,Colombia,1041.8459671016176,1
REC01455,Thomas Wilson,3700362563.0,Sagittarius,White,Photography,02/03/2023 14:00,23.36559704814783,74.05807468666609,,0,2,11.0,2,861.7929564545633,Winter,Colombia,877.9372700042521,0
REC01456,Paula Lopez,3993928835.0,Leo,Gray,Hiking,02/03/2023 15:00,15.376633785338315,59.67794081360897,38.89533806844017,1,6,18.0,1,,Winter,Colombia,1044.7374610208642,1
REC01457,Lucia Smith,3996780966.0,Sagittarius,White,Dancing,02/03/2023 16:00,27.049173766506954,80.68851277971251,66.03402115801947,0,2,5.0,7,,,Colombia,898.499866556167,1
REC01458,Marta Gonzalez,3083941780.0,Sagittarius,Yellow,Dancing,02/03/2023 17:00,20.01060550987526,68.01908991777546,79.81493684311064,0,2,1.0,11,838.1930163503797,Fall,Colombia,807.0271172149307,0
REC01459,Sofia Johnson,3916982251.0,Capricorn,Gray,Cooking,02/03/2023 18:00,23.163367883104307,73.69406218958775,61.62021181469251,0,1,11.0,11,842.0788201980173,Fall,Colombia,826.2709986673079,0
REC01460,Robert Perez,3581544001.0,Capricorn,Green,Sports,02/03/2023 19:00,,54.211007047780946,46.40027182268561,0,5,18.0,12,893.1655595363143,Winter,Colombia,882.7553096037486,0
REC01461,Lucia Moore,3094188431.0,Gemini,Pink,Reading,02/03/2023 20:00,,59.513615867445985,74.36990912220028,0,5,4.0,8,,Summer,Colombia,864.1440023406221,0
REC01462,Richard Anderson,3818053510.0,Scorpio,Black,Gaming,02/03/2023 21:00,16.330890911191325,61.39560364014439,69.95318427747652,0,5,11.0,6,890.038303598901,Summer,Colombia,930.4394318893656,1
REC01463,Joseph Martinez,3871039058.0,Libra,Gray,Travel,02/03/2023 22:00,26.853619841940446,80.33651571549281,44.608787337065635,0,3,16.0,4,,Spring,Colombia,902.9041577876328,1
REC01464,Lucia Garcia,3869188586.0,Libra,Gray,Gaming,02/03/2023 23:00,33.41901670244391,92.15423006439904,65.72138426301512,0,4,16.0,6,1048.3296378999617,Summer,Colombia,1074.542553586049,1
REC01465,Ana Torres,3446226912.0,Pisces,Yellow,Photography,03/03/2023 00:00,13.55862598605699,56.40552677490258,74.95898351488309,0,5,9.0,3,,Spring,Colombia,813.9101715592898,0
REC01466,Lucia Johnson,3581149448.0,Capricorn,White,Dancing,03/03/2023 01:00,28.614785157261444,83.5066132830706,77.7283506383834,0,2,22.0,12,865.8570393628123,Winter,Colombia,872.0911912121566,0
REC01467,Thomas Martinez,3454286564.0,Taurus,Yellow,Hiking,03/03/2023 02:00,2.642580658194383,36.75664518474989,59.00326537035816,0,2,16.0,8,1310.608467852909,Summer,Colombia,1297.37373561097,1
REC01468,Thomas Anderson,3420229113.0,Taurus,White,Hiking,03/03/2023 03:00,10.446484791261685,50.80367262427103,54.628808307310216,0,5,14.0,10,1055.43315467808,Fall,Colombia,1050.869408898861,1
REC01469,William Davis,3549862160.0,Taurus,Gray,Gaming,03/03/2023 04:00,12.329772350505802,54.193590230910445,78.40910733121893,0,6,11.0,2,992.0762794541524,Winter,Colombia,965.1739359819167,1
REC01470,Maria Thomas,3210249434.0,Aquarius,Orange,Gaming,03/03/2023 05:00,9.179930484474221,48.5238748720536,41.84759245528672,0,5,15.0,5,1025.776329450833,Spring,Colombia,1037.8142726694853,1
REC01471,Maria Moore,3410379376.0,Taurus,Orange,Music,03/03/2023 06:00,7.33129288169936,45.19632718705885,66.57868936381509,0,2,23.0,1,1038.9217114145424,Winter,Colombia,1024.7394236218768,1
REC01472,Isabel Anderson,3098118283.0,Cancer,White,Gardening,03/03/2023 07:00,23.30399129710238,73.94718433478428,39.44960058953356,0,3,18.0,6,846.2923733847308,Summer,Colombia,843.0479090467542,0
REC01473,William Miller,3049237176.0,Libra,Red,Dancing,03/03/2023 08:00,18.28745841817711,64.91742515271879,,1,0,7.0,2,927.9192965030961,Winter,Colombia,960.6251019045271,1
REC01474,David Perez,3546334207.0,Taurus,Red,Reading,03/03/2023 09:00,23.03524318084088,73.46343772551359,,0,0,20.0,4,,Spring,Colombia,871.8485933805971,0
REC01475,Richard Wilson,3379243692.0,Leo,Green,Gaming,03/03/2023 10:00,25.523781488972105,77.94280668014979,79.02874853471204,0,5,16.0,6,808.6666545595821,Summer,Colombia,811.6642152300254,0
REC01476,Lucia Johnson,3705664887.0,Libra,Blue,Photography,03/03/2023 11:00,22.12493594538027,71.82488470168448,67.3711913453329,0,1,22.0,10,802.0772922398985,Fall,Colombia,779.831443242064,0
REC01477,James Lopez,3009140108.0,Sagittarius,Red,Gardening,03/03/2023 12:00,25.262105409202988,77.47178973656538,41.65169654907105,0,5,4.0,11,816.4804498866222,Fall,Colombia,807.2059887354799,0
REC01478,Charles Moore,3778733214.0,Scorpio,Red,Hiking,03/03/2023 13:00,19.443741710061843,66.99873507811131,81.36941598115865,0,6,21.0,8,755.2635580829744,,Colombia,778.6135745605887,0
REC01479,Michael Moore,3094849228.0,Sagittarius,White,Gardening,03/03/2023 14:00,10.504052893554043,50.90729520839728,83.26867899641594,0,5,15.0,12,1004.9696190230892,,Colombia,1007.7759435840323,1
REC01480,Sofia Johnson,3821826277.0,Libra,Purple,Photography,03/03/2023 15:00,28.46251344656637,83.23252420381947,73.23429738898824,0,0,5.0,8,943.4795344540655,Summer,Colombia,903.123405478205,1
REC01481,Sofia Johnson,3833629721.0,Gemini,Orange,Gardening,03/03/2023 16:00,15.287102937750984,59.51678528795177,48.5761820244567,0,2,7.0,11,832.4669484957038,Fall,Colombia,830.2424817988866,0
REC01482,Richard Moore,3346421566.0,Aries,Green,Dancing,03/03/2023 17:00,12.515229609900594,54.52741329782107,55.409790684638864,0,5,17.0,6,980.0250966403248,Summer,Colombia,986.5716081417727,1
REC01483,Richard Smith,3813849758.0,Capricorn,Red,Hiking,03/03/2023 18:00,18.576656993564814,65.43798258841667,62.18140826108639,1,2,11.0,4,935.0152071946087,,Colombia,925.1804143794843,1
REC01484,Laura Brown,3184000789.0,Libra,Black,Photography,03/03/2023 19:00,12.697512645627896,54.855522762130214,49.4443440100285,0,2,14.0,8,1019.8253249682801,Summer,Colombia,1004.5574633766407,1
REC01485,Marta Anderson,3657030021.0,Aquarius,Orange,Music,03/03/2023 20:00,16.660556944084544,61.989002499352175,,0,1,8.0,8,830.7521492811082,Summer,Colombia,839.8755162307094,0
REC01486,David Moore,3132366483.0,Virgo,Yellow,Dancing,03/03/2023 21:00,,72.95437647051392,62.16489707589055,0,2,12.0,10,874.9832410424788,Fall,Colombia,864.93174555505,0
REC01487,Richard Brown,3703111124.0,Taurus,Blue,Reading,03/03/2023 22:00,22.786733913969016,73.01612104514423,19.44977929338964,0,0,14.0,1,843.8228951113708,Winter,Colombia,850.400685044787,0
REC01488,Elena Wilson,3948843273.0,Aries,Pink,Gardening,03/03/2023 23:00,12.817359468594965,55.07124704347093,65.09033719134331,0,3,9.0,4,946.7088048817008,Spring,Colombia,932.322252845112,1
REC01489,Elena Davis,3370734162.0,Pisces,Pink,Gaming,04/03/2023 00:00,16.09835701641004,60.977042629538076,54.7776390477403,0,3,15.0,4,,Spring,Colombia,890.6179067600202,0
REC01490,Thomas Rodriguez,3224178594.0,Capricorn,Green,Music,04/03/2023 01:00,28.59466403816195,83.47039526869152,58.876101658223284,0,4,6.0,7,937.7951410379244,Summer,Colombia,928.1557844968665,1
REC01491,Carmen Hernandez,3078474822.0,Cancer,Purple,Dancing,04/03/2023 02:00,23.97120094187153,75.14816169536876,54.47070951321451,0,6,16.0,11,828.3472912329087,Fall,Colombia,843.5309621562587,0
REC01492,Joseph Torres,3099651108.0,Cancer,Red,Gaming,04/03/2023 03:00,,97.880936566619,,0,5,22.0,7,1152.0235973031904,Summer,Colombia,1168.4493249846475,1
REC01493,Lucia Miller,3569452935.0,Virgo,Orange,Photography,04/03/2023 04:00,29.44102538993222,84.993845701878,76.79531667830072,0,6,20.0,11,1102.7362583494337,Fall,Colombia,1083.8263122562457,1
REC01494,John Taylor,3531985540.0,Aquarius,Orange,Sports,04/03/2023 05:00,,84.47782018726312,64.2457974338798,0,0,21.0,8,904.7557349566829,Summer,Colombia,906.3436625843927,1
REC01495,Lucia Taylor,3730932139.0,Leo,Green,Reading,04/03/2023 06:00,,48.01469287343645,54.91033219292761,0,2,6.0,11,1018.5823872699184,,Colombia,1012.8816924279312,1
REC01496,James Taylor,3840775651.0,Sagittarius,Black,Reading,04/03/2023 07:00,26.11088281306738,78.99958906352128,59.37994192786245,0,3,13.0,5,835.5807721699052,Spring,Colombia,841.7086807116356,0
REC01497,William Brown,3482610813.0,Scorpio,Yellow,Music,04/03/2023 08:00,19.575145586424714,67.23526205556449,60.293994248664426,0,6,14.0,7,857.0607785931874,Summer,Colombia,839.0862431129145,0
REC01498,Michael Gonzalez,3308854386.0,Sagittarius,Purple,Music,04/03/2023 09:00,15.592145571694005,60.06586202904921,47.963549402027446,0,0,20.0,8,861.8995960318143,Summer,Colombia,874.0557956324075,0
REC01499,Marta Martinez,3243512923.0,Capricorn,Purple,Gardening,04/03/2023 10:00,21.344122724260227,70.41942090366841,,0,3,6.0,9,818.9105768459048,Fall,Colombia,821.6226016439224,0
REC01500,John Hernandez,3279793905.0,Libra,Orange,Photography,04/03/2023 11:00,27.56169227689187,81.61104609840537,66.900634857907,0,2,8.0,3,842.5904757499942,Spring,Colombia,826.8706194959316,0
REC01501,Ana Moore,3463699394.0,Sagittarius,Black,Hiking,04/03/2023 12:00,24.006652728033693,75.21197491046064,83.1066185966501,0,6,18.0,3,904.1848776310082,Spring,Colombia,880.725523647723,0
REC01502,Charles Brown,3214701030.0,Gemini,Black,Gardening,04/03/2023 13:00,12.972209589263521,55.349977260674336,78.83024670432712,0,3,15.0,4,867.6199130506101,Spring,Colombia,878.0950988711437,0
REC01503,Paula Smith,3448406727.0,Sagittarius,Orange,Reading,04/03/2023 14:00,25.939671308740962,78.69140835573373,49.714876236148044,0,5,7.0,5,,Spring,Mexico,865.8933713316178,0
REC01504,Isabel Sanchez,3511098574.0,Taurus,Black,Cooking,04/03/2023 15:00,14.899299663392288,58.81873939410612,72.30447561763447,0,5,17.0,10,853.837381886151,,Colombia,847.5725480122786,0
REC01505,Isabel Thomas,3724286580.0,Sagittarius,Red,Gardening,04/03/2023 16:00,21.73346495171429,71.12023691308572,45.73569925358292,0,4,22.0,1,749.4294780350347,Winter,Colombia,770.2880432712094,0
REC01506,Isabel Smith,3057095386.0,Virgo,Green,Hiking,04/03/2023 17:00,17.573199460182927,63.63175902832927,,0,4,17.0,7,855.2699778461533,,Colombia,847.8889368743539,0
REC01507,Marta Torres,3736632112.0,Cancer,Blue,Sports,04/03/2023 18:00,18.249069986114993,64.84832597500699,52.25078701859838,0,3,19.0,9,804.8454707964881,Fall,Colombia,812.5054550861573,0
REC01508,Carmen Garcia,3509278450.0,Pisces,Gray,Photography,04/03/2023 19:00,26.129943800324078,79.03389884058333,,0,0,6.0,8,846.0243083669467,Summer,Colombia,837.3429386232832,0
REC01509,Elena Lopez,3765496611.0,Pisces,Black,Gardening,04/03/2023 20:00,11.678450241472817,53.02121043465107,,0,5,2.0,5,855.2801298805264,Spring,Colombia,856.1372548337331,0
REC01510,Sofia Johnson,3086592463.0,Aquarius,Orange,Dancing,04/03/2023 21:00,35.561560594215464,96.01080906958784,19.881493077687885,0,0,17.0,4,1141.4019079270133,Spring,Colombia,1139.9164341232104,1
REC01511,Isabel Anderson,3649414425.0,Taurus,Pink,Photography,04/03/2023 22:00,5.431311445644029,41.77636060215925,33.73536638392158,0,0,9.0,12,1190.8564438561855,Winter,Colombia,1209.0883113879083,1
REC01512,Lucia Thomas,3301119292.0,Capricorn,Pink,Dancing,04/03/2023 23:00,15.218658533961143,59.39358536113006,57.33762174338575,1,3,6.0,7,902.251116223664,Summer,Colombia,882.4498916093368,0
REC01513,Marta Johnson,3386581163.0,Gemini,Red,Sports,05/03/2023 00:00,22.96169511953393,73.33105121516107,61.236626499522636,0,0,16.0,5,832.8876741242666,Spring,Colombia,856.0102214672872,0
REC01514,Richard Sanchez,3079943043.0,Leo,Red,Reading,05/03/2023 01:00,24.67451333148248,76.41412399666847,54.46021844762717,0,5,13.0,7,,Summer,Colombia,912.8922555890625,1
REC01515,William Torres,3824990283.0,Sagittarius,Red,Reading,05/03/2023 02:00,19.196194235426358,66.55314962376744,36.30845551923602,0,2,23.0,12,783.7185984430507,Winter,Colombia,776.371391460101,0
REC01516,Isabel Torres,3663741648.0,Libra,Red,Cooking,05/03/2023 03:00,19.54087437598766,67.1735738767778,47.73162236792242,0,4,2.0,1,799.366443461675,Winter,Colombia,767.3095585181156,0
REC01517,Maria Rodriguez,3601124153.0,Aquarius,Pink,Reading,05/03/2023 04:00,23.284400682620934,73.91192122871769,65.8681399085609,0,2,11.0,1,868.17859337141,Winter,Colombia,875.2304553126982,0
REC01518,Ana Anderson,3145220200.0,Pisces,Red,Photography,05/03/2023 05:00,18.151444180338558,64.67259952460941,68.72672655942544,1,0,12.0,10,1013.8625372907717,Fall,Colombia,999.8430908366923,1
REC01519,James Smith,3934328299.0,Aquarius,Purple,Gardening,05/03/2023 06:00,31.145450063479245,88.06181011426264,59.756653236060885,0,2,1.0,3,961.0257786100764,,Colombia,939.5589750728054,1
REC01520,Robert Gonzalez,3428264286.0,Gemini,White,Music,05/03/2023 07:00,26.71479291385282,80.08662724493507,,1,5,2.0,11,977.9204412790758,Fall,Colombia,961.6267525331945,1
REC01521,Sofia Martinez,3195606606.0,Cancer,Pink,Reading,05/03/2023 08:00,26.98259480804508,80.56867065448114,65.96095535188851,0,5,4.0,2,,Winter,Colombia,803.8351615813141,0
REC01522,Thomas Moore,3331478003.0,Pisces,Pink,Music,05/03/2023 09:00,12.270746213036663,54.08734318346599,48.78816519062681,0,0,10.0,2,902.0630716637615,Winter,Colombia,923.884006007643,1
REC01523,Laura Gonzalez,3034342881.0,Aquarius,Yellow,Sports,05/03/2023 10:00,19.364892604754377,66.85680668855788,,0,3,7.0,7,757.8222781733396,Summer,Colombia,801.9732294867666,0
REC01524,Joseph Thomas,3384700543.0,Taurus,Pink,Gaming,05/03/2023 11:00,17.59627241023437,63.673290338421864,38.95700764188218,0,2,22.0,12,769.2250638292503,Winter,Colombia,774.4818738184981,0
REC01525,Marta Anderson,3724627868.0,Scorpio,White,Photography,05/03/2023 12:00,11.955188994484274,53.519340190071695,58.37791514412875,0,3,22.0,10,902.3605501899348,Fall,Colombia,878.7988028186912,0
REC01526,David Ramirez,3625182856.0,Virgo,Black,Dancing,05/03/2023 13:00,22.881313471566134,73.18636424881905,76.68150928832009,0,3,11.0,2,783.640560554606,Winter,Colombia,806.1238802498448,0
REC01527,Maria Wilson,3980206925.0,Gemini,Pink,Travel,05/03/2023 14:00,15.698833937761467,60.25790108797064,70.27935127066452,0,1,6.0,11,844.8373856480639,Fall,Colombia,830.8331886976886,0
REC01528,Marta Anderson,3755128867.0,Leo,Purple,Cooking,05/03/2023 15:00,25.243230638801897,77.43781514984342,81.03013988878683,0,0,14.0,4,914.461920651795,Spring,Colombia,933.4649712528325,1
REC01529,Paula Taylor,3851450243.0,Leo,Pink,Reading,05/03/2023 16:00,11.438467496845346,52.58924149432163,55.456721343015104,0,4,23.0,2,868.1854549407786,Winter,Colombia,866.0640034130419,0
REC01530,Michael Sanchez,3170791482.0,Pisces,Black,Gaming,05/03/2023 17:00,33.75232490273457,92.75418482492223,80.19149691771386,0,5,16.0,6,,Summer,Colombia,1108.782789683465,1
REC01531,James Ramirez,3749952229.0,Aries,Yellow,Gardening,05/03/2023 18:00,12.829338731263505,55.09280971627431,57.10043660328045,1,5,3.0,8,984.0395156678353,Summer,Colombia,997.2294244046038,1
REC01532,Laura Davis,3397576612.0,Leo,Gray,Cooking,05/03/2023 19:00,21.754418697603487,71.15795365568627,82.0737762385484,0,0,21.0,10,856.5102998365988,,Colombia,853.1006062226605,0
REC01533,Maria Gonzalez,3853843067.0,Virgo,Green,Reading,05/03/2023 20:00,26.334874483104542,79.40277406958818,59.67214878836815,0,6,12.0,4,842.1665328521698,Spring,Colombia,850.4683595866763,0
REC01534,Isabel Miller,3789617751.0,Capricorn,Black,Travel,05/03/2023 21:00,15.434876558399097,59.78277780511837,70.60847060706415,0,6,17.0,5,888.6121117377065,,Colombia,874.509138558943,0
REC01535,Marta Wilson,3320311120.0,Capricorn,Pink,Hiking,05/03/2023 22:00,26.819749147463604,80.27554846543448,,0,6,0.0,4,885.7950439139695,Spring,Colombia,881.0887005442768,0
REC01536,Joseph Johnson,3247206028.0,Aquarius,Green,Travel,05/03/2023 23:00,10.16653121759667,50.29975619167401,57.098585571281916,0,4,15.0,3,992.0935603051827,,Colombia,990.9634068165973,1
REC01537,Richard Moore,3040044435.0,Aquarius,Red,Sports,06/03/2023 00:00,31.61694159346048,88.91049486822887,63.27583481316261,0,5,12.0,5,984.5253145065642,Spring,Colombia,953.3583153037247,1
REC01538,Maria Martinez,3822251280.0,Aquarius,Blue,Gaming,06/03/2023 01:00,20.113194119726067,68.20374941550692,79.33295137809453,0,0,9.0,9,,Fall,Colombia,870.0628197354617,0
REC01539,Sofia Gonzalez,3384466994.0,Taurus,Gray,Hiking,06/03/2023 02:00,15.228708736248963,59.41167572524814,58.00495254104904,0,5,11.0,8,931.1142472064205,Summer,Colombia,944.9212845289462,1
REC01540,Ana Brown,3415751130.0,Gemini,Black,Dancing,06/03/2023 03:00,17.606545820580525,63.691782477044946,40.186615762407584,0,3,1.0,8,811.5421263942957,Summer,Colombia,813.2594044102509,0
REC01541,Laura Martinez,3248474528.0,Capricorn,Green,Gaming,06/03/2023 04:00,26.471354155141753,79.64843747925515,92.14510581877364,0,2,22.0,8,820.0554190685419,Summer,Colombia,821.5733947701351,0
REC01542,John Lopez,3648705428.0,Leo,White,Gardening,06/03/2023 05:00,15.324357665196494,59.58384379735369,52.95353303494295,0,2,2.0,12,813.873748462443,Winter,Colombia,812.2673570099388,0
REC01543,Charles Wilson,3027460944.0,Gemini,Orange,Hiking,06/03/2023 06:00,14.00513848461778,57.209249272312,62.38134076406314,0,5,9.0,8,1025.1942551212899,Summer,Colombia,974.70406958914,1
REC01544,Paula Hernandez,3545626773.0,Leo,White,Music,06/03/2023 07:00,18.227707219330096,64.80987299479418,77.3401000417669,0,1,1.0,7,848.5270720392643,Summer,Colombia,841.1100341850444,0
REC01545,Marta Gonzalez,3680439448.0,Leo,Gray,Hiking,06/03/2023 08:00,10.584303097840255,51.05174557611246,50.87259144403197,0,4,22.0,8,917.8660355632885,Summer,Colombia,958.584086965384,1
REC01546,Marta Lopez,3201064386.0,Scorpio,Pink,Sports,06/03/2023 09:00,34.564351263534526,94.21583227436216,44.88198130166805,0,6,12.0,11,1171.5810154984651,Fall,Colombia,1182.4369949328045,1
REC01547,Charles Sanchez,3982118106.0,Capricorn,White,Cooking,06/03/2023 10:00,15.468843270282214,59.84391788650798,63.806059451622495,0,4,12.0,8,815.7041457263451,Summer,Colombia,854.3515874762613,0
REC01548,Paula Miller,3230633178.0,Sagittarius,Black,Dancing,06/03/2023 11:00,26.65293428944323,79.97528172099781,33.10385403131416,0,4,17.0,8,901.7734896223268,Summer,Colombia,908.3694547632435,1
REC01549,Ana Miller,3101212525.0,Scorpio,Yellow,Dancing,06/03/2023 12:00,21.675760669182182,71.01636920452793,55.6814088469812,0,3,2.0,12,761.3491467088977,,Colombia,801.0953513034262,0
REC01550,Maria Miller,3830303115.0,Pisces,Blue,Music,06/03/2023 13:00,12.123727596144256,53.82270967305966,63.675579964731085,0,4,6.0,10,897.6046636908185,Fall,Colombia,915.0364731121871,1
REC01551,David Ramirez,3200005518.0,Gemini,White,Reading,06/03/2023 14:00,19.952362326298164,67.9142521873367,55.950721547622535,0,2,13.0,7,879.9457291999273,Summer,Colombia,910.3601597926097,1
REC01552,William Moore,3739871717.0,Aries,Blue,Reading,06/03/2023 15:00,26.272022234485984,79.28964002207476,36.84823585221379,0,3,19.0,12,,Winter,Colombia,953.7409198365549,1
REC01553,Sofia Miller,3987835221.0,Gemini,Black,Cooking,06/03/2023 16:00,18.493909319309548,65.2890367747572,83.91266934306017,0,0,16.0,1,796.6378767284299,Winter,Colombia,796.6270894758524,0
REC01554,Isabel Rodriguez,3792472963.0,Aries,Red,Cooking,06/03/2023 17:00,29.544903566808223,85.1808264202548,61.55307230923763,0,4,20.0,4,1001.676821055519,Spring,Colombia,995.6175749055444,1
REC01555,Maria Davis,3377978924.0,Aquarius,Green,Hiking,06/03/2023 18:00,28.17212314225491,82.70982165605884,81.46728176642611,0,4,11.0,4,,Spring,Colombia,979.6459287849832,1
REC01556,Joseph Martinez,3415064332.0,Sagittarius,Gray,Gaming,06/03/2023 19:00,27.351318837266636,81.23237390707995,56.09945624729333,1,0,15.0,5,1027.931291172424,,Colombia,1055.8172461765123,1
REC01557,William Torres,3914572598.0,Pisces,Black,Travel,06/03/2023 20:00,16.322745821816024,61.380942479268846,46.79982027463854,0,4,23.0,10,805.3843742860552,Fall,Colombia,795.1139469009605,0
REC01558,Thomas Rodriguez,3701285023.0,Gemini,Purple,Gaming,06/03/2023 21:00,11.361260417748104,52.45026875194659,64.0377138038274,0,0,11.0,6,,,Colombia,1078.506100985683,1
REC01559,Charles Davis,3452901882.0,Scorpio,Orange,Hiking,06/03/2023 22:00,15.091299157097644,59.16433848277576,,0,3,14.0,4,843.2438850265517,Spring,Colombia,835.0596334544207,0
REC01560,William Moore,3996816149.0,Virgo,Purple,Photography,06/03/2023 23:00,21.569927525333764,70.82586954560077,42.33357813012963,0,2,9.0,2,801.8509787992075,,Colombia,810.3694707855589,0
REC01561,John Perez,3064789336.0,Gemini,Purple,Photography,07/03/2023 00:00,24.366293708258844,75.85932867486592,82.04676388181244,0,0,6.0,6,809.3792408485252,Summer,Colombia,837.9405843706342,0
REC01562,Maria Ramirez,3095243830.0,Sagittarius,Blue,Hiking,07/03/2023 01:00,,36.72937177144956,50.66594665659006,0,1,19.0,8,1369.2201299167882,Summer,Colombia,1387.3814693319875,1
REC01563,Robert Moore,3907131024.0,Scorpio,White,Hiking,07/03/2023 02:00,19.935094387106,67.8831698967908,32.396004228066474,0,0,4.0,8,,Summer,Colombia,766.5585250797109,0
REC01564,Richard Perez,3591763397.0,Gemini,Black,Dancing,07/03/2023 03:00,21.264713802585476,70.27648484465385,79.92249080936,0,4,0.0,7,813.2284774137831,Summer,Colombia,791.7661168777956,0
REC01565,Lucia Moore,3500564202.0,Libra,Pink,Gaming,07/03/2023 04:00,17.779645949475587,64.00336270905606,52.43552976281065,0,6,16.0,6,905.7040285795875,Summer,Colombia,900.4867050851481,1
REC01566,Paula Moore,3562895538.0,Leo,Gray,Gardening,07/03/2023 05:00,30.33019071212703,86.59434328182866,50.88264161076563,0,6,2.0,2,975.3525198219836,Winter,Colombia,959.354774027864,1
REC01567,Ana Hernandez,3900086479.0,Taurus,Yellow,Sports,07/03/2023 06:00,23.374240594006967,74.07363306921255,33.519186194550386,0,3,12.0,7,867.8476600786998,Summer,Colombia,853.694095198155,0
REC01568,Robert Ramirez,3030477447.0,Scorpio,Purple,Gardening,07/03/2023 07:00,30.481535264647178,86.86676347636492,86.11412229895487,0,5,13.0,11,1047.5498761592507,Fall,Colombia,1037.4191883315325,1
REC01569,Laura Perez,3989320636.0,Aries,Orange,Dancing,07/03/2023 08:00,18.272315837198143,64.89016850695666,40.657791191854685,0,3,23.0,12,802.2085865535531,Winter,Colombia,815.3780584587782,0
REC01570,Maria Lopez,3975047008.0,Cancer,White,Cooking,07/03/2023 09:00,27.4998199400554,81.49967589209972,60.87674221058475,0,5,17.0,5,979.0669703648537,Spring,Colombia,975.5885001253506,1
REC01571,Isabel Davis,3706422153.0,Aquarius,Green,Travel,07/03/2023 10:00,33.080531156220154,91.54495608119628,73.68930483810661,0,6,3.0,6,1091.341642478241,Summer,Colombia,1108.3091985558838,1
REC01572,John Rodriguez,3693720033.0,Aquarius,Black,Travel,07/03/2023 11:00,30.493547594181287,86.88838566952631,,0,6,17.0,10,1027.8005131263983,Fall,Colombia,1027.4519340672362,1
REC01573,Michael Rodriguez,3141144338.0,Pisces,Red,Sports,07/03/2023 12:00,11.262867252570135,52.27316105462624,59.10518532011712,0,0,4.0,8,932.7928126057876,,Colombia,926.1755419844494,1
REC01574,David Anderson,3610360703.0,Cancer,Orange,Travel,07/03/2023 13:00,75.0,64.34706448338972,34.47501212568876,0,2,15.0,8,898.3178644616421,Summer,Colombia,864.742188313905,0
REC01575,Thomas Torres,3583717773.0,Capricorn,Blue,Dancing,07/03/2023 14:00,17.23868235640163,63.02962824152293,47.85412746349074,0,1,0.0,3,804.8078954718903,Spring,Colombia,831.002534959243,0
REC01576,Elena Perez,3299588930.0,Leo,Gray,Cooking,07/03/2023 15:00,,75.04526530509912,62.81700507063783,0,3,20.0,12,884.816498143589,Winter,Colombia,875.1863455237628,0
REC01577,Richard Rodriguez,3299691190.0,Cancer,Purple,Hiking,07/03/2023 16:00,,77.88349119220928,48.19238895019505,0,4,13.0,12,924.8241879777647,Winter,Colombia,895.1994561452929,1
REC01578,Richard Anderson,3868195900.0,Aries,Pink,Music,07/03/2023 17:00,13.28885860779411,55.9199454940294,63.05039189998151,0,5,14.0,7,980.6011683291343,Summer,Colombia,965.4242130123585,1
REC01579,Joseph Ramirez,3395076023.0,Libra,Red,Photography,07/03/2023 18:00,20.5427081113355,68.9768746004039,70.22615113222713,0,4,8.0,1,927.7453542118666,Winter,Colombia,911.0864453553658,1
REC01580,William Rodriguez,3188994622.0,Capricorn,Yellow,Gardening,07/03/2023 19:00,3.840581342750909,38.91304641695164,74.43754328700152,0,2,14.0,1,1193.1419972623944,Winter,Colombia,1181.388099225038,1
REC01581,Marta Wilson,3642463592.0,Aquarius,Purple,Hiking,07/03/2023 20:00,31.53556004641512,88.76400808354722,41.607309632809745,0,5,16.0,7,1075.9712542418042,Summer,Colombia,1050.004564446296,1
REC01582,Carmen Moore,3626767574.0,Taurus,Pink,Gaming,07/03/2023 21:00,15.901006074586451,60.62181093425561,92.94969082468431,0,3,23.0,10,775.905286100809,Fall,Colombia,797.6548494630564,0
REC01583,Laura Moore,3140968586.0,Capricorn,Blue,Gaming,07/03/2023 22:00,20.446911518755975,68.80444073376076,71.51219016831196,0,0,3.0,9,760.1422028795473,Fall,Colombia,787.8607361989523,0
REC01584,David Smith,3954268590.0,Gemini,Blue,Travel,07/03/2023 23:00,17.52280228809551,63.54104411857192,59.97428769496404,0,4,11.0,7,875.178728335905,,Colombia,875.3054111452101,0
REC01585,James Taylor,3817593989.0,Leo,White,Gaming,08/03/2023 00:00,,84.50279708019318,76.3430487461496,0,2,4.0,10,,Fall,Colombia,952.8619383200471,1
REC01586,Ana Torres,3425508897.0,Scorpio,Green,Dancing,08/03/2023 01:00,-2.7000515311790316,27.139907243877744,95.4811165799996,0,3,4.0,5,,Spring,Colombia,1568.4534515328216,1
REC01587,James Gonzalez,3114780864.0,Capricorn,Yellow,Sports,08/03/2023 02:00,19.86711726139273,67.76081107050692,,0,6,10.0,8,797.9071772543264,Summer,Colombia,773.4928733444175,0
REC01588,William Thomas,3849103832.0,Scorpio,Green,Hiking,08/03/2023 03:00,19.153449940018415,66.47620989203315,56.6210603626297,0,6,5.0,2,753.8061361813445,Winter,Colombia,762.473147283035,0
REC01589,Joseph Hernandez,3333525823.0,Taurus,Red,Music,08/03/2023 04:00,16.37090889926654,61.46763601867977,24.323525101900074,0,3,6.0,9,848.2000282009307,Fall,Colombia,855.6154401341408,0
REC01590,James Johnson,3789650908.0,Sagittarius,White,Reading,08/03/2023 05:00,33.80981236508506,92.85766225715311,62.88977298972037,0,3,23.0,6,975.0023699538735,Summer,Colombia,976.449319456887,1
REC01591,Elena Taylor,3299942998.0,Virgo,Blue,Cooking,08/03/2023 06:00,12.90136432915383,55.22245579247689,65.48091362887712,0,3,13.0,9,974.1234416571868,Fall,Colombia,973.0830286483945,1
REC01592,James Hernandez,3889187537.0,Sagittarius,Blue,Sports,08/03/2023 07:00,26.174369417885288,79.11386495219352,59.41256826835861,0,5,23.0,2,,Winter,Colombia,878.0334561885574,0
REC01593,James Taylor,3328540621.0,Cancer,Purple,Gaming,08/03/2023 08:00,22.85002230964867,73.1300401573676,50.181996435025354,0,3,10.0,3,,Spring,Colombia,914.8309840094436,1
REC01594,John Torres,3488978512.0,Gemini,Black,Reading,08/03/2023 09:00,30.092154020284127,86.16587723651142,29.25728225717512,0,4,12.0,12,991.3820646182977,Winter,Colombia,994.8345916784673,1
REC01595,Lucia Thomas,3742875457.0,Leo,Orange,Gardening,08/03/2023 10:00,14.662487321779956,58.39247717920392,65.60300525117653,0,2,1.0,8,779.1412114938793,Summer,Colombia,760.2773454243234,0
REC01596,Isabel Lopez,3388551070.0,Leo,Blue,Hiking,08/03/2023 11:00,14.136248807009927,57.44524785261787,81.83151725872987,0,5,6.0,1,877.7088282827046,,Colombia,868.7898727401986,0
REC01597,Elena Ramirez,3132319058.0,Cancer,Gray,Gaming,08/03/2023 12:00,28.768559259819188,83.78340666767454,51.134723163998515,0,3,19.0,10,1004.1783032835222,Fall,Colombia,1016.3175722009748,1
REC01598,James Garcia,3483970015.0,Libra,Orange,Dancing,08/03/2023 13:00,23.40257046664088,74.12462683995359,66.60089893534717,0,1,3.0,7,881.0573542473039,Summer,Colombia,854.3551008912219,0
REC01599,Lucia Anderson,3581642429.0,Scorpio,Purple,Gaming,08/03/2023 14:00,7.640501226585931,45.752902207854675,36.47783529869924,0,1,7.0,7,975.4630158330647,Summer,Colombia,1002.6281555555144,1
REC01600,Maria Anderson,3640335707.0,Leo,Gray,Hiking,08/03/2023 15:00,15.685559884293838,60.23400779172891,66.85819595538771,0,2,19.0,1,879.5487170700982,,Colombia,881.3920332865277,0
REC01601,Michael Martinez,3115164392.0,Sagittarius,Orange,Photography,08/03/2023 16:00,23.091061230784486,73.56391021541208,54.09926553383014,1,6,21.0,9,,Fall,Colombia,893.0185385474914,1
REC01602,Sofia Lopez,3095086983.0,Libra,Green,Travel,08/03/2023 17:00,26.702113772372712,80.06380479027088,48.56373074095629,0,0,20.0,8,870.1453728609242,Summer,Colombia,884.6068349591671,0
REC01603,Robert Taylor,3643887017.0,Libra,Orange,Gardening,08/03/2023 18:00,14.56615477445636,58.21907859402145,48.59454538175804,0,0,18.0,4,938.6966666852823,Spring,Colombia,932.5055537499392,1
REC01604,Michael Johnson,3939887784.0,Scorpio,White,Gardening,08/03/2023 19:00,-3.314047918535529,26.034713746636047,54.095826269504855,0,6,12.0,10,1628.2827450110308,Fall,Colombia,1617.41595307105,1
REC01605,Carmen Johnson,3461586170.0,Pisces,Blue,Hiking,08/03/2023 20:00,24.185785485896265,75.53441387461328,65.73649973538804,0,5,13.0,11,823.3180656180206,Fall,Colombia,840.5285429776453,0
REC01606,Elena Johnson,3711446695.0,Cancer,White,Dancing,08/03/2023 21:00,,50.42738206480675,40.31755198206723,0,5,9.0,5,947.3509485545366,Spring,Colombia,948.8005029464173,1
REC01607,James Smith,3152235238.0,Capricorn,Black,Gaming,08/03/2023 22:00,,38.95032130703728,54.043270026482205,0,5,10.0,2,1177.9469817992115,Winter,Colombia,1181.0770584033958,1
REC01608,Charles Rodriguez,3042423445.0,Virgo,Green,Reading,08/03/2023 23:00,,27.21450668022837,59.377923330012784,0,0,1.0,9,1564.940548589436,Fall,Colombia,1575.975305626082,1
REC01609,Maria Wilson,3483175063.0,Leo,Red,Dancing,09/03/2023 00:00,26.51184688158193,79.72132438684747,43.51441163202211,0,1,8.0,12,1006.099843694047,Winter,Colombia,960.0663466530315,1
REC01610,Lucia Moore,3225140261.0,Aries,Purple,Music,09/03/2023 01:00,21.02893960323973,69.85209128583152,86.94997802512526,0,0,16.0,12,,Winter,Colombia,844.1930048108621,0
REC01611,Isabel Sanchez,3963052929.0,Sagittarius,Blue,Dancing,09/03/2023 02:00,18.194748954301986,64.75054811774358,47.19756779907988,0,4,2.0,6,764.7570908657817,Summer,Colombia,744.658484984424,0
REC01612,Charles Torres,3278178172.0,Taurus,Red,Photography,09/03/2023 03:00,,88.00195082666377,49.958446295497644,0,3,23.0,3,1010.9630746188525,Spring,Colombia,1018.8190949564753,1
REC01613,Marta Miller,3582649640.0,Virgo,Red,Music,09/03/2023 04:00,25.09859746418458,77.17747543553224,45.32538075266253,0,5,5.0,12,884.6888905363774,,Colombia,906.421614314083,1
REC01614,Isabel Davis,3537741288.0,Scorpio,Purple,Dancing,09/03/2023 05:00,32.93040034177533,91.2747206151956,86.97720130707177,0,1,4.0,7,1026.999471395113,Summer,Colombia,1024.9431865320116,1
REC01615,Richard Rodriguez,3315157778.0,Gemini,Red,Photography,09/03/2023 06:00,8.858116222664028,47.94460920079525,68.29357842899222,1,2,4.0,9,1080.0520581805351,Fall,Colombia,1067.070190492785,1
REC01616,Richard Lopez,3024516200.0,Leo,Pink,Photography,09/03/2023 07:00,19.723595008368292,67.50247101506292,,0,2,21.0,3,,Spring,Colombia,820.7410247824341,0
REC01617,Maria Davis,3269423489.0,Libra,White,Photography,09/03/2023 08:00,7.066293000415886,44.7193274007486,76.59347338289953,0,3,14.0,2,1197.0414172511403,Winter,Colombia,1165.7961150380388,1
REC01618,William Anderson,3910683995.0,Cancer,Yellow,Sports,09/03/2023 09:00,18.16494134515626,64.69689442128127,63.01048041433317,0,1,22.0,7,843.1627203697683,Summer,Colombia,784.2577945710663,0
REC01619,Elena Moore,3342010719.0,Pisces,Yellow,Cooking,09/03/2023 10:00,18.01107316986658,64.41993170575985,63.858801316672526,0,0,16.0,7,,Summer,Colombia,802.6357536635086,0
REC01620,Joseph Miller,3929871933.0,Leo,Black,Hiking,09/03/2023 11:00,,77.02323637658822,54.83284186871321,0,0,8.0,4,899.6887872131778,Spring,Colombia,912.9506306896856,1
REC01621,John Moore,3456948239.0,Aries,Blue,Gardening,09/03/2023 12:00,20.364511049135185,68.65611988844333,48.7587601956454,0,4,2.0,11,841.2195119190023,Fall,Colombia,832.1620253831045,0
REC01622,Richard Miller,3621400925.0,Cancer,Black,Sports,09/03/2023 13:00,24.987257106239326,76.9770627912308,65.06649148581901,0,4,19.0,9,882.2300991748813,Fall,Colombia,887.5543581830111,0
REC01623,Paula Brown,3014184597.0,Libra,Blue,Cooking,09/03/2023 14:00,25.627521065111154,78.12953791720008,51.823691550066144,0,0,16.0,8,893.6974822181513,Summer,Colombia,875.1781596211067,0
REC01624,William Garcia,3194382989.0,Pisces,Yellow,Hiking,09/03/2023 15:00,37.23942941906513,99.03097295431724,87.25133444362658,0,2,9.0,1,1309.62875335476,Winter,Colombia,1335.5720392820745,1
REC01625,Thomas Torres,3261204083.0,Capricorn,Gray,Gardening,09/03/2023 16:00,17.477626757711004,63.4597281638798,40.960633421353435,0,5,2.0,1,878.0316811900506,Winter,Colombia,830.6649903420418,0
REC01626,Ana Ramirez,3866808631.0,Libra,Black,Music,09/03/2023 17:00,12.471818394668968,54.44927311040414,83.04235159282418,0,2,17.0,5,921.3938186436374,Spring,Colombia,904.2728567481271,1
REC01627,Marta Lopez,3120920128.0,Capricorn,White,Gaming,09/03/2023 18:00,,71.54360406055629,58.33021726803299,0,4,17.0,6,824.0971948861143,Summer,Colombia,857.7772752420376,0
REC01628,Charles Gonzalez,3008791468.0,Capricorn,White,Sports,09/03/2023 19:00,13.581759782883651,56.44716760919057,64.48628601031659,1,3,16.0,3,943.5418318996293,Spring,Colombia,957.7224099459287,1
REC01629,William Sanchez,3899271361.0,Cancer,Pink,Gardening,09/03/2023 20:00,31.855686147492285,89.34023506548611,72.49736649944151,0,0,23.0,9,1054.5931801815561,,Colombia,1038.2715592992774,1
REC01630,Robert Johnson,3427502421.0,Pisces,Yellow,Gardening,09/03/2023 21:00,17.73425568843814,63.921660239188654,50.546260574933456,1,4,2.0,12,920.7379342761774,Winter,Colombia,897.2110531527483,1
REC01631,Lucia Taylor,3168670637.0,Virgo,Black,Reading,09/03/2023 22:00,,59.85570030261454,72.96372577047954,0,4,2.0,10,787.8349704381346,Fall,Colombia,813.2797229827739,0
REC01632,Isabel Moore,3027536383.0,Leo,White,Music,09/03/2023 23:00,16.229474230791055,61.2130536154239,19.38684216928234,0,5,5.0,6,834.2708344669647,Summer,Colombia,820.0103174583057,0
REC01633,Michael Taylor,3266394784.0,Aries,Yellow,Sports,10/03/2023 00:00,25.747339387773128,78.34521089799163,49.20015700167092,0,0,12.0,4,862.2133755773441,Spring,Colombia,901.1601730305825,1
REC01634,John Gonzalez,3426635214.0,Scorpio,White,Photography,10/03/2023 01:00,18.73802413414812,65.72844344146662,46.13905788988402,0,5,23.0,12,836.3993597821903,Winter,Colombia,838.1860770916113,0
REC01635,Laura Gonzalez,3464191793.0,Pisces,Blue,Photography,10/03/2023 02:00,14.866665438956941,58.75999779012249,41.19740981442358,0,0,14.0,7,,Summer,Colombia,913.1703068264076,1
REC01636,Paula Johnson,3217548136.0,Libra,Purple,Cooking,10/03/2023 03:00,33.32281534098825,91.98106761377885,56.77567742881573,0,5,8.0,8,1098.9594271613362,Summer,Colombia,1109.9897417633958,1
REC01637,Lucia Garcia,3273579285.0,Leo,Green,Gardening,10/03/2023 04:00,13.150641274706,55.6711542944708,65.78624952272543,1,2,3.0,9,970.7788524276411,,Colombia,1000.9172984104014,1
REC01638,Elena Perez,3045993255.0,Capricorn,Gray,Music,10/03/2023 05:00,20.28452859226395,68.51215146607511,70.53989997748958,0,3,13.0,11,869.0752208549393,Fall,Colombia,866.1509249273881,0
REC01639,Ana Anderson,3840582694.0,Capricorn,Yellow,Dancing,10/03/2023 06:00,25.218449212881843,77.39320858318732,63.613151358006114,0,3,4.0,6,,Summer,Colombia,823.7843328296992,0
REC01640,Joseph Sanchez,3604701544.0,Libra,Pink,Travel,10/03/2023 07:00,6.949319116663414,44.508774409994146,50.0145980265968,0,0,1.0,6,1063.0828482698878,Summer,Colombia,1050.491680948571,1
REC01641,Robert Anderson,3068985000.0,Capricorn,Black,Sports,10/03/2023 08:00,23.8420840112474,74.91575122024533,65.53524656737751,0,1,10.0,8,848.5069701261384,Summer,Colombia,866.2134987704997,0
REC01642,Michael Taylor,3235492810.0,Gemini,Pink,Dancing,10/03/2023 09:00,11.559138596156405,52.80644947308153,61.86428542276276,0,6,8.0,12,961.6299277922507,Winter,Colombia,977.0826655853127,1
REC01643,Thomas Gonzalez,3688170563.0,Scorpio,Gray,Reading,10/03/2023 10:00,26.58226224667202,79.84807204400964,74.04084251904024,0,4,23.0,5,809.8883134195551,,Colombia,850.3083598370799,0
REC01644,William Thomas,3650658822.0,Leo,Gray,Gardening,10/03/2023 11:00,12.29879190464819,54.137825428366746,71.65405054397274,0,4,2.0,3,876.7454359560327,Spring,Colombia,873.346541735003,0
REC01645,William Garcia,3187031124.0,Taurus,Gray,Gaming,10/03/2023 12:00,25.542152254790885,77.97587405862359,60.457146208809434,1,0,8.0,12,1071.605371034752,Winter,Colombia,1074.8234698002839,1
REC01646,Joseph Brown,3067878019.0,Taurus,Gray,Reading,10/03/2023 13:00,28.8466645303577,83.92399615464386,46.54120490758115,0,5,2.0,3,931.2169358241163,Spring,Colombia,954.9846292389177,1
REC01647,Paula Sanchez,3165861963.0,Cancer,White,Cooking,10/03/2023 14:00,26.89149220506244,80.40468596911239,,0,1,1.0,6,844.6909449169909,Summer,Colombia,840.8149706416491,0
REC01648,Ana Hernandez,3311270137.0,Libra,Orange,Music,10/03/2023 15:00,22.01053318590482,71.61895973462867,,0,2,11.0,2,899.4424113080076,Winter,Colombia,878.9010052951248,0
REC01649,Maria Taylor,3753548218.0,Capricorn,Black,Photography,10/03/2023 16:00,18.149592456562406,64.66926642181232,55.27100499125616,0,5,9.0,6,855.5586558730442,Summer,Colombia,859.8700147414232,0
REC01650,Ana Sanchez,3228458192.0,Cancer,Black,Photography,10/03/2023 17:00,15.388643389321249,59.69955810077825,64.0207564138463,1,5,8.0,6,1002.9223006931192,Summer,Colombia,997.5589616966797,1
REC01651,Michael Gonzalez,3674362078.0,Sagittarius,Green,Gaming,10/03/2023 18:00,,89.1828995477663,,0,0,14.0,8,1068.698411886695,,Colombia,1063.2321868949919,1
REC01652,John Anderson,3926958844.0,Taurus,Purple,Hiking,10/03/2023 19:00,14.404038238658854,57.92726882958594,59.23321960476933,0,0,7.0,7,870.4712913274187,Summer,Colombia,894.5578878709979,1
REC01653,David Lopez,3624761241.0,Virgo,Blue,Hiking,10/03/2023 20:00,11.703471411440031,53.066248540592056,60.241871818507086,0,4,4.0,8,958.205110131399,Summer,Colombia,917.0733937172471,1
REC01654,Sofia Taylor,3984433182.0,Cancer,Green,Gardening,10/03/2023 21:00,25.32295148026264,77.58131266447275,62.14959457500006,0,0,10.0,9,880.6001741608281,Fall,Colombia,890.0171707632738,0
REC01655,Carmen Martinez,3668918114.0,Virgo,Blue,Photography,10/03/2023 22:00,13.630905574508038,56.53563003411447,52.2614203030149,0,0,1.0,6,915.6579928177753,Summer,Colombia,902.5356687805698,1
REC01656,Joseph Perez,3616960712.0,Capricorn,Orange,Cooking,10/03/2023 23:00,12.399492020270984,54.31908563648777,46.11911613535566,0,0,23.0,3,911.3672895129827,Spring,Colombia,895.9829839684016,1
REC01657,Charles Moore,3958492612.0,Sagittarius,Yellow,Photography,11/03/2023 00:00,,47.212098624755384,33.668431540339355,0,4,14.0,10,1052.1305941432995,Fall,Colombia,1054.9224966856145,1
REC01658,Elena Johnson,3699571763.0,Capricorn,Gray,Reading,11/03/2023 01:00,,61.046098311768546,49.57275962884691,0,2,5.0,3,847.0841882532245,Spring,Colombia,834.9482877520318,0
REC01659,Ana Perez,3113667439.0,Pisces,Orange,Music,11/03/2023 02:00,,66.8089036558905,67.09718179901681,0,2,7.0,11,801.8288339187801,Fall,Colombia,796.9124494824523,0
REC01660,Elena Lopez,3725647943.0,Sagittarius,Orange,Sports,11/03/2023 03:00,21.944733821285592,71.50052087831406,49.45632842940649,0,6,4.0,12,777.6892690287486,Winter,Colombia,806.0420641732968,0
REC01661,Carmen Miller,3837206526.0,Sagittarius,Orange,Photography,11/03/2023 04:00,27.610449954395868,81.69880991791257,,0,6,15.0,1,,,Colombia,913.4106392120711,1
REC01662,Elena Lopez,3807393812.0,Sagittarius,Orange,Dancing,11/03/2023 05:00,24.21518338932635,75.58733010078743,66.99646931118475,0,0,17.0,11,,Fall,Colombia,846.604967723524,0
REC01663,William Hernandez,3901110287.0,Gemini,Orange,Travel,11/03/2023 06:00,18.47302224357456,65.25144003843421,67.81034244634003,0,6,5.0,5,754.319775316707,Spring,Colombia,763.5546761436295,0
REC01664,Paula Rodriguez,3314647474.0,Pisces,Pink,Dancing,11/03/2023 07:00,18.41443458896224,65.14598226013203,43.807007217509415,0,4,4.0,4,722.0116314804031,Spring,Colombia,748.0916950371359,0
REC01665,Ana Gonzalez,3322674191.0,Aquarius,Blue,Gardening,11/03/2023 08:00,,75.34626755237863,74.95589034680462,0,2,15.0,9,862.3250016161733,Fall,Colombia,839.7963272812526,0
REC01666,Paula Lopez,3291898542.0,Sagittarius,Pink,Reading,11/03/2023 09:00,30.180561303428554,86.3250103461714,76.91025134033228,0,5,12.0,9,1030.5349143928916,Fall,Colombia,998.4950613006233,1
REC01667,John Ramirez,3098921271.0,Gemini,Orange,Sports,11/03/2023 10:00,21.0105135958656,69.81892447255808,,0,2,4.0,5,825.2164694089374,Spring,Colombia,805.6564098889693,0
REC01668,Michael Smith,3497389467.0,Capricorn,Gray,Gaming,11/03/2023 11:00,16.24695316631673,61.24451569937011,47.64244695538269,0,2,12.0,10,885.6867627607674,Fall,Colombia,860.2761782778244,0
REC01669,Richard Johnson,3729689937.0,Gemini,Red,Travel,11/03/2023 12:00,12.057071991315636,53.70272958436814,,0,4,16.0,4,843.5143216814564,Spring,Colombia,850.4070184216196,0
REC01670,John Taylor,3858746957.0,Leo,Black,Photography,11/03/2023 13:00,8.438357884702196,47.18904419246395,57.79719718117049,0,6,17.0,7,1100.7656702141148,Summer,Colombia,1113.4908069138355,1
REC01671,Charles Rodriguez,3759534007.0,Virgo,Blue,Dancing,11/03/2023 14:00,25.330157376348186,77.59428327742674,26.70333078822224,0,5,7.0,6,870.5033304643395,Summer,Colombia,886.0750714005737,0
REC01672,Richard Moore,3381196015.0,Sagittarius,Gray,Cooking,11/03/2023 15:00,,76.32289074040963,39.00477742900971,0,4,12.0,4,912.7813731915315,Spring,Colombia,899.9000747323871,1
REC01673,Joseph Thomas,3186448420.0,Aries,Black,Gardening,11/03/2023 16:00,24.61890820085329,76.31403476153592,56.25945562241278,0,0,18.0,10,962.8423574168784,Fall,Colombia,958.3010963539954,1
REC01674,Isabel Davis,3915754215.0,Scorpio,Orange,Cooking,11/03/2023 17:00,18.97072442918355,66.1473039725304,42.554360245730976,0,3,2.0,2,760.9501133697024,Winter,Colombia,762.4945476016709,0
REC01675,John Torres,3599853455.0,Cancer,Pink,Music,11/03/2023 18:00,31.255477967134006,88.25986034084121,53.79864344045338,0,2,23.0,1,1091.4366521119057,Winter,Colombia,1065.5336812279988,1
REC01676,Maria Ramirez,3306310356.0,Capricorn,Pink,Sports,11/03/2023 19:00,,61.02869367797863,60.48594320525368,0,3,7.0,4,791.9898528189957,Spring,Colombia,783.8910257426888,0
REC01677,William Smith,3711795904.0,Libra,Red,Gardening,11/03/2023 20:00,27.642153897657643,81.75587701578375,81.93381906052093,0,4,1.0,4,880.3801385544684,Spring,Colombia,897.1532913048801,1
REC01678,Isabel Anderson,3461758011.0,Virgo,Purple,Gardening,11/03/2023 21:00,19.690056840083656,67.44210231215058,55.643191256583165,0,4,7.0,1,735.5724275554863,Winter,Colombia,749.1906041382002,0
REC01679,Isabel Hernandez,3406297276.0,Virgo,Orange,Music,11/03/2023 22:00,15.1331938825653,59.239748988617535,76.08812699359139,0,4,12.0,6,899.7563324839073,Summer,Colombia,886.1164664988244,0
REC01680,Thomas Johnson,3263472394.0,Libra,Gray,Reading,11/03/2023 23:00,24.74024245854209,76.53243642537576,81.43140243055156,0,3,12.0,4,919.9861648216753,Spring,Colombia,899.1515077685833,1
REC01681,Paula Thomas,3730083453.0,Cancer,Green,Gaming,12/03/2023 00:00,23.27708894947195,73.8987601090495,,0,4,0.0,1,,Winter,Colombia,809.9213547287445,0
REC01682,Elena Garcia,3691590858.0,Virgo,White,Travel,12/03/2023 01:00,22.85578207413541,73.14040773344374,64.27131890078353,0,0,5.0,1,878.7261096034769,Winter,Colombia,840.7883346460352,0
REC01683,Lucia Wilson,3657111873.0,Gemini,Green,Gardening,12/03/2023 02:00,20.65022737644959,69.17040927760925,30.550662782415387,0,4,23.0,1,837.2949147557454,Winter,Colombia,804.594771441117,0
REC01684,Thomas Martinez,3564862333.0,Leo,Pink,Gaming,12/03/2023 03:00,19.69685534626535,67.45433962327763,66.91237298105798,0,1,18.0,8,838.0619725835468,Summer,Colombia,829.2412558865315,0
REC01685,Charles Moore,3942430751.0,Taurus,Green,Cooking,12/03/2023 04:00,39.10697594296351,102.39255669733431,75.7259983172031,1,6,15.0,10,1458.170648625756,Fall,Colombia,1474.942261815386,1
REC01686,Michael Wilson,3301015541.0,Gemini,Blue,Hiking,12/03/2023 05:00,29.474053161569383,85.0532956908249,58.78399341846874,0,3,7.0,8,940.8733256323569,Summer,Colombia,967.0730758669922,1
REC01687,Michael Moore,3819985810.0,Sagittarius,Pink,Hiking,12/03/2023 06:00,,78.40870728779137,86.16875805112872,0,1,0.0,2,816.2606410384091,Winter,Colombia,824.0082759387034,0
REC01688,Richard Smith,3195996471.0,Virgo,Orange,Sports,12/03/2023 07:00,20.894393265627105,69.6099078781288,72.89750342201187,0,4,15.0,11,902.8802967181193,Fall,Colombia,887.8160277897962,0
REC01689,Charles Thomas,3211672324.0,Gemini,Orange,Gardening,12/03/2023 08:00,28.057257604773355,82.50306368859204,68.52410065729177,0,0,8.0,7,1032.8205134640332,Summer,Colombia,996.2875718777943,1
REC01690,Joseph Perez,3826098050.0,Taurus,Blue,Travel,12/03/2023 09:00,24.143958211131615,75.4591247800369,,0,2,12.0,8,817.3589706777785,,Colombia,809.0100299895626,0
REC01691,John Torres,3147453273.0,Leo,White,Gardening,12/03/2023 10:00,20.209638022192284,68.3773484399461,65.00054776891317,0,5,10.0,8,918.7574335271892,Summer,Colombia,895.3829776425645,1
REC01692,Ana Davis,3709691350.0,Capricorn,Black,Travel,12/03/2023 11:00,17.571485397872678,63.628673716170816,22.607842509069698,0,6,12.0,11,936.3572829731504,Fall,Colombia,941.2634326969064,1
REC01693,James Thomas,3874255453.0,Leo,Blue,Gaming,12/03/2023 12:00,,66.83479033765728,52.51291572794452,1,5,20.0,10,973.1641040439323,Fall,Colombia,960.7087215393813,1
REC01694,John Torres,3707328327.0,Aries,Black,Hiking,12/03/2023 13:00,-5.363405887024445,22.345869403355998,77.9575204087178,0,4,9.0,11,,Fall,Colombia,1838.9169046967122,1
REC01695,Joseph Moore,3939182179.0,Gemini,Yellow,Travel,12/03/2023 14:00,21.684806714381136,71.03265208588604,47.88612989852556,0,6,3.0,7,806.1461879549514,Summer,Colombia,845.7380734720019,0
REC01696,Elena Davis,3155881244.0,Libra,Pink,Music,12/03/2023 15:00,16.092191359117123,60.96594444641082,56.64791242144591,0,6,5.0,5,,Spring,Colombia,811.8871599534774,0
REC01697,James Moore,3727251404.0,Sagittarius,Red,Hiking,12/03/2023 16:00,32.74135998626307,90.93444797527353,,0,0,6.0,1,1069.7985980763906,Winter,Colombia,1050.8045903908333,1
REC01698,Ana Gonzalez,3699475258.0,Leo,White,Gardening,12/03/2023 17:00,20.154752566494036,68.27855461968926,86.75883892802653,0,6,4.0,12,752.9573080630616,Winter,Colombia,747.4679413503303,0
REC01699,Michael Garcia,3154449944.0,Cancer,Purple,Music,12/03/2023 18:00,10.488292643720305,50.87892675869655,85.22238686127022,0,3,10.0,9,967.3239654254572,Fall,Colombia,991.2542663884759,1
REC01700,Thomas Smith,3844093333.0,Gemini,White,Cooking,12/03/2023 19:00,,67.2817257805551,46.74196657288906,0,1,12.0,7,821.5608831697157,,Colombia,870.1633306842627,0
REC01701,Elena Smith,3427760109.0,Capricorn,Black,Gaming,12/03/2023 20:00,11.631031319499966,52.93585637509994,62.20947000583626,0,1,18.0,2,968.3903611738044,Winter,Colombia,975.7059760798445,1
REC01702,John Wilson,3030982496.0,Sagittarius,Yellow,Sports,12/03/2023 21:00,23.787259325699733,74.81706678625952,,0,1,22.0,6,862.7002748861752,Summer,Colombia,864.1319887440527,0
REC01703,Michael Miller,3924914532.0,Libra,Black,Photography,12/03/2023 22:00,22.327578914715883,72.18964204648859,69.22416958547068,0,3,9.0,2,809.455889284357,Winter,Colombia,827.1343482809239,0
REC01704,John Smith,3185727174.0,Pisces,Pink,Travel,12/03/2023 23:00,,81.79289068795906,67.64524615863493,1,5,9.0,1,1019.6332773300957,Winter,Colombia,1016.7715785895358,1
REC01705,Charles Garcia,3198214934.0,Libra,Black,Hiking,13/03/2023 00:00,13.672945666443477,56.611302199598256,72.17558357419898,0,0,10.0,7,995.9954535939767,Summer,Colombia,985.8677186493188,1
REC01706,Robert Anderson,3356064837.0,Scorpio,Gray,Travel,13/03/2023 01:00,20.272064769825175,68.48971658568531,,0,6,20.0,2,857.5116373224463,Winter,Colombia,844.0978939079216,0
REC01707,Charles Brown,3361694030.0,Capricorn,Orange,Travel,13/03/2023 02:00,9.079825636586918,48.34368614585645,100.0,0,3,6.0,2,939.7582851848632,Winter,Colombia,986.8766636835096,1
REC01708,Elena Hernandez,3955200590.0,Aries,Purple,Sports,13/03/2023 03:00,25.611958255397717,78.1015248597159,44.581143524838915,0,1,17.0,11,868.2750095653187,,Colombia,894.560711521481,1
REC01709,Michael Lopez,3106902951.0,Aquarius,Yellow,Hiking,13/03/2023 04:00,24.150969443520978,75.47174499833775,34.34094968345229,0,4,3.0,5,786.8861349622717,Spring,Colombia,792.9785879293664,0
REC01710,Laura Davis,3861887841.0,Cancer,Gray,Dancing,13/03/2023 05:00,23.966440168220565,75.13959230279701,54.10364698947808,0,2,1.0,5,,Spring,Colombia,888.5401398477826,0
REC01711,Richard Perez,3897180173.0,Leo,Black,Music,13/03/2023 06:00,20.01295225085553,68.02331405153996,36.48017601659599,0,6,13.0,7,838.6768754353799,Summer,Colombia,828.8921951643791,0
REC01712,Charles Wilson,3067516956.0,Leo,Purple,Photography,13/03/2023 07:00,23.318183126310327,73.97272962735859,37.61306594991011,1,3,12.0,1,930.8614868988521,Winter,Colombia,921.4240879413186,1
REC01713,Maria Anderson,3288044687.0,Aries,White,Travel,13/03/2023 08:00,32.83471286646877,91.10248315964378,44.980280187030495,0,3,11.0,8,1071.3968116155597,Summer,Colombia,1079.0651704549384,1
REC01714,Sofia Miller,3170576348.0,Gemini,Green,Hiking,13/03/2023 09:00,17.71924594366389,63.894642698595,46.16716641852559,0,0,6.0,3,721.1818497830199,Spring,Colombia,727.734518529219,0
REC01715,Charles Brown,3012601174.0,Taurus,Gray,Hiking,13/03/2023 10:00,21.109161469680675,69.99649064542521,,0,0,1.0,4,761.2272747809742,Spring,Colombia,775.793860149409,0
REC01716,David Davis,3512856073.0,Pisces,Green,Travel,13/03/2023 11:00,11.310989606548722,52.3597812917877,67.77328425668118,0,3,12.0,9,939.8870910742803,Fall,Colombia,924.5232085121634,1
REC01717,Ana Ramirez,3276454902.0,Libra,Blue,Cooking,13/03/2023 12:00,13.053912307213341,55.497042152984015,52.407164083719955,1,1,13.0,4,1028.6595708361249,Spring,Colombia,1047.0693465909164,1
REC01718,Paula Torres,3888632579.0,Leo,Green,Hiking,13/03/2023 13:00,20.78250634474646,69.40851142054362,57.3072813769128,0,2,16.0,10,840.9826325907492,Fall,Colombia,823.9819046869578,0
REC01719,Thomas Rodriguez,3833509899.0,Gemini,Gray,Gaming,13/03/2023 14:00,28.83146837361526,83.89664307250747,73.41349161751403,1,6,8.0,12,1106.6614726371565,Winter,Colombia,1102.5044078744036,1
REC01720,Isabel Brown,3849768161.0,Aquarius,Red,Photography,13/03/2023 15:00,17.94975340598742,64.30955613077735,48.505162128278606,0,0,16.0,5,911.34373679806,Spring,Colombia,912.2446263671632,1
REC01721,David Garcia,3978356995.0,Scorpio,Pink,Photography,13/03/2023 16:00,18.11266776550301,64.60280197790541,56.03181151942917,0,6,7.0,7,823.4558399010318,,Colombia,836.5900478965611,0
REC01722,Maria Rodriguez,3301069907.0,Aries,Blue,Gardening,13/03/2023 17:00,,62.140852479137,65.48639979139374,0,1,1.0,4,780.1669690330714,Spring,Colombia,807.2778062563539,0
REC01723,Marta Torres,3685299547.0,Aries,Green,Travel,13/03/2023 18:00,15.721946633245416,60.29950393984175,30.87648299069668,0,6,23.0,1,820.1441356538631,Winter,Colombia,833.097190781424,0
REC01724,Thomas Torres,3492399451.0,Virgo,Black,Photography,13/03/2023 19:00,22.359771645670573,72.24758896220703,24.226417365741263,1,4,12.0,9,890.7532483513062,Fall,Colombia,897.3533857238039,1
REC01725,Charles Johnson,3565603333.0,Aries,Gray,Cooking,13/03/2023 20:00,8.021938838570843,46.43948990942752,65.19175993196583,0,0,2.0,4,962.4792626479317,Spring,Colombia,1009.8597488795567,1
REC01726,Robert Hernandez,3181903245.0,Cancer,Yellow,Dancing,13/03/2023 21:00,30.247516613333822,86.44552990400088,67.38021420850347,0,1,15.0,9,969.1527532814625,Fall,Mexico,973.0998563881558,1
REC01727,Sofia Johnson,3330477302.0,Virgo,Black,Travel,13/03/2023 22:00,14.676621614964315,58.41791890693577,90.96330202278617,0,1,5.0,6,888.7677387518897,Summer,Colombia,870.2805913913696,0
REC01728,Thomas Hernandez,3636003362.0,Aries,White,Music,13/03/2023 23:00,25.77522788350513,78.39541019030924,62.37142313800215,0,2,18.0,1,1014.2843393380791,Winter,Colombia,1002.9399812294017,1
REC01729,Lucia Smith,3736852142.0,Sagittarius,Black,Travel,14/03/2023 00:00,9.840011220848993,49.71202019752819,72.29609575887142,0,2,6.0,12,964.9068059128338,Winter,Colombia,974.830923427664,1
REC01730,Paula Thomas,3505530809.0,Cancer,Gray,Dancing,14/03/2023 01:00,25.350721044369745,77.63129787986554,57.06791034621039,0,4,9.0,3,814.2384435521097,Spring,Colombia,813.2997175838052,0
REC01731,Marta Rodriguez,3417525312.0,Sagittarius,Red,Gardening,14/03/2023 02:00,25.375556862515978,77.67600235252876,64.4584083237763,0,1,8.0,11,867.772418268199,Fall,Colombia,878.8957096566389,0
REC01732,Joseph Miller,3843543698.0,Sagittarius,White,Reading,14/03/2023 03:00,23.073616576047172,73.53250983688491,85.00885262624301,0,5,1.0,2,822.04552996652,Winter,Colombia,819.0703152998061,0
REC01733,Sofia Gonzalez,3847173176.0,Virgo,Pink,Travel,14/03/2023 04:00,,53.68022928608299,28.140107728115467,0,1,14.0,9,979.2297096423074,Fall,Colombia,948.4275531674268,1
REC01734,Paula Taylor,3491080896.0,Libra,Green,Gaming,14/03/2023 05:00,21.996385516784617,71.5934939302123,,0,2,4.0,12,,Winter,Colombia,776.7458076730909,0
REC01735,Charles Miller,3828472332.0,Aries,Blue,Hiking,14/03/2023 06:00,10.535550522124888,50.9639909398248,92.03380095116049,0,5,21.0,1,954.5912616982081,Winter,Colombia,944.175375584353,1
REC01736,Richard Sanchez,3095901575.0,Leo,White,Sports,14/03/2023 07:00,17.977893959230517,64.36020912661493,64.23051328814014,0,0,3.0,9,746.5756375357247,Fall,Colombia,756.4333357833991,0
REC01737,Richard Smith,3669036049.0,Gemini,Green,Gaming,14/03/2023 08:00,28.235304807642606,82.82354865375669,84.75859444849272,0,0,19.0,9,928.9327868636663,Fall,Colombia,913.9340190047694,1
REC01738,Paula Johnson,3138004725.0,Capricorn,Yellow,Dancing,14/03/2023 09:00,26.373615416565936,79.47250774981869,50.561817757058364,0,6,3.0,8,,Summer,Colombia,886.766365881579,0
REC01739,Thomas Brown,3229589666.0,Capricorn,White,Cooking,14/03/2023 10:00,20.121463540323465,68.21863437258224,59.5192875875443,0,3,17.0,8,804.348531212431,Summer,Colombia,809.3956008522488,0
REC01740,Sofia Anderson,3583673686.0,Virgo,White,Music,14/03/2023 11:00,12.201547392617265,53.962785306711076,60.50287053582881,0,2,3.0,11,924.4264872205611,Fall,Colombia,912.7522588240821,1
REC01741,Thomas Smith,3250779761.0,Cancer,Blue,Dancing,14/03/2023 12:00,25.164701697393546,77.29646305530838,26.736133809618437,0,3,16.0,12,850.0410887293024,Winter,Colombia,835.2326644483474,0
REC01742,Michael Sanchez,3163832601.0,Sagittarius,Green,Sports,14/03/2023 13:00,20.155049901584203,68.27908982285156,42.477332582247,0,5,11.0,1,934.0267858639562,Winter,Colombia,920.6290960596414,1
REC01743,Robert Sanchez,3440811752.0,Libra,Pink,Dancing,14/03/2023 14:00,1.4374752141566134,34.5874553854819,,0,2,21.0,11,1291.7768065256068,Fall,Colombia,1285.8801927414129,1
REC01744,Ana Wilson,3542733989.0,Cancer,Blue,Hiking,14/03/2023 15:00,26.261038610532147,79.26986949895786,72.3309911704879,0,4,16.0,8,895.939744270046,Summer,Colombia,899.8542438517237,1
REC01745,Elena Moore,3765578195.0,Aquarius,Green,Sports,14/03/2023 16:00,19.806137329042464,67.65104719227644,73.08229658526082,0,1,9.0,10,874.0404239429322,,Colombia,863.2809045464024,0
REC01746,Laura Torres,3563606849.0,Virgo,Pink,Hiking,14/03/2023 17:00,29.619609983864578,85.31529797095624,,0,4,21.0,3,897.1341254507308,Spring,Colombia,916.1913462624568,1
REC01747,Joseph Ramirez,3577490457.0,Taurus,Yellow,Music,14/03/2023 18:00,11.237835849257563,52.228104528663614,72.36154345283559,0,5,0.0,11,904.0059740838211,Fall,Colombia,920.8995193496861,1
REC01748,Michael Thomas,3568428669.0,Gemini,Red,Photography,14/03/2023 19:00,-5.413630505568005,22.25546508997759,57.53775880917339,0,2,21.0,7,1793.0278857203161,Summer,Colombia,1791.7931921911102,1
REC01749,David Wilson,3074550584.0,Aquarius,Blue,Sports,14/03/2023 20:00,22.23267086676148,72.01880756017067,78.02897504309314,0,5,23.0,11,849.3657109532426,,Colombia,845.9017580990676,0
REC01750,Carmen Perez,3337375742.0,Libra,Green,Reading,14/03/2023 21:00,22.33250941345578,72.19851694422042,60.131826639481076,1,1,17.0,1,953.3084941134151,Winter,Colombia,989.820797684708,1
REC01751,Isabel Lopez,3323745251.0,Aquarius,Pink,Dancing,14/03/2023 22:00,6.474626979148384,43.65432856246709,,0,0,17.0,1,1126.6340820966545,Winter,Colombia,1117.5311544776641,1
REC01752,James Gonzalez,3653117720.0,Pisces,Pink,Gaming,14/03/2023 23:00,12.172003633067149,53.909606539520865,56.01611050106383,0,0,13.0,10,951.5055872777148,,Colombia,936.0510197193269,1
REC01753,John Garcia,3320471837.0,Cancer,White,Dancing,15/03/2023 00:00,42.04174194975921,107.67513550956659,70.26675716454642,0,5,14.0,5,1671.176219841338,,Colombia,1672.721924590664,1
REC01754,Isabel Rodriguez,3895130577.0,Pisces,White,Music,15/03/2023 01:00,17.55511508676957,63.59920715618523,53.6820177508063,0,3,11.0,5,944.4510817540641,Spring,Colombia,896.9617560883843,1
REC01755,Maria Gonzalez,3785790234.0,Capricorn,Green,Music,15/03/2023 02:00,25.84767181100973,78.5258092598175,74.64647065797102,0,2,3.0,8,800.7612500348043,Summer,Colombia,814.4199521611081,0
REC01756,Thomas Torres,3215530122.0,Libra,Black,Hiking,15/03/2023 03:00,14.79472138105293,58.630498485895274,43.0177628892599,0,2,2.0,7,837.4201715341859,Summer,Colombia,844.6419148019232,0
REC01757,Carmen Torres,3346803812.0,Sagittarius,Yellow,Music,15/03/2023 04:00,3.2775768091747466,37.89963825651454,43.51625617907709,0,0,19.0,8,1248.1520923859036,Summer,Colombia,1256.0534305084477,1
REC01758,Laura Ramirez,3508612999.0,Leo,Gray,Sports,15/03/2023 05:00,18.637934025632756,65.54828124613896,,0,6,11.0,6,845.8457139950488,Summer,Colombia,847.3694662208691,0
REC01759,Paula Ramirez,3994062717.0,Aries,Gray,Gaming,15/03/2023 06:00,17.875163517711158,64.17529433188008,58.67183678125481,0,4,6.0,6,751.018092547049,Summer,Colombia,757.5925888063748,0
REC01760,Maria Gonzalez,3867039447.0,Leo,Pink,Music,15/03/2023 07:00,16.80097409065303,62.24175336317545,,0,6,10.0,2,820.7375098854743,Winter,Colombia,848.8737207775717,0
REC01761,Carmen Lopez,3981813789.0,Virgo,Pink,Travel,15/03/2023 08:00,19.08287331594886,66.34917196870795,73.3508659871319,1,1,0.0,6,962.792947034925,Summer,Colombia,973.7239129596545,1
REC01762,Charles Hernandez,3287461981.0,Aquarius,Red,Travel,15/03/2023 09:00,22.114146173165093,71.80546311169716,50.89107878870873,0,4,5.0,5,827.9150591818014,,Colombia,829.867473097283,0
REC01763,William Perez,3501248115.0,Taurus,Orange,Hiking,15/03/2023 10:00,18.799064389969548,65.83831590194518,56.996981185494455,0,4,14.0,3,,,Colombia,752.5169131831003,0
REC01764,Joseph Hernandez,3377709052.0,Scorpio,Pink,Music,15/03/2023 11:00,9.88795065642109,49.79831118155796,80.9884192510674,0,5,14.0,6,1096.0941180578382,Summer,Colombia,1052.0492525903799,1
REC01765,Ana Davis,3780426739.0,Taurus,Black,Music,15/03/2023 12:00,23.88947833249551,75.00106099849192,83.08713518715976,1,0,18.0,8,1042.9867214218077,Summer,Colombia,1016.2772434647945,1
REC01766,William Johnson,3347789582.0,Sagittarius,Yellow,Reading,15/03/2023 13:00,4.405025957420614,39.929046723357104,83.5859731540549,0,6,10.0,9,,Fall,Colombia,1200.4334109108306,1
REC01767,Robert Garcia,3267437495.0,Taurus,Gray,Gaming,15/03/2023 14:00,3.597140341726398,38.474852615107515,55.76811334599133,0,6,22.0,1,1218.3550569923345,Winter,Colombia,1232.271249204858,1
REC01768,Lucia Brown,3910896418.0,Gemini,Yellow,Music,15/03/2023 15:00,25.913443957612543,78.64419912370258,78.46054357476706,0,0,1.0,3,814.8906891768613,Spring,Colombia,818.0772607270484,0
REC01769,Michael Rodriguez,3113953830.0,Scorpio,Blue,Reading,15/03/2023 16:00,24.056162177082854,75.30109191874914,45.765707583469826,0,6,13.0,3,891.5596265366138,Spring,Colombia,855.868448759542,0
REC01770,William Miller,3335528983.0,Aquarius,Pink,Hiking,15/03/2023 17:00,,67.17350674293388,46.39645687916909,0,0,1.0,11,856.9496192646267,Fall,Colombia,860.2581003082645,0
REC01771,Ana Miller,3853447431.0,Virgo,Black,Dancing,15/03/2023 18:00,8.836411961959424,47.905541531526964,24.743162210634587,0,5,3.0,8,949.5191954190869,Summer,Colombia,976.0693452298356,1
REC01772,Lucia Sanchez,3461059114.0,Aries,Green,Reading,15/03/2023 19:00,14.336712474607397,57.80608245429332,85.09302302847794,1,3,16.0,1,913.2964291756407,Winter,Colombia,923.3199719147015,1
REC01773,James Lopez,3841077075.0,Cancer,White,Travel,15/03/2023 20:00,17.898026018507966,64.21644683331434,47.04030226385883,0,4,2.0,5,819.236433053439,Spring,Colombia,804.0953130170507,0
REC01774,James Torres,3685138088.0,Leo,Pink,Travel,15/03/2023 21:00,7.232848251407093,45.019126852532764,58.1020113037941,0,5,12.0,3,1105.1555154787459,Spring,Colombia,1091.3567099408242,1
REC01775,Charles Rodriguez,3872806190.0,Aquarius,Pink,Sports,15/03/2023 22:00,14.087770735814136,57.35798732446544,46.34513487107574,0,2,8.0,2,946.3620917535488,Winter,Colombia,950.366425083382,1
REC01776,Elena Perez,3677398041.0,Gemini,Black,Reading,15/03/2023 23:00,25.218642705413437,77.39355686974419,70.42747872495211,0,1,6.0,8,855.0930978883783,Summer,Colombia,841.4248044171777,0
REC01777,David Miller,3915103411.0,Aries,Orange,Gaming,16/03/2023 00:00,31.41844291431373,88.55319724576472,54.3654950892399,0,3,14.0,3,983.2445213726137,Spring,Colombia,1028.7079654235504,1
REC01778,Thomas Taylor,3572898775.0,Gemini,Yellow,Photography,16/03/2023 01:00,16.644521978731596,61.96013956171687,40.427746643505756,0,2,22.0,7,860.7676796367251,Summer,Colombia,858.6910949360712,0
REC01779,Carmen Anderson,3239327893.0,Sagittarius,Black,Dancing,16/03/2023 02:00,26.051906834528786,78.89343230215181,66.62493846279091,0,4,10.0,12,926.9836822281413,Winter,Colombia,909.7699738007688,1
REC01780,David Rodriguez,3608099972.0,Taurus,Purple,Gardening,16/03/2023 03:00,,40.43753498354047,38.49404962784657,0,6,19.0,11,1155.0499188007414,,Colombia,1171.707184303832,1
REC01781,Elena Johnson,3457939086.0,Aries,Purple,Hiking,16/03/2023 04:00,25.275609928908892,77.496097872036,47.43891412026763,1,0,1.0,1,971.221221874742,Winter,Colombia,987.9479926046678,1
REC01782,Lucia Smith,3610426531.0,Libra,Purple,Music,16/03/2023 05:00,,56.42314282792427,28.396663280608788,0,4,14.0,6,882.4654806655142,Summer,Colombia,919.7944437207836,1
REC01783,James Moore,3797666404.0,Libra,Orange,Dancing,16/03/2023 06:00,,72.42577688059477,38.6406283170359,1,5,13.0,3,990.9832380619133,Spring,Colombia,959.1853261656994,1
REC01784,Elena Sanchez,3255148606.0,Leo,Black,Reading,16/03/2023 07:00,18.017980654082326,64.43236517734819,62.67793754580717,0,1,19.0,8,848.6058571474227,,Colombia,863.0089366878541,0
REC01785,Michael Hernandez,3838841948.0,Taurus,Red,Gaming,16/03/2023 08:00,30.563312078270673,87.01396174088721,,0,5,21.0,6,929.369473794987,Summer,Colombia,924.5486082377448,1
REC01786,Joseph Lopez,3121513678.0,Aries,Pink,Hiking,16/03/2023 09:00,13.004514813280654,55.40812666390518,37.78281413067427,0,3,10.0,12,914.3774092789487,Winter,Colombia,902.2990684492812,1
REC01787,William Perez,3303477210.0,Leo,Pink,Sports,16/03/2023 10:00,25.02085038049465,77.03753068489037,59.96446625800788,0,3,2.0,2,868.1980708711103,Winter,Colombia,837.9567118882812,0
REC01788,Richard Moore,3498126768.0,Capricorn,Purple,Hiking,16/03/2023 11:00,17.763940293627734,63.97509252852992,51.84589655860421,0,1,16.0,6,,Summer,Colombia,849.7133967147051,0
REC01789,David Anderson,3148973878.0,Cancer,White,Dancing,16/03/2023 12:00,18.73355617592269,65.72040111666084,89.88054953938963,0,2,11.0,7,892.5143593764109,Summer,Colombia,903.3029552519793,1
REC01790,Paula Thomas,3825163335.0,Sagittarius,Black,Dancing,16/03/2023 13:00,18.529168854726322,65.35250393850738,87.50844819036563,0,2,23.0,5,815.4026034673518,Spring,Peru,811.9412504959407,0
REC01791,Richard Gonzalez,3723115067.0,Leo,Black,Gardening,16/03/2023 14:00,13.234615164047096,55.82230729528477,46.9811630587327,0,3,20.0,3,978.5334104041141,Spring,Colombia,952.8518048732683,1
REC01792,Marta Torres,3863834040.0,Aquarius,Green,Photography,16/03/2023 15:00,19.887208272746626,67.79697489094393,68.35706427605223,0,3,14.0,4,846.9914465156235,Spring,Colombia,850.3948971436391,0
REC01793,Laura Wilson,3259030044.0,Capricorn,Gray,Gaming,16/03/2023 16:00,,67.09786560144576,71.23923835319177,0,6,15.0,4,873.5309384927259,Spring,Colombia,892.6283201244074,0
REC01794,Michael Smith,3348529170.0,Pisces,Red,Sports,16/03/2023 17:00,,71.4738595770569,51.03781712963395,0,0,4.0,6,790.6728524119476,Summer,Colombia,821.4880085782548,0
REC01795,Carmen Taylor,3214090718.0,Pisces,White,Cooking,16/03/2023 18:00,20.6760411655429,69.21687409797723,37.56687695252694,0,6,19.0,10,,,Colombia,851.2223669018013,0
REC01796,Ana Smith,3822675528.0,Taurus,Orange,Hiking,16/03/2023 19:00,26.38395639689789,79.49112151441621,59.81552326037914,0,6,5.0,1,877.8888553060128,Winter,Colombia,860.6010253578795,0
REC01797,William Brown,3351630729.0,Cancer,Blue,Photography,16/03/2023 20:00,27.38806892837895,81.29852407108211,,0,2,18.0,11,887.285309157943,Fall,Colombia,893.6977986840792,1
REC01798,Charles Thomas,3358699876.0,Pisces,Orange,Gaming,16/03/2023 21:00,11.59501342537759,52.871024165679664,53.463532545440714,0,1,4.0,4,914.0919095864127,Spring,Colombia,926.2423277848269,1
REC01799,Ana Garcia,3259115401.0,Sagittarius,Orange,Dancing,16/03/2023 22:00,26.950180004726167,80.5103240085071,66.63475302246728,0,2,2.0,10,856.5299693020091,Fall,Colombia,870.849313765688,0
REC01800,Michael Moore,3271034848.0,Scorpio,Gray,Travel,16/03/2023 23:00,10.509308583121165,50.916755449618094,48.73905589491602,0,0,0.0,4,916.7310741523819,Spring,Colombia,915.0301569483782,1
REC01801,Marta Gonzalez,3667699672.0,Gemini,Orange,Gaming,17/03/2023 00:00,24.70284710510188,76.46512478918339,,0,5,5.0,10,872.644525298119,Fall,Colombia,877.4336271734306,0
REC01802,Maria Miller,3321212728.0,Scorpio,Gray,Hiking,17/03/2023 01:00,24.95791027762295,76.92423849972131,61.63624455524748,0,3,14.0,1,,Winter,Colombia,836.8626704456469,0
REC01803,Isabel Lopez,3089613749.0,Taurus,Green,Gaming,17/03/2023 02:00,4.7094648666999674,40.477036760059946,65.78955138853314,0,3,1.0,9,1160.7873397329413,Fall,Colombia,1133.8008611767266,1
REC01804,Paula Rodriguez,3007553975.0,Gemini,Gray,Gardening,17/03/2023 03:00,-40.0,69.3389011500235,42.350325841499206,0,0,2.0,4,872.699009055791,Spring,Colombia,841.9386834185583,0
REC01805,William Anderson,3976828739.0,Leo,Orange,Gardening,17/03/2023 04:00,16.252031093117473,61.25365596761145,73.92135916486622,0,6,16.0,7,851.4913905690676,Summer,Colombia,883.6918240272474,0
REC01806,Laura Thomas,3764572660.0,Aquarius,Yellow,Gaming,17/03/2023 05:00,13.929877936517,57.0737802857306,33.44278293335883,0,1,23.0,12,859.9070703151235,Winter,Colombia,853.3552156922643,0
REC01807,Laura Martinez,3104368214.0,Pisces,Green,Gardening,17/03/2023 06:00,30.806818645592045,87.45227356206568,51.32829811926535,0,3,11.0,3,1019.6838936116519,Spring,Colombia,1035.2211355840798,1
REC01808,Maria Taylor,3423416166.0,Capricorn,Pink,Photography,17/03/2023 07:00,14.770566874900648,58.587020374821165,56.12987195703587,0,4,17.0,10,893.2320007795613,Fall,Colombia,898.1970230567832,1
REC01809,James Martinez,3307880630.0,Capricorn,Orange,Reading,17/03/2023 08:00,13.548984567055602,56.388172220700085,,0,6,14.0,12,857.9424660252273,Winter,Colombia,851.7568983226934,0
REC01810,Charles Rodriguez,3547588292.0,Scorpio,Gray,Travel,17/03/2023 09:00,20.605559520040746,69.09000713607334,51.524092896732114,0,3,11.0,3,832.3251797459311,Spring,Colombia,836.5795780845494,0
REC01811,Richard Taylor,3234916595.0,Aries,Blue,Hiking,17/03/2023 10:00,25.48471797038733,77.87249234669719,88.06611723462171,0,4,15.0,8,964.3932606151371,Summer,Colombia,959.7840630025845,1
REC01812,David Johnson,3746662864.0,Cancer,Orange,Hiking,17/03/2023 11:00,18.866811311918983,65.96026036145417,47.23673866441652,0,0,7.0,8,,Summer,Colombia,775.5532095131055,0
REC01813,Maria Sanchez,3428279168.0,Aries,Green,Hiking,17/03/2023 12:00,29.330964365354017,84.79573585763723,96.61832583707871,0,0,13.0,11,973.7598394278928,Fall,Colombia,967.8683034170864,1
REC01814,Paula Ramirez,3673927665.0,Aries,Gray,Travel,17/03/2023 13:00,24.247805295712723,75.6460495322829,66.55690169596578,0,6,16.0,12,842.4642181297075,Winter,Colombia,855.40094421306,0
REC01815,Sofia Ramirez,3807613323.0,Pisces,White,Hiking,17/03/2023 14:00,2.5743094421485573,36.6337569958674,61.38082705967988,0,3,20.0,1,1289.4174360548573,Winter,Colombia,1302.0014281942638,1
REC01816,William Davis,3408595362.0,Leo,Black,Dancing,17/03/2023 15:00,15.764264291943935,60.37567572549908,67.14360530081498,0,2,7.0,10,774.7931662974192,Fall,Colombia,803.58727222978,0
REC01817,Elena Ramirez,3652795763.0,Virgo,Orange,Photography,17/03/2023 16:00,15.505263205186408,59.909473769335534,97.94891623877928,0,4,14.0,2,882.6952424178849,Winter,Colombia,899.7736483682992,1
REC01818,Michael Hernandez,3355000781.0,Aries,Pink,Photography,17/03/2023 17:00,23.83488762743538,74.90279772938368,45.09610494102828,0,1,13.0,8,919.1934484021667,Summer,Colombia,879.9520811641961,0
REC01819,Laura Perez,3434347503.0,Aquarius,Purple,Hiking,17/03/2023 18:00,,30.20263438821279,43.19373121595416,0,3,17.0,1,1526.5096327478918,Winter,Colombia,1542.3497042297968,1
REC01820,Paula Brown,3579053137.0,Virgo,White,Sports,17/03/2023 19:00,40.39207766974178,104.7057398055352,,0,1,19.0,12,,Winter,Colombia,1431.7176008856136,1
REC01821,Elena Hernandez,3750853065.0,Leo,White,Gardening,17/03/2023 20:00,24.24820875915368,75.64677576647662,,0,3,6.0,8,819.8558544136044,Summer,Colombia,813.457297176709,0
REC01822,Joseph Martinez,3929955062.0,Cancer,Red,Music,17/03/2023 21:00,21.19101443134153,70.14382597641475,34.113433127811405,0,2,2.0,8,,Summer,Colombia,793.0988677990102,0
REC01823,David Hernandez,3981508046.0,Capricorn,Black,Dancing,17/03/2023 22:00,29.452541731353172,85.01457511643571,60.33508858977912,0,2,11.0,2,,Winter,Colombia,1002.2516941780036,1
REC01824,Thomas Smith,3498489577.0,Leo,Orange,Gaming,17/03/2023 23:00,38.749232422500995,101.7486183605018,85.40320700120508,0,6,20.0,4,1373.7526460894044,Spring,Colombia,1345.5717267611626,1
REC01825,Elena Rodriguez,3613627346.0,Scorpio,White,Dancing,18/03/2023 00:00,26.965973156707225,80.53875168207301,62.27111085937166,0,6,23.0,6,920.3958587114495,Summer,Colombia,909.4133252002822,1
REC01826,Maria Johnson,3575493601.0,Sagittarius,Red,Dancing,18/03/2023 01:00,27.59050477177296,81.66290858919133,55.609718115370846,0,2,2.0,12,923.2804090220969,Winter,Colombia,933.8802676561664,1
REC01827,Michael Perez,3599770476.0,Aquarius,Black,Photography,18/03/2023 02:00,21.04552019571506,69.88193635228711,50.72759326974559,0,5,19.0,11,803.5952564622131,Fall,Colombia,812.0847748140487,0
REC01828,Lucia Thomas,3334551192.0,Pisces,Black,Hiking,18/03/2023 03:00,18.867793973064416,65.96202915151595,,0,2,13.0,9,822.2361896572876,,Colombia,832.2879199354013,0
REC01829,Paula Taylor,3240038279.0,Taurus,Green,Gardening,18/03/2023 04:00,16.19363644796079,61.14854560632942,,0,0,14.0,8,867.9501373353602,Summer,Colombia,850.4553449037551,0
REC01830,James Johnson,3587475490.0,Virgo,Orange,Sports,18/03/2023 05:00,13.391104066283663,56.10398731931059,87.69593880898871,0,0,13.0,12,1014.6487537920757,Winter,Colombia,1020.8117063811385,1
REC01831,Joseph Rodriguez,3958965458.0,Gemini,Pink,Travel,18/03/2023 06:00,14.503887202404021,58.10699696432724,89.00039621571536,0,5,6.0,8,,Summer,Colombia,828.114879617532,0
REC01832,Joseph Hernandez,3571321773.0,Taurus,White,Music,18/03/2023 07:00,9.195552285256134,48.55199411346104,63.85126197992681,0,4,16.0,7,1091.2427597425094,Summer,Colombia,1092.2091533171963,1
REC01833,Sofia Moore,3481818250.0,Pisces,White,Reading,18/03/2023 08:00,,66.90745111013567,59.827273678850325,0,1,11.0,9,769.1468219679658,Fall,Colombia,799.8873419905244,0
REC01834,Michael Smith,3042432700.0,Aries,Blue,Gaming,18/03/2023 09:00,6.522659382188905,43.74078688794003,75.45989712362339,0,3,19.0,2,1126.5566385812747,Winter,Colombia,1082.8720265461766,1
REC01835,William Perez,3066923307.0,Cancer,Gray,Dancing,18/03/2023 10:00,21.527332193149686,70.74919794766943,76.42197753340989,0,3,3.0,3,756.7215758914745,Spring,Colombia,776.0349341684191,0
REC01836,Sofia Brown,3817074058.0,Scorpio,Blue,Sports,18/03/2023 11:00,19.709355135661266,67.47683924419027,47.91012403410877,0,5,8.0,10,813.0618438907343,Fall,Colombia,816.2991391978888,0
REC01837,Charles Thomas,3986987771.0,Gemini,White,Dancing,18/03/2023 12:00,21.175482387093503,70.1158682967683,52.10167300294947,0,0,5.0,8,796.5207435912333,Summer,Colombia,791.3566888972106,0
REC01838,Richard Davis,3896799114.0,Leo,Orange,Gardening,18/03/2023 13:00,15.82294743984006,60.481305391712105,40.16478847975057,0,6,15.0,6,842.0473608130636,Summer,Colombia,847.8205240266482,0
REC01839,Laura Perez,3509080213.0,Capricorn,Blue,Dancing,18/03/2023 14:00,44.614882961444025,112.30678933059924,66.13597407501085,0,3,21.0,10,,Fall,Mexico,1676.0650310989981,1
REC01840,Charles Thomas,3487899988.0,Leo,Pink,Travel,18/03/2023 15:00,30.880927201442503,87.5856689625965,69.99941825185336,0,0,21.0,9,1032.3672907267876,Fall,Colombia,1023.9307450035701,1
REC01841,Lucia Miller,3839314650.0,Leo,Pink,Sports,18/03/2023 16:00,10.043659999322218,50.078587998779994,39.75111543208091,0,4,20.0,10,1078.1691233900967,Fall,Colombia,1047.6448042141712,1
REC01842,Elena Martinez,3913438909.0,Aquarius,Yellow,Hiking,18/03/2023 17:00,21.862944699415188,71.35330045894733,53.17201642775761,0,1,20.0,4,908.5278860009773,Spring,Colombia,893.1777043646314,1
REC01843,Joseph Moore,3217716969.0,Sagittarius,Yellow,Hiking,18/03/2023 18:00,,59.24471154170254,39.79119123627976,0,4,1.0,8,886.018696900398,Summer,Colombia,856.4484193289272,0
REC01844,Michael Wilson,3694429359.0,Scorpio,Yellow,Gaming,18/03/2023 19:00,11.884162186340689,53.39149193541324,46.51800284634243,0,5,23.0,10,881.5775755957457,Fall,Colombia,902.5099577576157,1
REC01845,Carmen Smith,3487733479.0,Scorpio,Black,Photography,18/03/2023 20:00,9.27942343100852,48.70296217581534,68.26525590339449,0,2,7.0,3,958.8621679958845,Spring,Mexico,952.5149153307773,1
REC01846,Michael Ramirez,3580082021.0,Aries,Orange,Music,18/03/2023 21:00,23.45773352607403,74.22392034693326,48.99776899982581,0,2,10.0,3,832.9125025569664,Spring,Colombia,829.8075815158008,0
REC01847,John Miller,3840690141.0,Aries,Blue,Gaming,18/03/2023 22:00,14.548958119443409,58.18812461499813,55.48761065951552,0,2,12.0,8,916.1124403462151,Summer,Colombia,909.0906145126804,1
REC01848,Robert Moore,3136277566.0,Taurus,Black,Gaming,18/03/2023 23:00,27.742608192201633,81.93669474596294,35.59032408079027,0,4,16.0,5,920.5013961377613,Spring,Colombia,892.9767567250499,1
REC01849,Isabel Sanchez,3750510002.0,Scorpio,Blue,Gardening,19/03/2023 00:00,,82.31046388923832,62.80485314586996,1,3,7.0,3,,Spring,Colombia,955.0530594650185,1
REC01850,Lucia Ramirez,3616480172.0,Capricorn,Orange,Reading,19/03/2023 01:00,30.991315081691596,87.78436714704488,,0,1,20.0,10,1069.2199737546423,Fall,Colombia,1077.3300410857241,1
REC01851,William Anderson,3141322222.0,Aries,Red,Cooking,19/03/2023 02:00,13.180905871407171,55.72563056853291,49.06561124950257,0,2,17.0,11,1006.4556447191706,Fall,Colombia,995.7760287707973,1
REC01852,Michael Taylor,3617210092.0,Cancer,Purple,Reading,19/03/2023 03:00,23.802924885536083,74.84526479396494,57.164785534762885,0,5,17.0,1,851.8611075028866,Winter,Colombia,887.4251620542036,0
REC01853,Sofia Martinez,3501695520.0,Sagittarius,Green,Gardening,19/03/2023 04:00,25.059633733138405,77.10734071964913,62.70442320755166,0,5,13.0,3,927.9210853796103,Spring,Colombia,932.6581263620538,1
REC01854,Paula Thomas,3109709524.0,Taurus,Yellow,Sports,19/03/2023 05:00,16.20657459916828,61.17183427850291,47.776977766359835,0,2,14.0,12,859.0672279240446,Winter,Colombia,861.7511817097536,0
REC01855,Marta Thomas,3095581755.0,Gemini,Orange,Gardening,19/03/2023 06:00,13.825824340857,56.8864838135426,,0,2,5.0,9,785.2665278352849,Fall,Colombia,803.6737001614234,0
REC01856,Maria Johnson,3234842490.0,Aquarius,Green,Music,19/03/2023 07:00,32.87616532620778,91.17709758717402,87.08361649030223,0,1,10.0,5,1144.3214952336284,,Colombia,1123.1803150064968,1
REC01857,Elena Rodriguez,3877323265.0,Virgo,Purple,Gardening,19/03/2023 08:00,21.81996700585643,71.27594061054157,50.50090942934591,0,2,12.0,12,856.495186437546,Winter,Colombia,877.7399927844116,0
REC01858,Thomas Martinez,3628540300.0,Aquarius,Red,Gaming,19/03/2023 09:00,25.087742005693904,77.15793561024903,58.54859845219666,0,1,0.0,10,838.9769592626872,Fall,Colombia,841.694420229963,0
REC01859,Charles Miller,3245383617.0,Capricorn,Pink,Reading,19/03/2023 10:00,13.42339190537658,56.162105429677844,75.16259602530471,0,5,5.0,2,861.0457872276543,Winter,Colombia,855.182642721195,0
REC01860,Ana Davis,3918667832.0,Gemini,White,Photography,19/03/2023 11:00,10.24572426782245,50.44230368208041,100.0,0,2,8.0,7,1058.2762969617881,Summer,Mexico,1031.2072657322658,1
REC01861,Ana Wilson,3886050218.0,Cancer,Green,Photography,19/03/2023 12:00,15.444401804063116,59.79992324731361,41.33270325166701,0,4,7.0,2,791.4897623495191,Winter,Colombia,791.7008910471361,0
REC01862,Maria Hernandez,3894823212.0,Sagittarius,Purple,Gaming,19/03/2023 13:00,19.007828900880025,66.21409202158404,66.74740820589764,0,6,10.0,4,839.2484539618314,Spring,Colombia,820.5253820792672,0
REC01863,Sofia Lopez,3415432478.0,Sagittarius,Black,Reading,19/03/2023 14:00,11.48623994546121,52.67523190183017,49.386715720588406,0,4,21.0,12,882.413813074516,Winter,Colombia,868.4019051289735,0
REC01864,Joseph Moore,3462337673.0,Capricorn,Orange,Travel,19/03/2023 15:00,19.921241530796937,67.8582347554345,51.91814543134934,0,5,18.0,7,855.8773739735228,Summer,Colombia,853.40822285014,0
REC01865,Maria Torres,3038482133.0,Leo,Orange,Reading,19/03/2023 16:00,6.491958495452,43.6855252918136,49.19681968489815,0,1,23.0,4,1008.3947892830477,Spring,Colombia,1030.1850574485168,1
REC01866,James Taylor,3309352174.0,Libra,Pink,Reading,19/03/2023 17:00,11.039620620241022,51.87131711643384,43.115175482991226,0,4,8.0,7,914.371293505118,Summer,Colombia,943.062910723205,1
REC01867,Michael Ramirez,3771982620.0,Sagittarius,White,Gaming,19/03/2023 18:00,25.367289986215,77.661121975187,59.38062957323008,0,1,16.0,7,867.1115882334815,Summer,Colombia,864.9814802050978,0
REC01868,Carmen Taylor,3195035104.0,Scorpio,Yellow,Gardening,19/03/2023 19:00,24.830324162223153,76.69458349200167,37.88245969427646,0,4,11.0,1,863.7197764968247,Winter,Colombia,874.5737139748769,0
REC01869,Robert Wilson,3977878558.0,Aquarius,Blue,Reading,19/03/2023 20:00,16.86498587690507,62.35697457842913,74.20211349767806,0,4,13.0,6,823.6327143054738,,Colombia,805.247492471848,0
REC01870,Laura Lopez,3642482893.0,Libra,Green,Sports,19/03/2023 21:00,11.857885527384376,53.34419394929188,60.82504404050062,0,1,14.0,9,967.8463721712274,Fall,Colombia,952.9292418092558,1
REC01871,Sofia Taylor,3245785545.0,Pisces,Black,Travel,19/03/2023 22:00,,53.205388858025444,66.3365245935216,0,3,15.0,2,997.5334996759191,Winter,Colombia,1001.22571956466,1
REC01872,Joseph Brown,3577113361.0,Scorpio,Orange,Gardening,19/03/2023 23:00,17.01385403246949,62.62493725844508,53.00717082080666,1,4,21.0,3,895.6409980229432,Spring,Colombia,918.7952565017686,1
REC01873,Richard Perez,3382942218.0,Leo,Gray,Cooking,20/03/2023 00:00,25.15614793316233,77.2810662796922,54.49194098682378,1,2,21.0,10,1011.7463490471796,Fall,Colombia,1001.5316380550341,1
REC01874,William Torres,3562821990.0,Leo,Blue,Travel,20/03/2023 01:00,27.425965530754596,81.36673795535827,64.31345857750992,0,6,19.0,5,965.718384608307,Spring,Colombia,986.07737353101,1
REC01875,Lucia Torres,3359062574.0,Leo,Black,Hiking,20/03/2023 02:00,,60.84994300905964,42.53924051391262,0,5,0.0,9,839.6083248080076,Fall,Colombia,854.777603266625,0
REC01876,James Johnson,3518249986.0,Aries,Pink,Travel,20/03/2023 03:00,10.77206059212173,51.38970906581911,54.63014348379996,0,3,9.0,4,961.1314175143815,Spring,Colombia,980.7197322786845,1
REC01877,Laura Gonzalez,3155891329.0,Virgo,Blue,Music,20/03/2023 04:00,22.142749102930665,71.8569483852752,47.10579729182319,0,1,7.0,1,805.0170556681837,Winter,Colombia,807.7870761069828,0
REC01878,Joseph Johnson,3099412405.0,Leo,Orange,Gaming,20/03/2023 05:00,13.411720234993204,56.141096422987765,46.641467841134784,0,3,17.0,4,969.0639829689386,Spring,Colombia,945.6601362875274,1
REC01879,Laura Thomas,3964521543.0,Scorpio,Green,Travel,20/03/2023 06:00,15.85397888911038,60.53716200039868,28.352426390615378,0,0,0.0,6,810.0165947932817,Summer,Colombia,810.1174121977523,0
REC01880,Marta Martinez,3282577566.0,Scorpio,Orange,Sports,20/03/2023 07:00,30.6022087234963,87.08397570229334,80.0898988422,0,0,1.0,5,884.4450408176191,Spring,Colombia,893.309414666173,1
REC01881,Paula Wilson,3668050311.0,Taurus,Yellow,Hiking,20/03/2023 08:00,,79.91046217134706,49.70191870269347,0,4,0.0,1,854.8433770516808,,Colombia,885.3556756525857,0
REC01882,Lucia Garcia,3793257386.0,Aquarius,Yellow,Cooking,20/03/2023 09:00,21.263794498011613,70.2748300964209,,0,4,0.0,4,768.1955112970046,Spring,Colombia,757.1530196024078,0
REC01883,Robert Rodriguez,3191186351.0,Virgo,Purple,Cooking,20/03/2023 10:00,9.824647991098217,49.684366383976794,76.03188482091439,0,2,8.0,6,,Summer,Colombia,966.8210336299769,1
REC01884,David Moore,3779705473.0,Pisces,Black,Photography,20/03/2023 11:00,21.691172539765272,71.04411057157749,40.71000440225259,0,6,12.0,10,856.6494071418778,Fall,Colombia,854.2990547587158,0
REC01885,Richard Taylor,3800521237.0,Aquarius,Yellow,Photography,20/03/2023 12:00,28.50125832630021,83.30226498734038,43.673831464907316,0,5,0.0,10,897.5177222752613,Fall,Colombia,904.6020945935942,1
REC01886,Maria Moore,3727915387.0,Capricorn,Purple,Dancing,20/03/2023 13:00,16.994930673875714,62.590875212976286,98.40754439033526,0,3,12.0,4,823.8261826215831,Spring,Colombia,807.0626382295944,0
REC01887,Michael Anderson,3710801796.0,Capricorn,Green,Hiking,20/03/2023 14:00,30.80891271989372,87.4560428958087,86.26388912890715,0,0,19.0,9,1028.723826004175,Fall,Colombia,1031.868553844746,1
REC01888,Laura Ramirez,3695914630.0,Virgo,Pink,Sports,20/03/2023 15:00,30.341962316145654,86.61553216906218,59.527222300078435,0,4,21.0,5,997.9013361668461,Spring,Colombia,999.0798632573071,1
REC01889,Joseph Taylor,3593396243.0,Gemini,Black,Gaming,20/03/2023 16:00,33.30986265714779,91.95775278286602,63.860596596260244,0,5,6.0,8,1030.3099460666838,Summer,Colombia,1020.5950031175745,1
REC01890,Robert Garcia,3954894555.0,Aries,Green,Sports,20/03/2023 17:00,22.441945012250823,72.39550102205148,50.53730395579217,0,3,1.0,9,901.9827800434991,Fall,Colombia,859.8439763982354,0
REC01891,Isabel Brown,3502645068.0,Libra,Blue,Dancing,20/03/2023 18:00,24.6991335984481,76.45844047720658,66.4852907130051,1,4,5.0,10,888.484890466069,Fall,Colombia,870.7159518588979,0
REC01892,Sofia Gonzalez,3468868127.0,Capricorn,Purple,Sports,20/03/2023 19:00,-40.0,88.3642969519677,,0,4,6.0,5,1074.913709549681,Spring,Colombia,1076.6858316766532,1
REC01893,Robert Torres,3254230274.0,Leo,Purple,Gaming,20/03/2023 20:00,23.579151496551805,74.44247269379325,29.51469353552423,0,0,13.0,6,852.8290307458699,Summer,Colombia,852.7650709335642,0
REC01894,Laura Wilson,3832058792.0,Pisces,Black,Gardening,20/03/2023 21:00,15.990127137678298,60.78222884782094,40.17666320233424,0,0,17.0,1,869.4461112245631,Winter,Colombia,879.9433004310517,0
REC01895,Elena Anderson,3135308585.0,Pisces,Yellow,Gaming,20/03/2023 22:00,16.41165730777711,61.540983153998795,60.316391217758806,0,4,14.0,11,774.6330479454235,,Colombia,793.6329620158174,0
REC01896,Carmen Garcia,3957429239.0,Capricorn,Blue,Music,20/03/2023 23:00,21.908439630189914,71.43519133434185,,1,1,1.0,12,891.9227543330204,Winter,Colombia,902.9777700743468,1
REC01897,John Moore,3617701196.0,Leo,Blue,Travel,21/03/2023 00:00,9.67550862443025,49.41591552397445,58.990838026296984,0,4,9.0,7,1003.58899108081,Summer,Colombia,1019.0319703550489,1
REC01898,Thomas Johnson,3895901432.0,Aquarius,Purple,Cooking,21/03/2023 01:00,18.853928677086458,65.93707161875562,43.88008440850705,0,5,22.0,4,811.5911027277451,Spring,Colombia,798.5237350518274,0
REC01899,Carmen Lopez,3322252756.0,Scorpio,Gray,Reading,21/03/2023 02:00,28.77237694584203,83.79027850251565,48.2646911624701,0,4,11.0,11,921.4847556804364,,Colombia,942.9086528378161,1
REC01900,Ana Moore,3173713068.0,Pisces,Purple,Travel,21/03/2023 03:00,2.4699691906777517,36.44594454321995,72.79747959619787,0,2,16.0,2,1299.7546007501692,Winter,Colombia,1273.0903895225683,1
REC01901,Michael Davis,3220594134.0,Leo,Yellow,Hiking,21/03/2023 04:00,,90.09654226584101,63.71220821460157,0,6,7.0,5,,Spring,Colombia,1071.2660555713528,1
REC01902,Isabel Brown,3129248710.0,Leo,Yellow,Travel,21/03/2023 05:00,28.978993749625275,84.1621887493255,59.85503368029979,0,2,10.0,12,,Winter,Colombia,972.1657785336326,1
REC01903,Thomas Hernandez,3464470416.0,Aries,Yellow,Photography,21/03/2023 06:00,16.32188307335619,61.379389532041145,73.18445959605977,0,2,2.0,3,881.9292834790679,Spring,Colombia,881.9229112497665,0
REC01904,Ana Perez,3111245275.0,Taurus,Blue,Photography,21/03/2023 07:00,24.34712662297448,75.82482792135406,67.2091289002102,1,1,5.0,6,896.1413444301724,Summer,Colombia,907.2869706224634,1
REC01905,Robert Garcia,3610130815.0,Leo,Pink,Sports,21/03/2023 08:00,20.025181815250612,68.0453272674511,81.69844936877051,0,1,8.0,8,838.0108516777955,Summer,Colombia,832.6091634508402,0
REC01906,Elena Ramirez,3993242670.0,Libra,Red,Cooking,21/03/2023 09:00,29.839922947509464,85.71186130551703,,0,4,5.0,7,999.6217444674033,,Colombia,977.8598952032315,1
REC01907,William Sanchez,3709798877.0,Gemini,Orange,Reading,21/03/2023 10:00,27.86146514215953,82.15063725588716,53.55547532208737,0,2,8.0,3,863.7218235468251,Spring,Colombia,877.7849527919415,0
REC01908,Paula Sanchez,3967211716.0,Pisces,White,Travel,21/03/2023 11:00,8.799434214535927,47.838981586164664,40.48336100412982,0,1,6.0,8,908.9726346872711,Summer,Colombia,939.6404764656457,1
REC01909,Ana Smith,3523472791.0,Aries,Gray,Travel,21/03/2023 12:00,,76.45657875388414,53.5652892394137,0,0,8.0,2,941.0719696089673,Winter,Colombia,927.0076045118324,1
REC01910,Elena Gonzalez,3701687238.0,Aquarius,Purple,Cooking,21/03/2023 13:00,18.35497717085402,65.03895890753724,74.47154841453668,0,4,17.0,10,813.6691124785654,Fall,Colombia,807.1817929936893,0
REC01911,Carmen Thomas,3240281466.0,Pisces,Black,Hiking,21/03/2023 14:00,20.6626605641448,69.19278901546065,79.499810583932,0,5,11.0,9,,Fall,Colombia,-100.0,0
REC01912,Ana Torres,3457098273.0,Taurus,White,Photography,21/03/2023 15:00,14.174624792241476,57.51432462603466,74.40457752130001,0,6,7.0,4,910.9757545713927,Spring,Colombia,925.6435819896751,1
REC01913,John Rodriguez,3144416509.0,Gemini,White,Gaming,21/03/2023 16:00,33.98509655296668,93.17317379534003,33.08712200175846,0,3,7.0,1,1020.43959699773,,Colombia,1037.6216824787327,1
REC01914,Joseph Wilson,3084195575.0,Pisces,Pink,Hiking,21/03/2023 17:00,28.320494559220606,82.97689020659709,76.24717818991101,0,4,17.0,8,946.7200751174713,,Peru,961.2107204981563,1
REC01915,Isabel Rodriguez,3452971441.0,Sagittarius,Gray,Music,21/03/2023 18:00,14.081830688216261,57.34729523878927,32.42222065091894,0,3,19.0,7,898.8268446325553,Summer,Colombia,905.300499713379,1
REC01916,Sofia Lopez,3202289952.0,Scorpio,Yellow,Sports,21/03/2023 19:00,,48.78160726049265,73.47175986183521,0,2,14.0,11,903.2377265690824,Fall,Colombia,908.5686726546974,1
REC01917,Richard Torres,3872169498.0,Cancer,Black,Cooking,21/03/2023 20:00,16.914618952177214,62.44631411391899,54.48323210143417,1,6,6.0,5,890.5708102873145,Spring,Colombia,903.5866833886837,1
REC01918,Ana Brown,3658034125.0,Scorpio,Yellow,Dancing,21/03/2023 21:00,23.476021168730448,74.25683810371481,70.53799970900783,0,3,10.0,10,870.897338337359,Fall,Colombia,886.0606147273576,0
REC01919,Carmen Brown,3257854010.0,Sagittarius,Red,Hiking,21/03/2023 22:00,21.921646751569785,71.45896415282562,40.013274781581515,0,2,19.0,5,865.1357777390948,Spring,Colombia,869.7114646174824,0
REC01920,Lucia Smith,3123151506.0,Gemini,Gray,Travel,21/03/2023 23:00,30.025062598145947,86.0451126766627,77.5675144905922,0,0,15.0,7,1040.2474781944484,,Colombia,1036.8936474972572,1
REC01921,Carmen Brown,3607099375.0,Virgo,White,Reading,22/03/2023 00:00,,79.37484399940428,38.025378808426666,0,3,3.0,5,838.0758407555521,Spring,Colombia,844.401771482849,0
REC01922,Charles Thomas,3129494642.0,Scorpio,Black,Music,22/03/2023 01:00,27.756552206023255,81.96179397084185,49.97317633720233,0,6,5.0,8,,Summer,Colombia,918.7463308708327,1
REC01923,Marta Gonzalez,3649682379.0,Capricorn,Yellow,Dancing,22/03/2023 02:00,22.6148432048835,72.7067177687903,45.028580583464475,0,4,21.0,11,792.844699044401,Fall,Colombia,782.6829447559852,0
REC01924,Isabel Brown,3629087106.0,Libra,White,Photography,22/03/2023 03:00,8.885610158312078,47.99409828496174,33.68572720766252,0,2,2.0,6,897.0588785358386,Summer,Colombia,928.8757956730126,1
REC01925,Thomas Perez,3584737478.0,Sagittarius,Black,Music,22/03/2023 04:00,18.43441175082479,65.18194115148462,,0,4,8.0,5,812.242020129961,Spring,Colombia,801.7674648216839,0
REC01926,Lucia Moore,3505556095.0,Libra,Green,Reading,22/03/2023 05:00,,83.26529225468478,87.09133676755442,0,6,9.0,9,,Fall,Colombia,899.3994464315072,1
REC01927,Elena Brown,3157575543.0,Aries,Blue,Cooking,22/03/2023 06:00,19.587816571802833,67.2580698292451,100.0,0,1,13.0,11,881.9435821208846,Fall,Colombia,890.6382814833684,0
REC01928,Robert Ramirez,3146671586.0,Sagittarius,White,Dancing,22/03/2023 07:00,24.024722948989975,75.24450130818195,61.45733680629372,0,2,10.0,2,783.8107001157846,Winter,Colombia,813.7146518618476,0
REC01929,Elena Ramirez,3141770608.0,Pisces,Yellow,Photography,22/03/2023 08:00,17.450013478030936,63.410024260455685,76.75021912601284,1,3,17.0,1,970.8765357075306,Winter,Colombia,970.7152005193079,1
REC01930,Marta Smith,3734415698.0,Leo,Gray,Travel,22/03/2023 09:00,11.76150521166524,53.17070938099743,63.48141956892806,0,2,21.0,8,891.0180537735863,Summer,Colombia,891.1722268032312,0
REC01931,Michael Anderson,3551376827.0,Virgo,Green,Gaming,22/03/2023 10:00,19.013247487631116,66.223845477736,67.48324792152319,0,4,11.0,12,824.9216531123103,Winter,Colombia,847.3545778429742,0
REC01932,John Hernandez,3421103615.0,Taurus,Orange,Reading,22/03/2023 11:00,,72.45028317967021,54.86777023309142,0,0,22.0,3,834.6888983991113,Spring,Colombia,863.71328272431,0
REC01933,Michael Gonzalez,3134927442.0,Taurus,Pink,Photography,22/03/2023 12:00,14.75449824430845,58.55809683975521,62.92615388133903,0,2,11.0,11,871.9847673857649,Fall,Mexico,873.7358383148337,0
REC01934,Joseph Sanchez,3825247254.0,Cancer,Purple,Travel,22/03/2023 13:00,18.114310041146652,64.60575807406397,68.06218056909643,1,3,12.0,12,975.1362585523514,Winter,Colombia,979.7978023933678,1
REC01935,Laura Martinez,3444526090.0,Cancer,Blue,Photography,22/03/2023 14:00,12.484294064112138,54.471729315401845,51.32310406685503,0,1,12.0,12,927.8859803209066,Winter,Colombia,936.2312876273545,1
REC01936,Ana Wilson,3947914426.0,Leo,Orange,Travel,22/03/2023 15:00,28.953959340512768,84.11712681292298,58.83758550160518,0,5,18.0,12,962.5111108870947,,Colombia,964.1793255820259,1
REC01937,Thomas Garcia,3386306004.0,Libra,Black,Travel,22/03/2023 16:00,,63.75983709073231,59.12354821503768,0,0,18.0,7,928.2668400440199,Summer,Colombia,950.3223675204263,1
REC01938,Sofia Rodriguez,3203359859.0,Aquarius,Gray,Music,22/03/2023 17:00,31.622044361009465,88.91967984981703,72.39604975995786,0,1,22.0,10,936.2577906079708,Fall,Colombia,944.9542028652932,1
REC01939,John Davis,3255589025.0,Pisces,Purple,Travel,22/03/2023 18:00,32.229982804327264,90.01396904778908,,0,2,13.0,11,1136.5904931209955,Fall,Colombia,1125.9239925087086,1
REC01940,Michael Sanchez,3759072498.0,Aries,Black,Gardening,22/03/2023 19:00,19.35163228222605,66.83293810800689,59.226866870885225,0,4,3.0,8,819.8874320587503,Summer,Colombia,826.8868336657761,0
REC01941,Maria Lopez,3409927174.0,Capricorn,Blue,Gardening,22/03/2023 20:00,11.932410139621203,53.47833825131816,88.68008203579046,0,6,12.0,6,895.0085600118077,Summer,Colombia,928.4480094476588,1
REC01942,Joseph Sanchez,3703986025.0,Cancer,Yellow,Sports,22/03/2023 21:00,,37.96307056063994,77.46090228878907,0,4,7.0,12,,Winter,Colombia,1282.8658565055787,1
REC01943,James Hernandez,3357106347.0,Sagittarius,Black,Reading,22/03/2023 22:00,8.223703415785668,46.802666148414204,80.23768573333058,0,3,22.0,10,,Fall,Colombia,934.0973373635258,1
REC01944,Michael Sanchez,3121480447.0,Scorpio,White,Sports,22/03/2023 23:00,9.00932140081072,48.2167785214593,60.366477602670514,0,4,20.0,9,1015.6645837432875,Fall,Colombia,1010.3218578140529,1
REC01945,Carmen Gonzalez,3499902710.0,Gemini,Black,Photography,23/03/2023 00:00,31.02775701969204,87.84996263544568,64.81496345529035,0,0,22.0,7,,,Colombia,934.0778491572875,1
REC01946,Thomas Moore,3138823642.0,Virgo,Gray,Music,23/03/2023 01:00,20.92659669781557,69.66787405606803,75.03354250054389,0,4,18.0,10,834.5957182537418,Fall,Colombia,867.7712107554624,0
REC01947,Lucia Taylor,3019850431.0,Aquarius,Red,Gardening,23/03/2023 02:00,23.116836192735903,73.61030514692462,83.40383294296396,0,3,11.0,5,835.2296971426794,Spring,Colombia,820.0494377310356,0
REC01948,Elena Thomas,3782153329.0,Sagittarius,Red,Cooking,23/03/2023 03:00,2.2366319285189924,36.02593747133419,30.7259563067567,1,5,17.0,8,1418.3846997084477,Summer,Colombia,1440.628425734019,1
REC01949,Charles Perez,3813648406.0,Scorpio,Green,Hiking,23/03/2023 04:00,10.416268566261907,50.749283419271435,40.26838039425232,0,2,5.0,2,961.4980514678142,,Colombia,930.3144056581672,1
REC01950,Paula Brown,3354838373.0,Libra,Pink,Hiking,23/03/2023 05:00,27.096638211570294,80.77394878082653,79.64166152103972,0,6,17.0,7,,Summer,Colombia,906.369253152636,1
REC01951,Marta Martinez,3149758265.0,Libra,Blue,Gardening,23/03/2023 06:00,22.29419289906069,72.12954721830924,55.846659663467946,0,2,18.0,4,848.5130014576998,Spring,Colombia,873.4408714284831,0
REC01952,Paula Perez,3493985043.0,Aries,Gray,Sports,23/03/2023 07:00,18.82235777051522,65.8802439869274,49.92418816112884,0,4,21.0,9,768.4956754596226,Fall,Colombia,791.3353968734763,0
REC01953,Ana Smith,3971829146.0,Leo,Black,Travel,23/03/2023 08:00,24.51873886880098,76.13372996384177,,0,1,4.0,12,794.0450135600045,,Colombia,787.0831077242576,0
REC01954,Richard Wilson,3522196340.0,Libra,Pink,Gaming,23/03/2023 09:00,,91.55548840835573,51.67474947683836,0,2,23.0,1,1161.109030193071,,Colombia,1168.9350279910386,1
REC01955,John Anderson,3010602119.0,Taurus,Purple,Reading,23/03/2023 10:00,18.231660291703594,64.81698852506648,,0,5,8.0,7,833.2707724723782,Summer,Colombia,835.203850664741,0
REC01956,Paula Hernandez,3482503524.0,Virgo,Orange,Reading,23/03/2023 11:00,20.554958421264555,68.9989251582762,91.36641409098715,0,4,2.0,6,744.0132097218589,Summer,Colombia,711.7576050679181,0
REC01957,Isabel Moore,3720047298.0,Taurus,Blue,Dancing,23/03/2023 12:00,21.540775349850442,70.7733956297308,59.6634592202914,0,6,9.0,8,805.8921541446231,Summer,Colombia,819.8770354292046,0
REC01958,Marta Gonzalez,3523230465.0,Gemini,Black,Travel,23/03/2023 13:00,39.136877082191944,102.4463787479455,59.13074187355924,0,3,18.0,5,1349.8382863073898,Spring,Colombia,1348.6390291534756,1
REC01959,Ana Lopez,3342038293.0,Aries,Pink,Cooking,23/03/2023 14:00,3.2051498846477955,37.76926979236603,68.82115012751748,0,5,2.0,1,1284.5431999848006,Winter,Colombia,1256.1463102373395,1
REC01960,Lucia Thomas,3289026629.0,Gemini,Red,Reading,23/03/2023 15:00,25.465784118310463,77.83841141295883,74.43517753899854,0,4,21.0,1,863.0885699349539,Winter,Colombia,857.6783004256258,0
REC01961,Joseph Sanchez,3635083622.0,Libra,Red,Music,23/03/2023 16:00,19.08158200992749,66.34684761786949,74.18832234831959,0,5,14.0,9,835.0816947711869,Fall,Colombia,867.213749478347,0
REC01962,Lucia Torres,3651056487.0,Leo,Gray,Cooking,23/03/2023 17:00,24.534173809473437,76.16151285705219,76.10432915861358,0,2,0.0,10,826.1449798029253,Fall,Colombia,816.0371995682825,0
REC01963,Paula Gonzalez,3640872995.0,Cancer,Orange,Travel,23/03/2023 18:00,14.741019568042205,58.533835222475965,50.53731673813715,0,6,6.0,6,807.0512457376268,Summer,Colombia,830.3113028932956,0
REC01964,Isabel Torres,3747107435.0,Pisces,Blue,Hiking,23/03/2023 19:00,19.608279753132397,67.29490355563831,55.53199792564708,0,3,11.0,10,863.5290735580616,Fall,Colombia,835.3929229834023,0
REC01965,William Torres,3657370135.0,Scorpio,Pink,Travel,23/03/2023 20:00,25.69128463572396,78.24431234430313,71.53547483163413,0,4,16.0,5,878.8810017418631,Spring,Colombia,895.3383538418226,1
REC01966,Elena Garcia,3979574411.0,Scorpio,Gray,Hiking,23/03/2023 21:00,44.903281608350724,112.8259068950313,52.0891640754057,0,0,20.0,1,1873.063679866736,Winter,Colombia,1813.6734897118226,1
REC01967,Richard Perez,3797209040.0,Aries,Pink,Gardening,23/03/2023 22:00,26.46428951521657,79.63572112738983,59.923400519591624,0,3,23.0,6,905.4710946715758,Summer,Colombia,876.1235749050222,0
REC01968,Sofia Gonzalez,3300798997.0,Sagittarius,Yellow,Music,23/03/2023 23:00,13.21547521575593,55.787855388360676,65.98145646637221,0,0,19.0,6,,Summer,Colombia,939.0491780068677,1
REC01969,Michael Rodriguez,3317471221.0,Sagittarius,Blue,Photography,24/03/2023 00:00,,61.89786057887308,71.77777623465565,0,5,4.0,3,837.6215701683666,Spring,Colombia,837.2212940683344,0
REC01970,Michael Moore,3152550226.0,Taurus,Green,Gaming,24/03/2023 01:00,16.37268713292917,61.47083683927251,33.33478556444698,0,1,3.0,8,870.1866810813652,Summer,Colombia,855.113795448696,0
REC01971,William Lopez,3773924680.0,Taurus,Gray,Hiking,24/03/2023 02:00,5.63485461895988,42.14273831412778,,0,3,11.0,1,1186.7353138737722,Winter,Colombia,1171.062104389238,1
REC01972,Charles Garcia,3586302331.0,Scorpio,Red,Hiking,24/03/2023 03:00,17.359278466388503,63.2467012394993,56.49413913222412,0,5,19.0,1,883.6607634337998,Winter,Colombia,874.8140382342759,0
REC01973,Paula Hernandez,3332196574.0,Pisces,Green,Hiking,24/03/2023 04:00,25.86263265457396,78.55273877823313,70.61186566296571,0,0,23.0,6,924.1511228507638,Summer,Colombia,899.1079421114416,1
REC01974,Sofia Rodriguez,3375835216.0,Aquarius,Black,Gaming,24/03/2023 05:00,9.806143047385639,49.651057485294146,71.65397538532243,0,2,17.0,10,976.8108637027343,Fall,Colombia,979.2702426354217,1
REC01975,Charles Perez,3331592086.0,Virgo,Green,Hiking,24/03/2023 06:00,28.38786120840474,83.09815017512852,84.11872591678735,0,2,16.0,1,913.9702669076105,Winter,Colombia,921.3046202791312,1
REC01976,Elena Ramirez,3465298761.0,Gemini,Green,Dancing,24/03/2023 07:00,23.902198568674706,75.02395742361446,80.30180471431805,0,1,18.0,6,818.466586778084,Summer,Colombia,825.4038665365762,0
REC01977,Thomas Ramirez,3081535678.0,Pisces,Gray,Photography,24/03/2023 08:00,14.126133424231696,57.42704016361705,,0,3,8.0,1,926.2375100091448,Winter,Colombia,909.0700453697023,1
REC01978,Paula Brown,3524110109.0,Taurus,White,Photography,24/03/2023 09:00,18.86776290129722,65.96197322233499,81.65505478749358,0,3,3.0,6,735.0772724288063,,Colombia,727.7736516227534,0
REC01979,David Smith,3135874706.0,Leo,Green,Reading,24/03/2023 10:00,32.78657446112827,91.01583403003089,64.37068477223919,0,3,20.0,3,1119.5565668311585,Spring,Mexico,1113.7308935173535,1
REC01980,Ana Davis,3246438681.0,Scorpio,Green,Reading,24/03/2023 11:00,,78.56308851448446,60.4827763055526,0,5,1.0,8,863.1938310962482,Summer,Colombia,847.2891461111046,0
REC01981,William Perez,3061450201.0,Virgo,Pink,Dancing,24/03/2023 12:00,20.070269239185183,68.12648463053333,73.09225624767501,0,6,3.0,6,804.3719464847287,Summer,Colombia,845.3929946418058,0
REC01982,Carmen Thomas,3101212543.0,Pisces,Blue,Dancing,24/03/2023 13:00,18.098533464312126,64.57736023576183,70.98121427149533,0,6,1.0,11,784.7480465384147,Fall,Colombia,778.5466700609117,0
REC01983,Laura Johnson,3507504650.0,Gemini,Red,Hiking,24/03/2023 14:00,20.612872563613276,69.1031706145039,55.3640064489261,0,1,14.0,1,846.802065529619,Winter,Colombia,842.4306877521446,0
REC01984,Laura Ramirez,3551954707.0,Pisces,Gray,Music,24/03/2023 15:00,15.905891536461572,60.63060476563083,66.07235113212403,0,3,1.0,5,903.4068811245743,Spring,Colombia,870.0307194985602,0
REC01985,Robert Torres,3546775925.0,Pisces,Orange,Gardening,24/03/2023 16:00,3.162003954247883,37.691607117646186,59.473552998231085,0,5,3.0,8,1250.0308324809987,Summer,Colombia,1280.602592126272,1
REC01986,William Miller,3532661815.0,Sagittarius,Green,Dancing,24/03/2023 17:00,36.33742328427785,97.40736191170012,47.19100637309916,0,2,5.0,3,1204.3047373719585,Spring,Colombia,1173.1610047244233,1
REC01987,Charles Gonzalez,3371785388.0,Scorpio,Purple,Reading,24/03/2023 18:00,21.242599993595213,70.23667998847138,79.35691112064525,0,0,6.0,12,811.095513998104,Winter,Colombia,809.5873314196107,0
REC01988,Robert Sanchez,3761942979.0,Capricorn,Blue,Music,24/03/2023 19:00,23.185178120980297,73.73332061776453,,0,5,9.0,6,886.7745892141203,Summer,Colombia,876.9947986009194,0
REC01989,Richard Martinez,3194171182.0,Virgo,Orange,Gaming,24/03/2023 20:00,19.53673800098473,67.16612840177251,90.73062386548276,0,6,18.0,5,898.7864294966311,Spring,Colombia,865.2680537444435,0
REC01990,Isabel Ramirez,3571418827.0,Aries,Pink,Cooking,24/03/2023 21:00,14.119065594203295,57.41431806956593,35.617615947002506,0,6,18.0,6,902.5902832154118,Summer,Colombia,891.3750578553003,0
REC01991,Thomas Gonzalez,3151163224.0,Taurus,Orange,Gardening,24/03/2023 22:00,18.512604152409835,65.3226874743377,51.64831840734951,0,2,21.0,10,862.5812213253394,,Colombia,854.5738555360881,0
REC01992,James Davis,3652347127.0,Cancer,Orange,Dancing,24/03/2023 23:00,7.20484190244551,44.96871542440192,60.489582550363075,0,2,11.0,1,1024.831790483306,Winter,Colombia,1019.9859667672596,1
REC01993,Elena Ramirez,3184103737.0,Taurus,Orange,Photography,25/03/2023 00:00,38.21669198442643,100.79004557196758,77.06071646443371,0,0,2.0,7,1271.2570281912683,Summer,Colombia,1280.926590891156,1
REC01994,James Torres,3771560713.0,Gemini,Purple,Reading,25/03/2023 01:00,10.123904012620832,50.2230272227175,65.99204058903277,0,2,12.0,9,1013.6533547486002,,Colombia,1014.2231372388081,1
REC01995,Carmen Taylor,3806326293.0,Scorpio,Blue,Sports,25/03/2023 02:00,,53.139685512600614,64.65709131271127,0,1,17.0,2,956.2143606112651,,Colombia,970.52461593372,1
REC01996,William Rodriguez,3729422662.0,Sagittarius,Orange,Reading,25/03/2023 03:00,16.477926364908797,61.66026745683583,43.091043111687796,0,0,7.0,10,871.8265272725877,,Colombia,872.7178652610974,0
REC01997,Joseph Sanchez,3125143575.0,Virgo,Black,Dancing,25/03/2023 04:00,30.30460579881902,86.54829043787423,42.64587904155793,0,2,20.0,5,1010.4877527905314,Spring,Colombia,1057.2063667316334,1
REC01998,Joseph Anderson,3676570817.0,Cancer,White,Cooking,25/03/2023 05:00,20.116071994101233,68.20892958938222,,0,4,14.0,10,,Fall,Colombia,838.598544049433,0
REC01999,William Ramirez,3453456991.0,Aquarius,Yellow,Hiking,25/03/2023 06:00,10.1109136317563,50.19964453716134,39.538410092724625,0,5,0.0,4,996.2511484634267,Spring,Colombia,998.6858935390992,1
REC02000,Isabel Taylor,3671366100.0,Taurus,Red,Gardening,25/03/2023 07:00,30.034706886058714,86.06247239490568,52.021833745660075,0,2,2.0,6,915.7572689492378,Summer,Colombia,922.4813436825731,1
